sample_size,trial,point_estimate,ci_lower,ci_upper,ci_width,contains_full_sample_estimate,p_value,significant_at_05
25,0,-0.09333333333333371,-0.20000000000000018,0.0,0.20000000000000018,True,0.1635,False
25,1,-0.013333333333332753,-0.18666666666666654,0.18666666666666742,0.37333333333333396,True,0.9695,False
25,2,-0.06666666666666732,-0.17333333333333378,0.013333333333333641,0.18666666666666742,True,0.389,False
25,3,-0.13333333333333375,-0.3600000000000003,0.026666666666667282,0.3866666666666676,True,0.2955,False
25,4,-0.10666666666666735,-0.20000000000000018,-0.026666666666667282,0.1733333333333329,True,0.0625,False
25,5,0.05333333333333368,-0.10666666666666647,0.2400000000000002,0.3466666666666667,True,0.5375,False
25,6,-0.03999999999999915,-0.21333333333333382,0.1466666666666665,0.3600000000000003,True,0.7425,False
25,7,-0.03999999999999915,-0.2666666666666666,0.18666666666666654,0.45333333333333314,True,0.8005,False
25,8,-0.08000000000000007,-0.25333333333333297,0.05333333333333368,0.30666666666666664,True,0.5015,False
25,9,0.09333333333333371,0.026333333333333663,0.18666666666666742,0.16033333333333377,False,0.124,False
25,10,-0.08000000000000007,-0.18666666666666742,0.013333333333333641,0.20000000000000107,True,0.231,False
25,11,-0.06666666666666643,-0.24000000000000024,0.1466666666666674,0.3866666666666676,True,0.4715,False
25,12,-0.05333333333333279,-0.30666666666666664,0.1466666666666665,0.45333333333333314,True,0.743,False
25,13,-0.040000000000000036,-0.21333333333333293,0.120000000000001,0.3333333333333339,True,0.8035,False
25,14,-0.05333333333333279,-0.21333333333333293,0.09333333333333371,0.30666666666666664,True,0.603,False
25,15,-0.2666666666666666,-0.5333333333333332,-0.05333333333333279,0.4800000000000004,True,0.054,False
25,16,8.881784197001252e-16,-0.11999999999999922,0.120000000000001,0.2400000000000002,True,0.861,False
25,17,-0.09333333333333282,-0.1999999999999993,8.881784197001252e-16,0.20000000000000018,True,0.1465,False
25,18,-0.17333333333333378,-0.45333333333333314,0.03999999999999915,0.4933333333333323,True,0.223,False
25,19,-0.21333333333333382,-0.4400000000000004,-0.06666666666666643,0.37333333333333396,True,0.0305,True
25,20,8.881784197001252e-16,-0.08000000000000096,0.08000000000000096,0.16000000000000192,True,1.0,False
25,21,-0.06666666666666643,-0.20000000000000018,0.06666666666666732,0.2666666666666675,True,0.4815,False
25,22,-0.09333333333333371,-0.22700000000000017,0.02699999999999876,0.25399999999999895,True,0.261,False
25,23,0.013333333333333641,-0.1466666666666665,0.20000000000000018,0.3466666666666667,True,0.9395,False
25,24,-0.13333333333333375,-0.3733333333333331,0.026666666666667282,0.40000000000000036,True,0.3175,False
25,25,-0.03999999999999915,-0.1466666666666656,0.06666666666666732,0.21333333333333293,True,0.6415,False
25,26,0.0,-0.13333333333333286,0.12033333333333247,0.2536666666666653,True,1.0,False
25,27,-0.05333333333333368,-0.1466666666666674,0.040000000000000036,0.18666666666666742,True,0.4375,False
25,28,-0.18666666666666654,-0.4400000000000004,0.026666666666667282,0.4666666666666677,True,0.204,False
25,29,-0.040000000000000036,-0.1200000000000001,0.05333333333333368,0.17333333333333378,True,0.551,False
25,30,-0.22666666666666657,-0.4933333333333332,8.881784197001252e-16,0.49333333333333407,True,0.1165,False
25,31,-0.03999999999999915,-0.1200000000000001,0.05333333333333279,0.1733333333333329,True,0.573,False
25,32,0.0,-0.1466666666666674,0.18666666666666742,0.3333333333333348,True,1.0,False
25,33,-0.18666666666666654,-0.45333333333333314,0.08000000000000007,0.5333333333333332,True,0.244,False
25,34,-0.040000000000000036,-0.1733333333333329,0.08000000000000007,0.25333333333333297,True,0.68,False
25,35,-0.13333333333333375,-0.320333333333333,0.040000000000000036,0.36033333333333306,True,0.233,False
25,36,-0.05333333333333368,-0.16000000000000103,0.05333333333333279,0.21333333333333382,True,0.4945,False
25,37,0.026666666666667282,-0.09333333333333371,0.16000000000000014,0.25333333333333385,True,0.81,False
25,38,-0.03999999999999915,-0.2666666666666675,0.1200000000000001,0.3866666666666676,True,0.94,False
25,39,0.13333333333333375,8.881784197001252e-16,0.3200000000000003,0.3199999999999994,False,0.116,False
25,40,-0.30666666666666664,-0.5600000000000005,-0.09333333333333371,0.4666666666666668,False,0.019,True
25,41,0.013333333333333641,-0.17333333333333378,0.18666666666666654,0.3600000000000003,True,0.828,False
25,42,-0.10666666666666558,-0.3866666666666658,0.120000000000001,0.5066666666666668,True,0.4975,False
25,43,-0.05333333333333368,-0.22666666666666657,0.09333333333333371,0.3200000000000003,True,0.691,False
25,44,0.07999999999999918,-0.05333333333333368,0.25333333333333385,0.30666666666666753,False,0.5015,False
25,45,-0.13333333333333286,-0.3600000000000003,0.026666666666667282,0.3866666666666676,True,0.2825,False
25,46,-0.05333333333333368,-0.1466666666666665,0.013333333333333641,0.16000000000000014,True,0.3805,False
25,47,-0.20000000000000018,-0.42666666666666764,-0.040000000000000036,0.3866666666666676,True,0.049,True
25,48,-0.06666666666666643,-0.1466666666666665,0.0,0.1466666666666665,True,0.188,False
25,49,-0.026666666666666394,-0.2933333333333339,0.20000000000000018,0.49333333333333407,True,0.908,False
25,50,-0.10666666666666647,-0.20000000000000018,-0.026666666666666394,0.17333333333333378,True,0.056,False
25,51,-0.17333333333333378,-0.293333333333333,-0.06666666666666643,0.22666666666666657,True,0.0115,True
25,52,-0.09333333333333282,-0.3866666666666667,0.16000000000000014,0.5466666666666669,True,0.526,False
25,53,0.040000000000000036,-0.09333333333333371,0.17333333333333378,0.2666666666666675,True,0.731,False
25,54,-0.040000000000000036,-0.18666666666666654,0.1466666666666674,0.3333333333333339,True,0.758,False
25,55,-0.040000000000000036,-0.25333333333333385,0.18666666666666654,0.4400000000000004,True,0.783,False
25,56,0.040000000000000036,-0.1466666666666665,0.23999999999999935,0.3866666666666658,True,0.8015,False
25,57,-0.040000000000000036,-0.20000000000000018,0.08000000000000007,0.28000000000000025,True,0.8895,False
25,58,0.013333333333332753,-0.07999999999999918,0.09333333333333371,0.1733333333333329,True,1.0,False
25,59,0.013333333333333641,-0.1466666666666665,0.21333333333333382,0.3600000000000003,True,0.956,False
25,60,-0.17333333333333378,-0.3466666666666667,-0.040000000000000036,0.30666666666666664,True,0.029,True
25,61,-0.1466666666666674,-0.40000000000000036,0.1066666666666665,0.5066666666666668,True,0.3345,False
25,62,-0.09333333333333371,-0.22666666666666657,0.026666666666666394,0.25333333333333297,True,0.248,False
25,63,-0.06666666666666643,-0.20000000000000018,0.06666666666666732,0.2666666666666675,True,0.48,False
25,64,-0.040000000000000036,-0.173333333333332,0.09333333333333371,0.2666666666666657,True,0.694,False
25,65,-0.10666666666666647,-0.3200000000000003,0.10666666666666647,0.42666666666666675,True,0.45,False
25,66,-0.1466666666666674,-0.3866666666666658,0.040000000000000036,0.42666666666666586,True,0.26,False
25,67,-0.11999999999999922,-0.25333333333333297,0.000333333333332388,0.2536666666666654,True,0.1225,False
25,68,8.881784197001252e-16,-0.1466666666666665,0.20000000000000018,0.3466666666666667,True,1.0,False
25,69,-0.09333333333333371,-0.3200000000000003,0.08000000000000007,0.40000000000000036,True,0.6045,False
25,70,-0.026666666666666394,-0.18666666666666742,0.16000000000000014,0.34666666666666757,True,0.808,False
25,71,-0.06666666666666732,-0.1999999999999993,0.05333333333333368,0.25333333333333297,True,0.4225,False
25,72,-0.1200000000000001,-0.2933333333333339,0.0,0.2933333333333339,True,0.198,False
25,73,-0.1466666666666665,-0.3736666666666667,0.040000000000000036,0.41366666666666674,True,0.288,False
25,74,-0.09333333333333371,-0.2933333333333339,0.09333333333333371,0.3866666666666676,True,0.482,False
25,75,0.040000000000000036,-0.05333333333333368,0.18666666666666742,0.2400000000000011,False,1.0,False
25,76,-0.21333333333333382,-0.4666666666666668,-0.013000000000001254,0.45366666666666555,True,0.098,False
25,77,-0.1999999999999993,-0.45333333333333314,0.0,0.45333333333333314,True,0.1455,False
25,78,-0.06666666666666643,-0.3333333333333339,0.17333333333333378,0.5066666666666677,True,0.6835,False
25,79,-0.09333333333333371,-0.21333333333333293,0.0,0.21333333333333293,True,0.187,False
25,80,-0.25333333333333385,-0.5333333333333323,-0.040000000000000036,0.4933333333333323,True,0.0525,False
25,81,0.013333333333333641,-0.11999999999999925,0.1869999999999989,0.30699999999999816,True,0.9685,False
25,82,-0.06666666666666643,-0.3070000000000002,0.1733333333333329,0.4803333333333331,True,0.636,False
25,83,0.09333333333333371,-0.026666666666667282,0.2666666666666666,0.2933333333333339,False,0.244,False
25,84,-0.09333333333333371,-0.18666666666666742,-0.013333333333332753,0.17333333333333467,True,0.1325,False
25,85,-0.026666666666667282,-0.16000000000000103,0.10666666666666647,0.2666666666666675,True,0.828,False
25,86,-0.013333333333333641,-0.20000000000000018,0.13333333333333375,0.3333333333333339,True,1.0,False
25,87,-0.18666666666666654,-0.40000000000000036,-0.040000000000000036,0.3600000000000003,True,0.0615,False
25,88,-0.16000000000000014,-0.37333333333333396,-0.013333333333333641,0.3600000000000003,True,0.1245,False
25,89,-0.08000000000000007,-0.2666666666666666,0.08000000000000007,0.3466666666666667,True,0.5125,False
25,90,-0.026666666666665506,-0.16000000000000014,0.10666666666666647,0.2666666666666666,True,0.8615,False
25,91,-0.08000000000000007,-0.293333333333333,0.13333333333333375,0.42666666666666675,True,0.527,False
25,92,-0.22666666666666657,-0.4800000000000004,-0.026666666666667282,0.45333333333333314,True,0.0725,False
25,93,-0.10666666666666647,-0.28033333333333293,0.040000000000000924,0.32033333333333386,True,0.3315,False
25,94,-0.13333333333333375,-0.2666666666666666,-0.040000000000000036,0.22666666666666657,True,0.0705,False
25,95,-0.1466666666666665,-0.2400000000000002,-0.06666666666666643,0.17333333333333378,True,0.0105,True
25,96,-0.08000000000000007,-0.17333333333333378,0.026666666666666394,0.20000000000000018,True,0.2165,False
25,97,-0.040000000000000924,-0.2933333333333339,0.20000000000000018,0.49333333333333407,True,0.8345,False
25,98,-0.026666666666666394,-0.30666666666666664,0.22666666666666657,0.5333333333333332,True,0.9015,False
25,99,0.040000000000000036,-0.09333333333333282,0.21333333333333385,0.30666666666666664,True,0.6605,False
25,100,-0.09333333333333282,-0.30666666666666664,0.12033333333333247,0.4269999999999991,True,0.482,False
25,101,-0.10666666666666647,-0.3200000000000003,0.05333333333333279,0.3733333333333331,True,0.5085,False
25,102,-0.08000000000000007,-0.21333333333333293,0.040000000000000924,0.25333333333333385,True,0.37,False
25,103,0.08000000000000007,-0.07999999999999918,0.2666666666666666,0.3466666666666658,True,0.519,False
25,104,-0.013333333333332753,-0.1466666666666665,0.1200000000000001,0.2666666666666666,True,1.0,False
25,105,-0.08000000000000007,-0.2400000000000002,0.05333333333333368,0.2933333333333339,True,0.52,False
25,106,-0.17333333333333378,-0.40000000000000036,-0.026666666666666394,0.37333333333333396,True,0.075,False
25,107,-0.1200000000000001,-0.33366666666666667,0.026666666666667303,0.36033333333333395,True,0.3795,False
25,108,-0.13333333333333286,-0.293333333333333,2.2204460492381962e-17,0.293333333333333,True,0.1575,False
25,109,-0.13333333333333375,-0.37333333333333396,0.026666666666667282,0.40000000000000124,True,0.3085,False
25,110,-0.06666666666666732,-0.1466666666666665,-0.013333333333332753,0.13333333333333375,True,0.1215,False
25,111,-0.013333333333333641,-0.08000000000000007,0.06666666666666643,0.1466666666666665,True,1.0,False
25,112,-0.03999999999999915,-0.13333333333333286,0.05333333333333368,0.18666666666666654,True,0.629,False
25,113,-0.026666666666666394,-0.28000000000000025,0.20000000000000018,0.4800000000000004,True,0.8715,False
25,114,-0.03999999999999915,-0.16000000000000014,0.05333333333333368,0.21333333333333382,True,0.6565,False
25,115,0.08000000000000007,-0.040000000000000924,0.25333333333333297,0.2933333333333339,False,0.495,False
25,116,0.026666666666667282,-0.08000000000000007,0.18666666666666654,0.2666666666666666,True,1.0,False
25,117,-0.040000000000000036,-0.1470000000000001,0.07999999999999921,0.2269999999999993,True,0.6395,False
25,118,-0.10666666666666735,-0.20000000000000018,-0.026666666666666394,0.17333333333333378,True,0.0545,False
25,119,-0.026666666666667282,-0.13333333333333375,0.08000000000000096,0.2133333333333347,True,0.829,False
25,120,0.05333333333333279,-0.05333333333333279,0.21333333333333293,0.2666666666666657,False,0.865,False
25,121,-0.06666666666666643,-0.16000000000000014,0.026666666666667282,0.18666666666666742,True,0.3235,False
25,122,-0.22666666666666657,-0.480333333333334,-0.013333333333333641,0.46700000000000036,True,0.0905,False
25,123,-0.08000000000000007,-0.16000000000000014,0.013333333333333641,0.17333333333333378,True,0.1855,False
25,124,-0.25333333333333385,-0.46700000000000036,-0.08000000000000093,0.38699999999999946,False,0.0065,True
25,125,0.013333333333333641,-0.10666666666666647,0.13333333333333375,0.2400000000000002,True,1.0,False
25,126,-0.18666666666666742,-0.413333333333334,-0.026666666666667282,0.3866666666666667,True,0.057,False
25,127,-0.1466666666666665,-0.4133333333333331,0.05333333333333368,0.4666666666666668,True,0.345,False
25,128,-0.1200000000000001,-0.293333333333333,0.013333333333332753,0.30666666666666575,True,0.159,False
25,129,-0.040000000000000036,-0.20000000000000018,0.1466666666666665,0.3466666666666667,True,0.677,False
25,130,-0.16000000000000014,-0.3200000000000003,-0.040000000000000036,0.28000000000000025,True,0.031,True
25,131,-0.05333333333333368,-0.1733333333333329,0.06666666666666643,0.23999999999999932,True,0.538,False
25,132,0.013333333333333641,-0.20000000000000018,0.2400000000000002,0.4400000000000004,True,0.8585,False
25,133,-0.13333333333333375,-0.3600000000000003,0.013333333333332753,0.3733333333333331,True,0.265,False
25,134,-0.15999999999999925,-0.3466666666666667,-0.013333333333332753,0.3333333333333339,True,0.1045,False
25,135,-0.05333333333333368,-0.1466666666666665,0.040000000000000036,0.18666666666666654,True,0.4285,False
25,136,-0.08000000000000007,-0.15999999999999928,-0.026666666666666394,0.1333333333333329,True,0.0555,False
25,137,-0.17333333333333378,-0.40000000000000036,-0.013000000000001276,0.38699999999999907,True,0.1285,False
25,138,-0.08000000000000007,-0.1733333333333329,0.0,0.1733333333333329,True,0.168,False
25,139,-0.08000000000000007,-0.18666666666666654,0.0,0.18666666666666654,True,0.253,False
25,140,-0.1200000000000001,-0.3866666666666667,0.120000000000001,0.5066666666666677,True,0.47,False
25,141,-0.1733333333333329,-0.4399999999999995,0.040000000000000924,0.4800000000000004,True,0.2375,False
25,142,-0.09333333333333371,-0.20000000000000018,0.0,0.20000000000000018,True,0.161,False
25,143,-0.17333333333333378,-0.3200000000000003,-0.05333333333333368,0.2666666666666666,True,0.0305,True
25,144,0.06666666666666643,-0.09333333333333371,0.25333333333333385,0.34666666666666757,True,0.4985,False
25,145,-0.22666666666666657,-0.4666666666666668,-0.026666666666666394,0.4400000000000004,True,0.0705,False
25,146,-0.20000000000000018,-0.45333333333333403,-0.013000000000000388,0.44033333333333363,True,0.157,False
25,147,-0.10666666666666647,-0.3733333333333331,0.13333333333333375,0.5066666666666668,True,0.4725,False
25,148,-0.06666666666666554,-0.16000000000000014,0.040000000000000036,0.20000000000000018,True,0.3215,False
25,149,-0.20000000000000018,-0.4666666666666668,0.06666666666666643,0.5333333333333332,True,0.23,False
25,150,-0.05333333333333368,-0.3199999999999994,0.18666666666666654,0.5066666666666659,True,0.7575,False
25,151,0.013333333333333641,-0.2003333333333329,0.2400000000000002,0.44033333333333313,True,0.8505,False
25,152,-0.08000000000000007,-0.22666666666666657,0.06666666666666732,0.2933333333333339,True,0.4015,False
25,153,-0.08000000000000007,-0.20000000000000107,0.026999999999998782,0.22699999999999984,True,0.293,False
25,154,-0.040000000000000036,-0.15999999999999925,0.05333333333333368,0.21333333333333293,True,0.6635,False
25,155,-0.026666666666665506,-0.10666666666666647,0.06666666666666646,0.17333333333333292,True,0.7635,False
25,156,-0.13333333333333375,-0.2933333333333339,-0.026666666666666394,0.2666666666666675,True,0.067,False
25,157,0.0,-0.040000000000000036,0.040000000000000036,0.08000000000000007,False,1.0,False
25,158,-0.06666666666666643,-0.1466666666666665,0.013333333333333664,0.16000000000000017,True,0.248,False
25,159,-0.1200000000000001,-0.2803333333333338,0.013333333333333641,0.29366666666666746,True,0.229,False
25,160,-0.22666666666666568,-0.4666666666666659,-0.026666666666665506,0.4400000000000004,True,0.086,False
25,161,-0.013333333333332753,-0.1200000000000001,0.10666666666666735,0.22666666666666746,True,1.0,False
25,162,-0.13333333333333286,-0.40000000000000036,0.06666666666666732,0.4666666666666677,True,0.4325,False
25,163,-0.03999999999999915,-0.1200000000000001,0.05333333333333368,0.17333333333333378,True,0.5715,False
25,164,-0.13333333333333375,-0.22666666666666657,-0.05333333333333279,0.17333333333333378,True,0.0175,True
25,165,-0.16000000000000014,-0.2933333333333339,-0.05333333333333368,0.2400000000000002,True,0.0295,True
25,166,-0.05333333333333368,-0.14700000000000013,0.013333333333333641,0.16033333333333377,True,0.497,False
25,167,-0.08000000000000007,-0.21366666666666653,0.05333333333333368,0.26700000000000024,True,0.3555,False
25,168,0.013333333333333641,-0.11999999999999922,0.1466666666666674,0.2666666666666666,True,0.767,False
25,169,-0.040000000000000036,-0.1466666666666674,0.08000000000000007,0.22666666666666746,True,0.665,False
25,170,0.05333333333333368,-0.10666666666666647,0.2400000000000002,0.3466666666666667,True,0.5295,False
25,171,0.013333333333333641,-0.11999999999999922,0.13333333333333375,0.25333333333333297,True,0.718,False
25,172,-0.07999999999999918,-0.293333333333333,0.06666666666666732,0.3600000000000003,True,0.7565,False
25,173,-0.16000000000000103,-0.3333333333333339,-0.026666666666666394,0.30666666666666753,True,0.0755,False
25,174,-0.026666666666666394,-0.18666666666666654,0.1466666666666674,0.3333333333333339,True,0.804,False
25,175,-0.026666666666666394,-0.1466666666666665,0.09333333333333371,0.2400000000000002,True,0.803,False
25,176,-0.040000000000000036,-0.16000000000000014,0.06666666666666732,0.22666666666666746,True,0.697,False
25,177,-0.17333333333333378,-0.2933333333333339,-0.06666666666666643,0.22666666666666746,True,0.0155,True
25,178,-0.1466666666666665,-0.3333333333333339,0.026666666666666394,0.3600000000000003,True,0.1785,False
25,179,-0.08000000000000007,-0.1733333333333329,0.0,0.1733333333333329,True,0.1395,False
25,180,-0.06666666666666643,-0.16000000000000014,0.026666666666667282,0.18666666666666742,True,0.317,False
25,181,-0.026666666666666394,-0.13333333333333375,0.08000000000000007,0.21333333333333382,True,0.821,False
25,182,-0.1200000000000001,-0.42666666666666675,0.14666666666666564,0.5733333333333324,True,0.487,False
25,183,0.013333333333333641,-0.09366666666666643,0.13333333333333286,0.22699999999999929,True,1.0,False
25,184,-0.06666666666666643,-0.18666666666666742,0.06666666666666643,0.25333333333333385,True,0.4685,False
25,185,-0.1733333333333329,-0.3999999999999986,8.881784197001252e-16,0.39999999999999947,True,0.135,False
25,186,-0.10666666666666647,-0.30666666666666753,0.10666666666666735,0.4133333333333349,True,0.392,False
25,187,-0.013333333333333641,-0.1200000000000001,0.09333333333333371,0.21333333333333382,True,1.0,False
25,188,0.013333333333333641,-0.06666666666666732,0.10666666666666647,0.17333333333333378,False,1.0,False
25,189,-0.013333333333332753,-0.10666666666666647,0.09333333333333371,0.20000000000000018,True,1.0,False
25,190,-0.15999999999999925,-0.35999999999999943,0.013333333333333641,0.3733333333333331,True,0.1415,False
25,191,-0.040000000000000036,-0.25333333333333297,0.18666666666666654,0.4399999999999995,True,0.826,False
25,192,-0.10666666666666647,-0.34666666666666757,0.09333333333333371,0.4400000000000013,True,0.4445,False
25,193,-0.06666666666666732,-0.2666666666666657,0.0933333333333346,0.3600000000000003,True,0.598,False
25,194,0.026666666666667282,-0.1200000000000001,0.20000000000000018,0.3200000000000003,True,0.7325,False
25,195,-0.026666666666666394,-0.06666666666666643,0.0,0.06666666666666643,False,0.5085,False
25,196,-0.1733333333333329,-0.4133333333333331,0.013333333333333641,0.42666666666666675,True,0.233,False
25,197,-0.06666666666666643,-0.22666666666666657,0.06666666666666646,0.293333333333333,True,0.4875,False
25,198,-0.08000000000000096,-0.25333333333333297,0.10666666666666647,0.35999999999999943,True,0.3615,False
25,199,-0.1466666666666665,-0.25333333333333385,-0.040000000000000036,0.21333333333333382,True,0.025,True
25,200,-0.18666666666666565,-0.42666666666666675,2.2204460492381962e-17,0.42666666666666675,True,0.128,False
25,201,-0.20000000000000018,-0.4933333333333332,0.026666666666666394,0.5199999999999996,True,0.1785,False
25,202,-0.13333333333333286,-0.3736666666666667,0.05333333333333368,0.4270000000000004,True,0.35,False
25,203,0.0,-0.08000000000000007,0.08000000000000007,0.16000000000000014,True,1.0,False
25,204,-0.17333333333333378,-0.4400000000000004,0.08000000000000007,0.5200000000000005,True,0.2035,False
25,205,-0.1466666666666674,-0.3200000000000003,0.0,0.3200000000000003,True,0.123,False
25,206,0.05333333333333368,-0.05333333333333279,0.16000000000000103,0.21333333333333382,False,0.5025,False
25,207,-0.08000000000000096,-0.17333333333333378,-0.013333333333332753,0.16000000000000103,True,0.128,False
25,208,-0.1733333333333329,-0.413333333333334,0.0,0.413333333333334,True,0.132,False
25,209,-0.1200000000000001,-0.3466666666666667,0.040000000000000036,0.3866666666666667,True,0.3885,False
25,210,-0.1200000000000001,-0.35999999999999943,0.09333333333333282,0.45333333333333226,True,0.437,False
25,211,-0.08000000000000007,-0.33333333333333304,0.11999999999999922,0.45333333333333226,True,0.6285,False
25,212,-0.16000000000000014,-0.39999999999999947,0.013333333333333641,0.4133333333333331,True,0.206,False
25,213,-0.1999999999999993,-0.45333333333333226,0.013333333333333641,0.4666666666666659,True,0.1735,False
25,214,-0.13333333333333375,-0.28000000000000025,0.013333333333333641,0.2933333333333339,True,0.141,False
25,215,-0.20000000000000018,-0.4133333333333331,-0.040000000000000036,0.3733333333333331,True,0.0365,True
25,216,-0.040000000000000036,-0.18666666666666654,0.10666666666666735,0.2933333333333339,True,0.7335,False
25,217,0.026666666666667282,-0.040000000000000036,0.1200000000000001,0.16000000000000014,False,0.4935,False
25,218,-0.1466666666666665,-0.3733333333333331,0.040000000000000056,0.4133333333333331,True,0.2835,False
25,219,-0.09333333333333371,-0.18666666666666654,-0.013333333333333641,0.1733333333333329,True,0.0875,False
25,220,-0.20000000000000107,-0.42666666666666675,-0.013333333333332753,0.413333333333334,True,0.092,False
25,221,-0.1466666666666674,-0.3603333333333339,0.013333333333332753,0.37366666666666665,True,0.2485,False
25,222,-0.1200000000000001,-0.35999999999999943,0.06666666666666732,0.42666666666666675,True,0.4205,False
25,223,-0.20000000000000018,-0.37333333333333396,-0.06666666666666643,0.30666666666666753,True,0.0135,True
25,224,-0.013333333333333641,-0.22700000000000017,0.21333333333333293,0.44033333333333313,True,0.9875,False
25,225,0.0,-0.26700000000000024,0.25333333333333297,0.5203333333333332,True,0.9995,False
25,226,-0.040000000000000036,-0.13333333333333375,0.026666666666666394,0.16000000000000014,True,0.7575,False
25,227,0.0,-0.15999999999999925,0.18666666666666742,0.3466666666666667,True,1.0,False
25,228,-0.09333333333333371,-0.18666666666666654,-0.013333333333332753,0.17333333333333378,True,0.1315,False
25,229,-0.06666666666666643,-0.2666666666666675,0.1333333333333329,0.40000000000000036,True,0.5555,False
25,230,-0.08000000000000007,-0.20000000000000018,0.026666666666667282,0.22666666666666746,True,0.267,False
25,231,-0.1200000000000001,-0.293333333333333,0.026666666666666394,0.3199999999999994,True,0.2195,False
25,232,-0.09333333333333282,-0.2666666666666666,0.040000000000000924,0.30666666666666753,True,0.376,False
25,233,0.03999999999999915,-0.1466666666666674,0.25333333333333297,0.40000000000000036,True,0.828,False
25,234,0.05333333333333368,-0.06666666666666732,0.21333333333333382,0.28000000000000114,False,0.7415,False
25,235,-0.1200000000000001,-0.22666666666666657,-0.040000000000000036,0.18666666666666654,True,0.0325,True
25,236,-0.026666666666667282,-0.15999999999999925,0.09333333333333371,0.25333333333333297,True,0.863,False
25,237,-0.06666666666666643,-0.17333333333333378,0.026666666666667282,0.20000000000000107,True,0.3655,False
25,238,-0.10666666666666647,-0.30666666666666664,0.06666666666666643,0.3733333333333331,True,0.383,False
25,239,0.06666666666666732,-0.10666666666666647,0.25333333333333385,0.3600000000000003,True,0.6045,False
25,240,-0.10666666666666647,-0.22666666666666746,-0.013333333333332753,0.2133333333333347,True,0.12,False
25,241,-0.06666666666666732,-0.17333333333333378,0.026666666666667282,0.20000000000000107,True,0.3385,False
25,242,-0.06666666666666643,-0.25333333333333297,0.09333333333333371,0.3466666666666667,True,0.582,False
25,243,-0.13333333333333375,-0.2666666666666675,0.0,0.2666666666666675,True,0.11,False
25,244,-0.08000000000000007,-0.293333333333333,0.13333333333333286,0.42666666666666586,True,0.519,False
25,245,-0.1466666666666665,-0.3333333333333339,0.013333333333332753,0.3466666666666667,True,0.166,False
25,246,-0.10666666666666735,-0.2666666666666675,0.026666666666666394,0.2933333333333339,True,0.2905,False
25,247,-0.013333333333332753,-0.09333333333333371,0.06666666666666643,0.16000000000000014,True,1.0,False
25,248,-0.05333333333333368,-0.16000000000000014,0.040000000000000036,0.20000000000000018,True,0.452,False
25,249,-0.1466666666666665,-0.28000000000000025,-0.013333333333332753,0.2666666666666675,True,0.0945,False
25,250,0.09333333333333371,-0.026666666666667282,0.25333333333333385,0.28000000000000114,False,0.267,False
25,251,-0.10666666666666647,-0.37333333333333396,0.1466666666666674,0.5200000000000014,True,0.504,False
25,252,-0.06666666666666643,-0.20000000000000018,0.06666666666666643,0.2666666666666666,True,0.4665,False
25,253,0.013333333333333641,-0.08000000000000007,0.120000000000001,0.20000000000000107,True,0.6695,False
25,254,-0.08000000000000096,-0.2400000000000002,0.05333333333333368,0.2933333333333339,True,0.5,False
25,255,8.881784197001252e-16,-0.11999999999999922,0.16000000000000014,0.27999999999999936,True,1.0,False
25,256,-0.013333333333333641,-0.1200000000000001,0.09333333333333282,0.21333333333333293,True,0.9075,False
25,257,0.0,-0.08000000000000096,0.08000000000000007,0.16000000000000103,True,1.0,False
25,258,-0.10666666666666647,-0.22666666666666746,0.00033333333333236583,0.2269999999999998,True,0.167,False
25,259,-0.040000000000000036,-0.1733333333333329,0.10666666666666647,0.27999999999999936,True,0.696,False
25,260,-0.08000000000000096,-0.3200000000000003,0.10666666666666735,0.42666666666666764,True,0.642,False
25,261,-0.09333333333333371,-0.320333333333333,0.06666666666666643,0.38699999999999946,True,0.631,False
25,262,-0.026666666666666394,-0.16000000000000014,0.11999999999999925,0.27999999999999936,True,0.8545,False
25,263,-0.040000000000000924,-0.16000000000000014,0.07999999999999918,0.23999999999999932,True,0.68,False
25,264,-0.13333333333333286,-0.3200000000000003,0.05333333333333368,0.37333333333333396,True,0.236,False
25,265,-0.08000000000000096,-0.21333333333333207,0.040000000000000036,0.2533333333333321,True,0.324,False
25,266,-0.040000000000000036,-0.1200000000000001,0.05333333333333368,0.17333333333333378,True,0.555,False
25,267,-0.1733333333333329,-0.4133333333333331,8.881784197001252e-16,0.413333333333334,True,0.152,False
25,268,-0.11999999999999922,-0.3333333333333339,0.040000000000000036,0.37333333333333396,True,0.381,False
25,269,0.0,-0.09333333333333282,0.08000000000000007,0.1733333333333329,True,1.0,False
25,270,0.08000000000000007,-0.08000000000000007,0.2666666666666666,0.3466666666666667,True,0.3615,False
25,271,-0.05333333333333279,-0.1466666666666674,0.040000000000000924,0.1866666666666683,True,0.4415,False
25,272,-0.10666666666666647,-0.37333333333333396,0.1466666666666665,0.5200000000000005,True,0.509,False
25,273,-0.06666666666666732,-0.18666666666666654,0.0403333333333324,0.22699999999999892,True,0.3695,False
25,274,-0.040000000000000036,-0.1466666666666665,0.08000000000000007,0.22666666666666657,True,0.6575,False
25,275,-0.16000000000000014,-0.3866666666666676,8.881784197001252e-16,0.3866666666666685,True,0.195,False
25,276,-0.013333333333333641,-0.05333333333333368,0.026666666666667282,0.08000000000000096,False,1.0,False
25,277,-0.040000000000000036,-0.18666666666666742,0.13333333333333375,0.3200000000000012,True,0.7505,False
25,278,-0.21333333333333293,-0.47999999999999954,0.013333333333332753,0.4933333333333323,True,0.143,False
25,279,-0.06666666666666643,-0.1733333333333329,0.013333333333332753,0.18666666666666565,True,0.3055,False
25,280,-0.03999999999999915,-0.13333333333333286,0.05333333333333368,0.18666666666666654,True,0.5895,False
25,281,0.05333333333333368,-0.05333333333333368,0.16000000000000014,0.21333333333333382,False,0.483,False
25,282,-0.040000000000000924,-0.1200000000000001,0.026666666666666394,0.1466666666666665,True,0.5025,False
25,283,-0.08000000000000007,-0.3466666666666649,0.16000000000000014,0.506666666666665,True,0.5705,False
25,284,-0.10666666666666647,-0.30666666666666664,0.05333333333333368,0.3600000000000003,True,0.345,False
25,285,-0.08000000000000096,-0.3333333333333339,0.16000000000000014,0.49333333333333407,True,0.61,False
25,286,0.040000000000000036,-0.13333333333333286,0.22666666666666746,0.3600000000000003,True,0.756,False
25,287,-0.06666666666666643,-0.2666666666666666,0.13333333333333375,0.40000000000000036,True,0.652,False
25,288,-0.10666666666666735,-0.22666666666666657,-0.013333333333333641,0.21333333333333293,True,0.128,False
25,289,-0.16000000000000014,-0.37333333333333396,-0.013333333333333641,0.3600000000000003,True,0.097,False
25,290,-0.10666666666666647,-0.2400000000000002,0.0,0.2400000000000002,True,0.243,False
25,291,-0.16000000000000014,-0.4133333333333331,0.026666666666666394,0.4399999999999995,True,0.1425,False
25,292,-0.03999999999999915,-0.13333333333333375,0.05333333333333279,0.18666666666666654,True,0.603,False
25,293,-0.040000000000000036,-0.1999999999999993,0.14666666666666653,0.3466666666666658,True,0.782,False
25,294,-0.1466666666666656,-0.37333333333333396,0.01333333333333453,0.3866666666666685,True,0.2335,False
25,295,-0.11999999999999922,-0.293333333333333,0.013333333333333641,0.30666666666666664,True,0.214,False
25,296,-0.2666666666666675,-0.5066666666666677,-0.06666666666666729,0.4400000000000004,True,0.0135,True
25,297,0.05333333333333368,-0.040000000000000036,0.16000000000000103,0.20000000000000107,False,0.2895,False
25,298,-0.1466666666666674,-0.3200000000000003,0.0,0.3200000000000003,True,0.1195,False
25,299,-0.08000000000000007,-0.2666666666666666,0.08000000000000007,0.3466666666666667,True,0.5285,False
25,300,0.013333333333332753,-0.13333333333333197,0.18666666666666654,0.3199999999999985,True,0.8415,False
25,301,-0.21333333333333382,-0.47999999999999954,0.0,0.47999999999999954,True,0.1445,False
25,302,-0.05333333333333368,-0.20000000000000018,0.13333333333333375,0.3333333333333339,True,0.5385,False
25,303,-0.040000000000000036,-0.16033333333333374,0.08000000000000096,0.2403333333333347,True,0.696,False
25,304,-0.06666666666666643,-0.2400000000000002,0.08000000000000007,0.3200000000000003,True,0.583,False
25,305,0.09333333333333282,-0.05333333333333281,0.2666666666666675,0.3200000000000003,False,0.3715,False
25,306,-0.013333333333332753,-0.18666666666666565,0.18666666666666742,0.3733333333333331,True,0.9965,False
25,307,-0.08000000000000007,-0.30666666666666664,0.13366666666666524,0.4403333333333319,True,0.538,False
25,308,-0.10666666666666647,-0.33333333333333304,0.06666666666666732,0.40000000000000036,True,0.5185,False
25,309,-0.040000000000000036,-0.18666666666666565,0.0933333333333346,0.28000000000000025,True,0.729,False
25,310,-0.08000000000000007,-0.3466666666666667,0.16000000000000103,0.5066666666666677,True,0.6365,False
25,311,-0.15999999999999925,-0.39999999999999947,0.040000000000000036,0.4399999999999995,True,0.1995,False
25,312,-0.21333333333333382,-0.4399999999999995,-0.05333333333333279,0.3866666666666667,True,0.028,True
25,313,-0.06666666666666732,-0.1466666666666674,0.0,0.1466666666666674,True,0.233,False
25,314,-0.13333333333333286,-0.4133333333333331,0.12000000000000013,0.5333333333333332,True,0.371,False
25,315,-0.07999999999999918,-0.33333333333333304,0.10666666666666735,0.4400000000000004,True,0.647,False
25,316,-0.09333333333333371,-0.20000000000000018,-0.013333333333332753,0.18666666666666742,True,0.125,False
25,317,-0.06666666666666643,-0.2933333333333339,0.09366666666666608,0.38699999999999996,True,0.8115,False
25,318,-0.11999999999999922,-0.3466666666666658,0.040000000000000036,0.3866666666666658,True,0.3615,False
25,319,-0.22666666666666657,-0.4666666666666659,-0.03999999999999915,0.42666666666666675,True,0.045,True
25,320,-0.06666666666666643,-0.25333333333333297,0.06666666666666735,0.3200000000000003,True,0.5785,False
25,321,-0.06666666666666732,-0.15999999999999925,0.013333333333332753,0.173333333333332,True,0.2475,False
25,322,-0.08000000000000007,-0.2400000000000002,0.040000000000000036,0.28000000000000025,True,0.4355,False
25,323,-0.11999999999999922,-0.3866666666666667,0.05333333333333368,0.4400000000000004,True,0.384,False
25,324,-0.13333333333333286,-0.3866666666666667,0.05333333333333279,0.4399999999999995,True,0.3305,False
25,325,-0.026666666666666394,-0.11999999999999922,0.06666666666666732,0.18666666666666654,True,0.7895,False
25,326,-0.06666666666666643,-0.17333333333333378,0.013333333333333641,0.18666666666666742,True,0.3645,False
25,327,-0.10666666666666735,-0.35999999999999943,0.1200000000000001,0.47999999999999954,True,0.419,False
25,328,-0.08000000000000007,-0.1733333333333329,0.013333333333333641,0.18666666666666654,True,0.1855,False
25,329,-0.06666666666666643,-0.3199999999999994,0.10666666666666647,0.42666666666666586,True,0.777,False
25,330,-0.08000000000000007,-0.28000000000000025,0.12033333333333247,0.4003333333333327,True,0.527,False
25,331,-0.05333333333333368,-0.23999999999999932,0.10666666666666735,0.3466666666666667,True,0.719,False
25,332,-0.09333333333333282,-0.21333333333333382,0.0,0.21333333333333382,True,0.147,False
25,333,-0.10666666666666647,-0.2266666666666666,8.881784197001252e-16,0.2266666666666675,True,0.145,False
25,334,0.026666666666667282,-0.1999999999999993,0.25333333333333385,0.45333333333333314,True,0.787,False
25,335,0.01333333333333453,-0.06666666666666643,0.10666666666666735,0.17333333333333378,False,0.6335,False
25,336,-0.05333333333333279,-0.2400000000000002,0.17333333333333292,0.4133333333333331,True,0.7055,False
25,337,-0.026666666666666394,-0.13333333333333375,0.08000000000000007,0.21333333333333382,True,0.8295,False
25,338,-0.16000000000000014,-0.3466666666666667,-0.026666666666666394,0.3200000000000003,True,0.081,False
25,339,-0.040000000000000036,-0.2933333333333339,0.18666666666666654,0.4800000000000004,True,0.8105,False
25,340,-0.293333333333333,-0.5336666666666668,-0.08000000000000007,0.4536666666666668,False,0.015,True
25,341,-0.06666666666666732,-0.2400000000000002,0.13333333333333375,0.37333333333333396,True,0.4085,False
25,342,0.05333333333333279,-0.08000000000000007,0.21333333333333382,0.2933333333333339,True,0.6975,False
25,343,-0.13333333333333286,-0.3600000000000003,0.026666666666666394,0.3866666666666667,True,0.2885,False
25,344,8.881784197001252e-16,-0.21333333333333293,0.20000000000000107,0.413333333333334,True,0.992,False
25,345,-0.06666666666666643,-0.16033333333333374,0.026666666666667282,0.18700000000000103,True,0.3185,False
25,346,-0.18666666666666742,-0.40000000000000036,-0.026666666666667282,0.3733333333333331,True,0.057,False
25,347,0.026666666666667282,-0.13333333333333375,0.22666666666666568,0.35999999999999943,True,0.91,False
25,348,-0.17333333333333378,-0.4666666666666677,0.10666666666666647,0.5733333333333341,True,0.265,False
25,349,-0.05333333333333279,-0.24033333333333295,0.120000000000001,0.36033333333333395,True,0.712,False
25,350,-0.15999999999999925,-0.40000000000000036,0.040000000000000036,0.4400000000000004,True,0.2345,False
25,351,0.040000000000000036,-0.1200000000000001,0.22666666666666746,0.34666666666666757,True,0.811,False
25,352,0.013333333333333641,-0.13333333333333375,0.18666666666666656,0.3200000000000003,True,0.9715,False
25,353,-0.1200000000000001,-0.2933333333333339,0.040000000000000036,0.3333333333333339,True,0.254,False
25,354,-0.05333333333333279,-0.2933333333333339,0.17333333333333378,0.4666666666666677,True,0.7095,False
25,355,-0.06666666666666643,-0.25333333333333297,0.06666666666666732,0.3200000000000003,True,0.5805,False
25,356,0.01333333333333453,-0.03999999999999917,0.08000000000000007,0.11999999999999925,False,1.0,False
25,357,-0.05333333333333279,-0.13333333333333375,0.026666666666667282,0.16000000000000103,True,0.3975,False
25,358,-0.13333333333333286,-0.37333333333333396,0.06666666666666732,0.4400000000000013,True,0.3485,False
25,359,-0.120000000000001,-0.21333333333333382,-0.040000000000000036,0.17333333333333378,True,0.0365,True
25,360,-0.06666666666666643,-0.18666666666666654,0.05333333333333368,0.2400000000000002,True,0.3985,False
25,361,-0.03999999999999915,-0.27999999999999936,0.13333333333333375,0.4133333333333331,True,0.8965,False
25,362,0.0,-0.1466666666666665,0.1466666666666674,0.2933333333333339,True,1.0,False
25,363,-0.05333333333333368,-0.16000000000000014,0.05333333333333368,0.21333333333333382,True,0.479,False
25,364,-0.1466666666666674,-0.35999999999999943,0.0,0.35999999999999943,True,0.1585,False
25,365,0.05333333333333368,-0.013333333333333641,0.1466666666666665,0.16000000000000014,False,0.3715,False
25,366,-0.17333333333333378,-0.3866666666666667,0.013333333333333641,0.40000000000000036,True,0.126,False
25,367,-0.040000000000000036,-0.1466666666666665,0.08000000000000007,0.22666666666666657,True,0.637,False
25,368,-0.17333333333333378,-0.40000000000000036,-0.013333333333333641,0.3866666666666667,True,0.129,False
25,369,-0.16000000000000014,-0.3333333333333339,-0.040000000000000036,0.2933333333333339,True,0.0455,True
25,370,-0.13333333333333286,-0.3200000000000003,0.013333333333333641,0.3333333333333339,True,0.253,False
25,371,-0.10666666666666647,-0.30666666666666664,0.06666666666666732,0.37333333333333396,True,0.3575,False
25,372,-0.1200000000000001,-0.22666666666666746,-0.026333333333334916,0.20033333333333253,True,0.07,False
25,373,-0.1466666666666665,-0.4133333333333322,0.06666666666666646,0.47999999999999865,True,0.351,False
25,374,-0.08000000000000007,-0.28000000000000025,0.1200000000000001,0.40000000000000036,True,0.525,False
25,375,-0.05333333333333279,-0.16000000000000014,0.040000000000000924,0.20000000000000107,True,0.5015,False
25,376,-0.05333333333333279,-0.28000000000000025,0.10666666666666735,0.3866666666666676,True,0.872,False
25,377,-0.026666666666666394,-0.10666666666666647,0.05333333333333368,0.16000000000000014,True,0.7175,False
25,378,-0.06666666666666732,-0.20000000000000018,0.05333333333333279,0.25333333333333297,True,0.4225,False
25,379,-0.05333333333333368,-0.16000000000000014,0.05333333333333368,0.21333333333333382,True,0.49,False
25,380,-0.13333333333333375,-0.30666666666666753,0.013666666666666006,0.3203333333333335,True,0.2155,False
25,381,-0.013333333333333641,-0.16000000000000014,0.120000000000001,0.28000000000000114,True,1.0,False
25,382,0.06666666666666732,-0.09333333333333371,0.2536666666666662,0.3469999999999999,True,0.4375,False
25,383,0.013333333333332753,-0.08000000000000007,0.1200000000000001,0.20000000000000018,True,0.91,False
25,384,0.08000000000000007,-0.05333333333333368,0.25333333333333385,0.30666666666666753,False,0.3385,False
25,385,-0.20000000000000018,-0.42666666666666675,-0.040000000000000036,0.3866666666666667,True,0.0635,False
25,386,-0.09333333333333194,-0.21333333333333293,0.013333333333333641,0.22666666666666657,True,0.2055,False
25,387,-0.09333333333333371,-0.2400000000000002,0.040000000000000036,0.28000000000000025,True,0.267,False
25,388,-0.05333333333333279,-0.20000000000000018,0.09333333333333371,0.2933333333333339,True,0.6285,False
25,389,-0.026666666666666394,-0.18666666666666654,0.1466666666666665,0.33333333333333304,True,0.844,False
25,390,-0.10666666666666647,-0.24033333333333295,0.02666666666666817,0.2670000000000011,True,0.2205,False
25,391,-0.17333333333333378,-0.413333333333334,0.026666666666666394,0.4400000000000004,True,0.185,False
25,392,-0.05333333333333368,-0.17333333333333378,0.05333333333333368,0.22666666666666746,True,0.5375,False
25,393,-0.20000000000000018,-0.42666666666666675,-0.026666666666667282,0.39999999999999947,True,0.0475,True
25,394,-0.026666666666666394,-0.22666666666666657,0.17366666666666528,0.4003333333333319,True,0.888,False
25,395,-0.21333333333333382,-0.4666666666666668,0.0,0.4666666666666668,True,0.134,False
25,396,-0.10666666666666647,-0.2666666666666666,0.0,0.2666666666666666,True,0.243,False
25,397,-0.11999999999999922,-0.293333333333333,0.01333333333333453,0.30666666666666753,True,0.213,False
25,398,-0.22666666666666657,-0.45333333333333403,-0.026666666666666394,0.42666666666666764,True,0.072,False
25,399,-0.16000000000000014,-0.3466666666666667,0.0,0.3466666666666667,True,0.1025,False
25,400,0.0,-0.08033333333333367,0.08000000000000096,0.16033333333333463,True,1.0,False
25,401,0.013333333333332753,-0.05333333333333279,0.09333333333333285,0.14666666666666564,False,0.883,False
25,402,-0.22666666666666657,-0.4800000000000004,-0.013333333333333641,0.4666666666666668,True,0.1025,False
25,403,-0.16000000000000014,-0.30666666666666664,-0.026666666666666394,0.28000000000000025,True,0.0445,True
25,404,-0.16000000000000103,-0.33333333333333304,-0.040000000000000036,0.293333333333333,True,0.064,False
25,405,-0.13333333333333286,-0.37333333333333396,0.06666666666666643,0.4400000000000004,True,0.359,False
25,406,-0.11999999999999922,-0.25333333333333385,8.881784197001252e-16,0.25333333333333474,True,0.119,False
25,407,-0.09333333333333282,-0.25333333333333385,0.06666666666666643,0.3200000000000003,True,0.3,False
25,408,-0.05333333333333368,-0.16000000000000014,0.040000000000000924,0.20000000000000107,True,0.4665,False
25,409,-0.16000000000000014,-0.40000000000000036,0.053666666666665176,0.45366666666666555,True,0.2925,False
25,410,-0.08000000000000007,-0.34666666666666757,0.1733333333333329,0.5200000000000005,True,0.6055,False
25,411,-0.18666666666666742,-0.3600000000000003,-0.05333333333333279,0.30666666666666753,True,0.0235,True
25,412,-0.1466666666666665,-0.2666666666666666,-0.05333333333333279,0.21333333333333382,True,0.0215,True
25,413,-0.18666666666666565,-0.42699999999999944,0.0,0.42699999999999944,True,0.1275,False
25,414,-0.1200000000000001,-0.35999999999999943,0.05333333333333368,0.4133333333333331,True,0.4225,False
25,415,-0.09333333333333282,-0.2266666666666657,0.026666666666667282,0.25333333333333297,True,0.225,False
25,416,0.026666666666666394,-0.10666666666666738,0.20000000000000018,0.30666666666666753,True,0.78,False
25,417,-0.20000000000000018,-0.40033333333333393,-0.03966666666666767,0.36066666666666625,True,0.0705,False
25,418,-0.16000000000000103,-0.37333333333333396,0.05333333333333368,0.42666666666666764,True,0.167,False
25,419,-0.09333333333333282,-0.18666666666666654,-0.026666666666666394,0.16000000000000014,True,0.061,False
25,420,-0.05333333333333279,-0.17333333333333378,0.05333333333333368,0.22666666666666746,True,0.5385,False
25,421,-0.05333333333333279,-0.18666666666666654,0.06666666666666732,0.25333333333333385,True,0.5505,False
25,422,-0.15999999999999925,-0.3733333333333331,0.013333333333333641,0.3866666666666667,True,0.1925,False
25,423,-0.06666666666666643,-0.2400000000000002,0.08000000000000096,0.3200000000000012,True,0.615,False
25,424,-0.026666666666666394,-0.16033333333333286,0.1200000000000001,0.280333333333333,True,0.86,False
25,425,-0.22666666666666746,-0.45333333333333403,-0.0400000000000009,0.4133333333333331,True,0.046,True
25,426,-0.013333333333333641,-0.09333333333333371,0.06666666666666643,0.16000000000000014,True,1.0,False
25,427,-0.08000000000000007,-0.28000000000000025,0.13333333333333375,0.413333333333334,True,0.5345,False
25,428,0.013333333333333641,-0.14699999999999924,0.20033333333333253,0.3473333333333318,True,0.7945,False
25,429,-0.173333333333332,-0.413333333333334,0.040000000000000924,0.4533333333333349,True,0.241,False
25,430,-0.16000000000000014,-0.45333333333333314,0.11999999999999925,0.5733333333333324,True,0.3375,False
25,431,-0.06666666666666643,-0.22666666666666657,0.05333333333333368,0.28000000000000025,True,0.621,False
25,432,-0.1466666666666665,-0.42666666666666586,0.053666666666665176,0.48033333333333106,True,0.351,False
25,433,-0.18666666666666654,-0.3866666666666676,-0.040000000000000036,0.34666666666666757,True,0.046,True
25,434,-0.13333333333333197,-0.27999999999999936,0.0,0.27999999999999936,True,0.11,False
25,435,-0.08000000000000007,-0.3200000000000003,0.10666666666666647,0.42666666666666675,True,0.623,False
25,436,-0.10666666666666647,-0.28000000000000025,0.05333333333333279,0.33333333333333304,True,0.263,False
25,437,-0.08000000000000007,-0.3199999999999994,0.08000000000000007,0.39999999999999947,True,0.7235,False
25,438,-0.09333333333333371,-0.21333333333333293,0.013333333333333641,0.22666666666666657,True,0.175,False
25,439,-0.10666666666666647,-0.33333333333333304,0.040000000000000924,0.37333333333333396,True,0.4805,False
25,440,0.026666666666667282,-0.040000000000000036,0.120000000000001,0.16000000000000103,False,0.511,False
25,441,0.06666666666666732,-0.06666666666666643,0.25333333333333385,0.3200000000000003,False,0.5185,False
25,442,-0.040000000000000036,-0.1466666666666665,0.07999999999999921,0.2266666666666657,True,0.652,False
25,443,-0.09333333333333371,-0.22700000000000017,0.040000000000000036,0.26700000000000024,True,0.239,False
25,444,0.040000000000000924,-0.09333333333333282,0.20033333333333253,0.29366666666666535,True,0.748,False
25,445,-0.026666666666666394,-0.18666666666666654,0.15999999999999928,0.3466666666666658,True,0.8445,False
25,446,-0.20000000000000018,-0.4399999999999986,-0.013333333333333641,0.426666666666665,True,0.099,False
25,447,0.06666666666666732,-0.040000000000000036,0.22666666666666746,0.2666666666666675,False,0.501,False
25,448,-0.10666666666666647,-0.2933333333333339,0.05333333333333368,0.34666666666666757,True,0.331,False
25,449,-0.09333333333333371,-0.20000000000000018,0.013333333333333641,0.21333333333333382,True,0.145,False
25,450,-0.09333333333333371,-0.18666666666666654,-0.013333333333332753,0.17333333333333378,True,0.103,False
25,451,-0.1733333333333329,-0.4133333333333322,8.881784197001252e-16,0.4133333333333331,True,0.1505,False
25,452,-0.13333333333333375,-0.2666666666666675,0.0,0.2666666666666675,True,0.103,False
25,453,-0.040000000000000036,-0.10666666666666647,0.0,0.10666666666666647,True,0.5135,False
25,454,0.0,-0.21333333333333293,0.22699999999999892,0.44033333333333186,True,0.9955,False
25,455,-0.06666666666666643,-0.3200000000000003,0.16000000000000014,0.4800000000000004,True,0.658,False
25,456,-0.026666666666666394,-0.13333333333333286,0.08000000000000007,0.21333333333333293,True,0.809,False
25,457,0.026666666666666394,-0.09333333333333282,0.20000000000000018,0.293333333333333,True,0.9665,False
25,458,-0.1466666666666674,-0.30666666666666664,0.0,0.30666666666666664,True,0.0835,False
25,459,0.0,-0.11999999999999922,0.10666666666666647,0.22666666666666568,True,1.0,False
25,460,-0.15999999999999925,-0.44033333333333313,0.10666666666666647,0.5469999999999996,True,0.323,False
25,461,-0.18666666666666654,-0.413333333333334,-0.013333333333332753,0.40000000000000124,True,0.1515,False
25,462,0.013333333333332753,-0.08033333333333365,0.10666666666666735,0.187000000000001,True,0.9035,False
25,463,0.05333333333333368,-0.026666666666666394,0.1466666666666674,0.17333333333333378,False,0.246,False
25,464,-0.1466666666666665,-0.37333333333333396,0.0,0.37333333333333396,True,0.1715,False
25,465,-0.1466666666666665,-0.2666666666666666,-0.040000000000000036,0.22666666666666657,True,0.0275,True
25,466,-0.10666666666666735,-0.3336666666666666,0.05333333333333368,0.3870000000000003,True,0.4825,False
25,467,-0.09333333333333282,-0.25333333333333297,0.040000000000000036,0.293333333333333,True,0.389,False
25,468,-0.06666666666666643,-0.18666666666666654,0.05333333333333368,0.2400000000000002,True,0.425,False
25,469,-0.06666666666666732,-0.18666666666666654,0.05333333333333279,0.23999999999999932,True,0.379,False
25,470,-0.013333333333332753,-0.1200000000000001,0.09333333333333371,0.21333333333333382,True,1.0,False
25,471,0.06666666666666732,-0.05333333333333368,0.2400000000000002,0.2933333333333339,False,0.6215,False
25,472,-0.18666666666666742,-0.413333333333334,-0.040000000000000036,0.37333333333333396,True,0.0395,True
25,473,-0.1466666666666674,-0.34666666666666757,0.0,0.34666666666666757,True,0.151,False
25,474,-0.13333333333333286,-0.33333333333333304,0.026666666666666394,0.35999999999999943,True,0.2185,False
25,475,-0.07999999999999918,-0.3333333333333339,0.13333333333333375,0.4666666666666677,True,0.5535,False
25,476,0.013333333333333641,-0.17333333333333378,0.21333333333333382,0.3866666666666676,True,1.0,False
25,477,0.08000000000000007,-0.013333333333333641,0.18666666666666654,0.20000000000000018,False,0.1575,False
25,478,-0.22666666666666746,-0.4666666666666677,-0.040000000000000036,0.42666666666666764,True,0.029,True
25,479,-0.16000000000000103,-0.4400000000000004,0.09366666666666522,0.5336666666666656,True,0.31,False
25,480,-0.10666666666666735,-0.34666666666666757,0.1200000000000001,0.4666666666666677,True,0.4265,False
25,481,-0.09333333333333371,-0.28000000000000025,0.05333333333333368,0.3333333333333339,True,0.4055,False
25,482,-0.20000000000000018,-0.47999999999999954,0.05333333333333368,0.5333333333333332,True,0.1975,False
25,483,-0.013333333333332753,-0.1200000000000001,0.09333333333333371,0.21333333333333382,True,1.0,False
25,484,0.0,-0.16000000000000014,0.18666666666666654,0.3466666666666667,True,1.0,False
25,485,-0.08000000000000007,-0.2666666666666675,0.08033333333333244,0.3469999999999999,True,0.4945,False
25,486,-0.15999999999999925,-0.3866666666666667,0.013333333333333641,0.40000000000000036,True,0.176,False
25,487,-0.05333333333333368,-0.13333333333333375,0.013333333333332753,0.1466666666666665,True,0.3005,False
25,488,-0.13333333333333375,-0.35999999999999943,0.05333333333333368,0.4133333333333331,True,0.3545,False
25,489,-0.1466666666666665,-0.3600000000000003,0.013333333333333641,0.37333333333333396,True,0.202,False
25,490,-0.013333333333333641,-0.21333333333333382,0.18666666666666654,0.40000000000000036,True,1.0,False
25,491,0.06666666666666643,-0.10666666666666647,0.2666666666666666,0.3733333333333331,True,0.5325,False
25,492,-0.1200000000000001,-0.2933333333333339,0.026666666666666394,0.3200000000000003,True,0.24,False
25,493,-0.09333333333333371,-0.2400000000000002,0.013333333333333664,0.25333333333333385,True,0.2595,False
25,494,-0.026666666666666394,-0.2400000000000002,0.19999999999999932,0.4399999999999995,True,0.881,False
25,495,-0.05333333333333368,-0.18666666666666568,0.06666666666666732,0.25333333333333297,True,0.569,False
25,496,-0.2400000000000002,-0.4800000000000004,-0.05333333333333279,0.42666666666666764,True,0.011,True
25,497,-0.026666666666666394,-0.1466666666666665,0.08000000000000007,0.22666666666666657,True,0.8855,False
25,498,0.05333333333333279,-0.10666666666666735,0.2400000000000002,0.34666666666666757,True,0.6875,False
25,499,-0.09333333333333371,-0.293333333333333,0.06666666666666732,0.3600000000000003,True,0.4385,False
50,0,-0.1200000000000001,-0.27333333333333343,0.020000000000000462,0.2933333333333339,True,0.1345,False
50,1,-0.04666666666666597,-0.16016666666666649,0.07333333333333414,0.23350000000000062,True,0.5315,False
50,2,-0.11333333333333329,-0.24666666666666703,8.881784197001252e-16,0.24666666666666792,True,0.1085,False
50,3,-0.09999999999999876,-0.24666666666666615,0.026666666666667282,0.27333333333333343,True,0.211,False
50,4,-0.15333333333333332,-0.293333333333333,-0.026666666666667282,0.2666666666666657,True,0.0175,True
50,5,-0.0600000000000005,-0.21999999999999975,0.08000000000000007,0.2999999999999998,True,0.495,False
50,6,-0.06666666666666732,-0.22666666666666657,0.08000000000000007,0.30666666666666664,True,0.455,False
50,7,-0.09333333333333282,-0.20000000000000107,0.006666666666667709,0.20666666666666877,True,0.1225,False
50,8,-0.086666666666666,-0.21333333333333293,0.019999999999999574,0.2333333333333325,True,0.204,False
50,9,-0.06666666666666732,-0.1466666666666674,0.013333333333333641,0.16000000000000103,True,0.1785,False
50,10,-0.020000000000000462,-0.11999999999999922,0.09333333333333371,0.21333333333333293,True,0.799,False
50,11,-0.12666666666666693,-0.2333333333333334,-0.026666666666666394,0.206666666666667,True,0.02,True
50,12,-0.16666666666666607,-0.30666666666666664,-0.04666666666666597,0.2600000000000007,True,0.015,True
50,13,-0.040000000000000036,-0.14666666666666653,0.08000000000000007,0.2266666666666666,True,0.571,False
50,14,-0.07999999999999918,-0.1800000000000006,0.013333333333333641,0.19333333333333425,True,0.169,False
50,15,0.0,-0.10666666666666647,0.11999999999999925,0.2266666666666657,True,0.921,False
50,16,-0.06666666666666643,-0.17333333333333378,0.033333333333333215,0.206666666666667,True,0.275,False
50,17,-0.12666666666666693,-0.25333333333333385,-0.033333333333333215,0.22000000000000064,True,0.0145,True
50,18,-0.03333333333333233,-0.12666666666666693,0.06666666666666735,0.19333333333333427,True,0.5495,False
50,19,-0.05333333333333368,-0.16000000000000014,0.0600000000000005,0.22000000000000064,True,0.424,False
50,20,-0.06666666666666643,-0.21333333333333382,0.06666666666666732,0.28000000000000114,True,0.4455,False
50,21,-0.08000000000000007,-0.2333333333333334,0.0600000000000005,0.2933333333333339,True,0.327,False
50,22,-0.040000000000000036,-0.11333333333333329,0.033333333333333215,0.1466666666666665,True,0.4035,False
50,23,-0.11333333333333329,-0.28000000000000025,0.040000000000000924,0.3200000000000012,True,0.216,False
50,24,-0.040000000000000036,-0.19333333333333336,0.10000000000000053,0.2933333333333339,True,0.665,False
50,25,-0.05333333333333368,-0.11333333333333417,0.006666666666666821,0.120000000000001,True,0.149,False
50,26,-0.040000000000000036,-0.1466666666666674,0.07333333333333239,0.21999999999999978,True,0.5205,False
50,27,-0.04000000000000181,-0.16666666666666696,0.0600000000000005,0.22666666666666746,True,0.6255,False
50,28,-0.05333333333333368,-0.16000000000000014,0.03999999999999915,0.1999999999999993,True,0.382,False
50,29,-0.05999999999999961,-0.17999999999999972,0.06666666666666732,0.24666666666666703,True,0.3645,False
50,30,-0.09333333333333371,-0.2400000000000011,0.020000000000000462,0.26000000000000156,True,0.208,False
50,31,-0.09999999999999964,-0.20683333333333423,8.881784197001252e-16,0.20683333333333512,True,0.09,False
50,32,-0.10666666666666647,-0.206666666666667,-0.013166666666666148,0.19350000000000084,True,0.057,False
50,33,-0.16000000000000014,-0.30666666666666664,-0.033333333333333215,0.27333333333333343,True,0.0385,True
50,34,-0.05333333333333368,-0.17999999999999972,0.06666666666666646,0.24666666666666617,True,0.466,False
50,35,-0.07333333333333325,-0.21999999999999975,0.05999999999999961,0.27999999999999936,True,0.392,False
50,36,-0.013333333333332753,-0.12666666666666693,0.10000000000000056,0.2266666666666675,True,0.905,False
50,37,-0.09333333333333371,-0.22666666666666657,0.013333333333333641,0.2400000000000002,True,0.169,False
50,38,-0.006666666666666821,-0.09333333333333371,0.09333333333333371,0.18666666666666742,True,0.9925,False
50,39,-0.16666666666666785,-0.29350000000000026,-0.06666666666666643,0.22683333333333383,True,0.0005,True
50,40,-0.08666666666666689,-0.22000000000000064,0.040000000000000036,0.2600000000000007,True,0.234,False
50,41,-0.10000000000000053,-0.25333333333333385,0.046833333333332595,0.30016666666666647,True,0.259,False
50,42,0.0,-0.10666666666666735,0.11333333333333329,0.22000000000000064,True,1.0,False
50,43,0.013333333333332753,-0.09333333333333371,0.12666666666666693,0.22000000000000064,True,0.732,False
50,44,-0.16666666666666696,-0.31333333333333346,-0.04666666666666597,0.2666666666666675,True,0.0145,True
50,45,-0.1466666666666665,-0.30666666666666753,0.006666666666666821,0.31333333333333435,True,0.0635,False
50,46,-0.1200000000000001,-0.2666666666666657,-0.0066666666666659324,0.2599999999999998,True,0.1055,False
50,47,-0.13333333333333286,-0.25333333333333385,-0.03316666666666661,0.22016666666666723,True,0.0205,True
50,48,-0.06666666666666643,-0.19333333333333247,0.0333333333333341,0.22666666666666657,True,0.346,False
50,49,-0.10666666666666647,-0.24666666666666617,0.019999999999999574,0.2666666666666657,True,0.16,False
50,50,-0.033333333333333215,-0.15333333333333332,0.09333333333333371,0.24666666666666703,True,0.695,False
50,51,-0.18666666666666654,-0.3268333333333335,-0.06666666666666643,0.26016666666666705,True,0.0045,True
50,52,-0.10666666666666824,-0.25333333333333297,0.006666666666667709,0.2600000000000007,True,0.1535,False
50,53,-0.006666666666666821,-0.15999999999999928,0.12666666666666693,0.2866666666666662,True,0.9925,False
50,54,-0.026666666666667282,-0.13350000000000095,0.08666666666666689,0.22016666666666784,True,0.732,False
50,55,-0.06666666666666643,-0.17333333333333378,0.04016666666666662,0.2135000000000004,True,0.2805,False
50,56,-0.0600000000000005,-0.21333333333333382,0.086666666666666,0.2999999999999998,True,0.512,False
50,57,-0.006666666666666821,-0.1466666666666674,0.11333333333333331,0.2600000000000007,True,0.98,False
50,58,-0.05999999999999961,-0.15333333333333332,0.05333333333333279,0.2066666666666661,True,0.323,False
50,59,-0.06666666666666643,-0.20000000000000018,0.05999999999999961,0.2599999999999998,True,0.3565,False
50,60,-0.14000000000000057,-0.3000000000000007,0.013333333333333664,0.31333333333333435,True,0.096,False
50,61,-0.07333333333333325,-0.16666666666666607,0.006666666666666821,0.1733333333333329,True,0.127,False
50,62,-0.07333333333333325,-0.21333333333333296,0.046666666666666856,0.2599999999999998,True,0.3425,False
50,63,-0.040000000000000036,-0.1733333333333329,0.08000000000000099,0.25333333333333385,True,0.559,False
50,64,-0.09333333333333371,-0.23333333333333428,0.040000000000000036,0.2733333333333343,True,0.236,False
50,65,-0.033333333333333215,-0.09999999999999964,0.040000000000000036,0.13999999999999968,True,0.4765,False
50,66,-0.086666666666666,-0.22666666666666657,0.046666666666666856,0.27333333333333343,True,0.235,False
50,67,-0.08000000000000007,-0.1533333333333342,-0.013333333333332753,0.14000000000000146,True,0.061,False
50,68,-0.1999999999999993,-0.3466666666666667,-0.07333333333333236,0.2733333333333343,True,0.006,True
50,69,-0.07333333333333236,-0.21999999999999975,0.0600000000000005,0.28000000000000025,True,0.395,False
50,70,-0.08666666666666689,-0.206666666666667,0.033333333333333215,0.2400000000000002,True,0.166,False
50,71,-0.08666666666666689,-0.18666666666666742,0.0,0.18666666666666742,True,0.0995,False
50,72,0.0,-0.09350000000000004,0.10666666666666647,0.2001666666666665,True,0.9345,False
50,73,-0.07333333333333325,-0.18666666666666654,0.019999999999999574,0.2066666666666661,True,0.2015,False
50,74,0.0,-0.11333333333333329,0.11333333333333329,0.22666666666666657,True,0.927,False
50,75,-0.019999999999999574,-0.11333333333333417,0.08666666666666689,0.20000000000000107,True,0.7705,False
50,76,-0.13333333333333375,-0.24666666666666703,-0.046666666666667724,0.19999999999999932,True,0.0005,True
50,77,-0.13333333333333286,-0.2599999999999998,-0.026666666666666394,0.2333333333333334,True,0.0275,True
50,78,-0.10000000000000053,-0.23999999999999932,0.013500000000000224,0.25349999999999956,True,0.164,False
50,79,-0.040000000000000036,-0.1466666666666665,0.06666666666666732,0.21333333333333382,True,0.512,False
50,80,-0.040000000000000924,-0.10666666666666647,0.026666666666665506,0.13333333333333197,True,0.3395,False
50,81,-0.046666666666666856,-0.12016666666666732,0.020166666666666177,0.1403333333333335,True,0.2925,False
50,82,-0.08000000000000096,-0.17999999999999974,0.006666666666666843,0.1866666666666666,True,0.1465,False
50,83,-0.07999999999999918,-0.17333333333333378,0.006666666666665955,0.17999999999999974,True,0.1135,False
50,84,-0.07333333333333325,-0.16000000000000017,0.006666666666666821,0.166666666666667,True,0.132,False
50,85,-0.040000000000000924,-0.1335000000000001,0.06683333333333304,0.20033333333333314,True,0.5625,False
50,86,-0.19333333333333425,-0.3333333333333339,-0.07333333333333411,0.2599999999999998,True,0.001,True
50,87,-0.019999999999999574,-0.11999999999999922,0.09333333333333371,0.21333333333333293,True,0.7225,False
50,88,-0.05333333333333368,-0.17333333333333292,0.046666666666666856,0.21999999999999978,True,0.498,False
50,89,-0.1466666666666656,-0.25333333333333385,-0.05333333333333368,0.20000000000000018,True,0.006,True
50,90,-0.11999999999999922,-0.24683333333333426,-0.013333333333332753,0.2335000000000015,True,0.0635,False
50,91,-0.0533333333333319,-0.1733333333333329,0.06666666666666732,0.2400000000000002,True,0.439,False
50,92,-0.10666666666666735,-0.18666666666666654,-0.033333333333333215,0.15333333333333332,True,0.016,True
50,93,-0.06666666666666643,-0.18666666666666742,0.040000000000000036,0.22666666666666746,True,0.359,False
50,94,-0.08000000000000007,-0.16000000000000014,-0.006666666666666821,0.15333333333333332,True,0.053,False
50,95,-0.07333333333333325,-0.22666666666666657,0.06666666666666732,0.2933333333333339,True,0.387,False
50,96,-0.08000000000000096,-0.21333333333333382,0.019999999999999574,0.2333333333333334,True,0.2145,False
50,97,-0.15333333333333332,-0.28666666666666707,-0.05333333333333368,0.2333333333333334,True,0.003,True
50,98,-0.07333333333333414,-0.16000000000000014,0.006666666666666821,0.16666666666666696,True,0.1205,False
50,99,-0.15333333333333332,-0.31350000000000067,-0.0066666666666659324,0.30683333333333473,True,0.061,False
50,100,-0.08000000000000007,-0.18666666666666654,0.026666666666666394,0.21333333333333293,True,0.19,False
50,101,-0.04666666666666597,-0.1800000000000006,0.08016666666666668,0.26016666666666727,True,0.541,False
50,102,-0.08666666666666689,-0.19333333333333336,0.006666666666666821,0.20000000000000018,True,0.1015,False
50,103,-0.13999999999999968,-0.28000000000000025,-0.026666666666666394,0.25333333333333385,True,0.0235,True
50,104,-0.10666666666666647,-0.23999999999999935,0.006666666666667709,0.24666666666666706,True,0.144,False
50,105,-0.046666666666666856,-0.1800000000000006,0.08000000000000007,0.2600000000000007,True,0.5265,False
50,106,-0.07333333333333325,-0.19999999999999932,0.026666666666667282,0.2266666666666666,True,0.3005,False
50,107,-0.07333333333333325,-0.206666666666667,0.05999999999999961,0.2666666666666666,True,0.302,False
50,108,-0.12666666666666693,-0.28000000000000025,0.013333333333333641,0.2933333333333339,True,0.142,False
50,109,-0.05333333333333368,-0.16000000000000017,0.040000000000000036,0.2000000000000002,True,0.388,False
50,110,-0.12666666666666604,-0.2599999999999998,-0.02000000000000044,0.23999999999999935,True,0.0495,True
50,111,-0.06666666666666554,-0.17999999999999886,0.0333333333333341,0.21333333333333296,True,0.2975,False
50,112,-0.11333333333333417,-0.25350000000000017,0.006666666666666821,0.260166666666667,True,0.1355,False
50,113,-0.026666666666667282,-0.16000000000000014,0.09999999999999967,0.2599999999999998,True,0.788,False
50,114,-0.1399999999999988,-0.2999999999999998,0.013333333333333641,0.31333333333333346,True,0.073,False
50,115,-0.07333333333333325,-0.15333333333333332,0.0,0.15333333333333332,True,0.104,False
50,116,-0.09333333333333371,-0.17333333333333378,-0.019833333333333834,0.15349999999999994,True,0.038,True
50,117,-0.09333333333333282,-0.24666666666666703,0.05999999999999961,0.30666666666666664,True,0.274,False
50,118,-0.09999999999999964,-0.24666666666666703,0.0333333333333341,0.28000000000000114,True,0.209,False
50,119,-0.026666666666666394,-0.1466666666666665,0.08666666666666689,0.2333333333333334,True,0.7435,False
50,120,-0.046666666666666856,-0.16666666666666696,0.07333333333333325,0.2400000000000002,True,0.5105,False
50,121,-0.026666666666667282,-0.14000000000000057,0.0801666666666658,0.22016666666666637,True,0.712,False
50,122,-0.05333333333333368,-0.18666666666666742,0.06666666666666643,0.25333333333333385,True,0.4645,False
50,123,-0.14000000000000057,-0.28666666666666707,-0.019999999999999574,0.2666666666666675,True,0.0575,False
50,124,-0.15333333333333243,-0.28666666666666707,-0.040000000000000036,0.24666666666666703,True,0.017,True
50,125,-0.1200000000000001,-0.24666666666666703,-0.013333333333332753,0.23333333333333428,True,0.049,True
50,126,-0.11333333333333417,-0.2600000000000007,0.026666666666666394,0.28666666666666707,True,0.1735,False
50,127,-0.15333333333333243,-0.31333333333333346,-0.026666666666666394,0.28666666666666707,True,0.0355,True
50,128,-0.09333333333333371,-0.24666666666666703,0.05999999999999874,0.30666666666666575,True,0.277,False
50,129,-0.086666666666666,-0.20000000000000018,0.006666666666666821,0.206666666666667,True,0.114,False
50,130,-0.1133333333333324,-0.2333333333333334,-0.013333333333332753,0.22000000000000064,True,0.0505,False
50,131,-0.09333333333333371,-0.20000000000000018,0.006666666666666821,0.206666666666667,True,0.112,False
50,132,-0.07333333333333414,-0.16000000000000014,0.006666666666666843,0.166666666666667,True,0.1435,False
50,133,-0.12666666666666604,-0.2599999999999998,-0.019999999999999574,0.2400000000000002,True,0.0625,False
50,134,-0.12666666666666693,-0.27333333333333343,-0.013333333333332753,0.2600000000000007,True,0.072,False
50,135,-0.05999999999999961,-0.14000000000000057,0.019999999999999574,0.16000000000000014,True,0.1915,False
50,136,-0.05999999999999961,-0.17999999999999972,0.026666666666666394,0.2066666666666661,True,0.3875,False
50,137,-0.10666666666666647,-0.18666666666666654,-0.03333333333333233,0.1533333333333342,True,0.0125,True
50,138,-0.15999999999999925,-0.30666666666666664,-0.040000000000000036,0.2666666666666666,True,0.013,True
50,139,-0.046666666666666856,-0.17999999999999972,0.05999999999999961,0.23999999999999932,True,0.5665,False
50,140,-0.07333333333333325,-0.17999999999999972,0.020166666666667044,0.20016666666666677,True,0.2025,False
50,141,-0.11333333333333329,-0.21999999999999975,-0.019999999999999574,0.20000000000000018,True,0.051,False
50,142,-0.10666666666666647,-0.24666666666666703,0.013333333333332753,0.2599999999999998,True,0.1665,False
50,143,-0.09333333333333282,-0.22666666666666657,0.013333333333333641,0.2400000000000002,True,0.2115,False
50,144,-0.086666666666666,-0.18666666666666656,0.0,0.18666666666666656,True,0.1055,False
50,145,-0.006666666666666821,-0.08016666666666643,0.07333333333333325,0.1534999999999997,True,1.0,False
50,146,-0.07333333333333325,-0.15333333333333246,-0.006666666666666798,0.14666666666666567,True,0.082,False
50,147,-0.08000000000000007,-0.19333333333333336,0.03999999999999915,0.2333333333333325,True,0.1915,False
50,148,-0.07333333333333325,-0.206666666666667,0.040000000000000036,0.24666666666666703,True,0.333,False
50,149,0.013333333333332753,-0.08666666666666689,0.1200000000000001,0.206666666666667,True,0.749,False
50,150,-0.07999999999999918,-0.22666666666666657,0.06016666666666624,0.28683333333333283,True,0.326,False
50,151,-0.1200000000000001,-0.2599999999999998,0.013333333333333641,0.27333333333333343,True,0.1195,False
50,152,-0.08666666666666689,-0.20666666666666703,0.0333333333333341,0.24000000000000113,True,0.1995,False
50,153,-0.040000000000000036,-0.12666666666666607,0.05999999999999963,0.1866666666666657,True,0.467,False
50,154,-0.086666666666666,-0.21999999999999975,0.006666666666667709,0.22666666666666746,True,0.1825,False
50,155,-0.05333333333333279,-0.16666666666666696,0.05333333333333279,0.21999999999999975,True,0.4255,False
50,156,-0.07333333333333414,-0.15350000000000055,0.0,0.15350000000000055,True,0.1375,False
50,157,-0.13333333333333375,-0.2733333333333343,-0.013333333333332753,0.26000000000000156,True,0.047,True
50,158,-0.08000000000000007,-0.1800000000000006,0.013333333333333641,0.19333333333333425,True,0.1485,False
50,159,-0.040000000000000036,-0.19333333333333336,0.09333333333333371,0.28666666666666707,True,0.615,False
50,160,-0.1466666666666674,-0.2866666666666662,-0.026666666666667282,0.2599999999999989,True,0.0355,True
50,161,-0.10666666666666647,-0.2600000000000007,0.033333333333333215,0.2933333333333339,True,0.2075,False
50,162,-0.033333333333333215,-0.15350000000000055,0.08666666666666689,0.24016666666666744,True,0.649,False
50,163,-0.04666666666666597,-0.15333333333333332,0.06666666666666646,0.21999999999999978,True,0.3965,False
50,164,-0.12666666666666693,-0.28000000000000025,0.006666666666666821,0.28666666666666707,True,0.1355,False
50,165,-0.07333333333333325,-0.2066666666666661,0.033333333333333215,0.23999999999999932,True,0.323,False
50,166,-0.026666666666665506,-0.11333333333333329,0.0600000000000005,0.17333333333333378,True,0.6645,False
50,167,-0.11333333333333417,-0.23999999999999935,-0.013333333333332753,0.2266666666666666,True,0.045,True
50,168,-0.013333333333333641,-0.11333333333333329,0.09333333333333282,0.2066666666666661,True,0.834,False
50,169,-0.08666666666666689,-0.22000000000000064,0.020000000000000462,0.2400000000000011,True,0.2145,False
50,170,-0.12666666666666693,-0.2666666666666675,0.006666666666666843,0.2733333333333343,True,0.093,False
50,171,-0.06666666666666643,-0.17333333333333378,0.046666666666666856,0.22000000000000064,True,0.251,False
50,172,-0.09999999999999964,-0.2266666666666666,0.020000000000000462,0.24666666666666706,True,0.131,False
50,173,-0.09333333333333371,-0.2266666666666666,0.026833333333333865,0.25350000000000045,True,0.17,False
50,174,-0.10666666666666558,-0.18666666666666654,-0.03316666666666661,0.15349999999999991,True,0.0195,True
50,175,0.013333333333332753,-0.08000000000000007,0.1200000000000001,0.20000000000000018,True,0.7705,False
50,176,-0.013333333333332753,-0.13333333333333286,0.10666666666666647,0.23999999999999932,True,0.914,False
50,177,-0.10666666666666735,-0.21999999999999975,-0.013333333333332753,0.206666666666667,True,0.06,False
50,178,-0.046666666666666856,-0.17333333333333378,0.08000000000000096,0.25333333333333474,True,0.5405,False
50,179,-0.013333333333333641,-0.10666666666666647,0.09999999999999964,0.2066666666666661,True,0.892,False
50,180,-0.06666666666666643,-0.18666666666666654,0.046666666666666856,0.2333333333333334,True,0.3265,False
50,181,-0.05999999999999961,-0.20000000000000018,0.05350000000000028,0.25350000000000045,True,0.452,False
50,182,0.019999999999999574,-0.09333333333333371,0.13333333333333375,0.22666666666666746,True,0.67,False
50,183,-0.10666666666666647,-0.2066666666666661,-0.013333333333332753,0.19333333333333336,True,0.0435,True
50,184,-0.05333333333333368,-0.17999999999999886,0.07333333333333325,0.2533333333333321,True,0.4805,False
50,185,-0.1200000000000001,-0.21999999999999975,-0.03999999999999915,0.1800000000000006,True,0.0125,True
50,186,0.0333333333333341,-0.05333333333333368,0.13333333333333375,0.18666666666666742,False,0.5325,False
50,187,-0.08000000000000007,-0.24666666666666703,0.07333333333333414,0.3200000000000012,True,0.387,False
50,188,-0.13333333333333375,-0.2666666666666675,-0.013333333333333641,0.25333333333333385,True,0.054,False
50,189,-0.04666666666666597,-0.15350000000000055,0.06666666666666732,0.22016666666666787,True,0.491,False
50,190,-0.08000000000000007,-0.18666666666666654,0.013333333333333641,0.20000000000000018,True,0.1755,False
50,191,-0.13333333333333286,-0.28016666666666745,-0.013333333333332753,0.2668333333333347,True,0.067,False
50,192,-0.05333333333333368,-0.15333333333333332,0.05999999999999961,0.21333333333333293,True,0.415,False
50,193,-0.040000000000000036,-0.17999999999999972,0.08666666666666689,0.2666666666666666,True,0.629,False
50,194,0.006666666666666821,-0.07333333333333325,0.09999999999999964,0.1733333333333329,False,0.8345,False
50,195,-0.13333333333333375,-0.2668333333333338,-0.013333333333333619,0.25350000000000017,True,0.06,False
50,196,-0.13999999999999968,-0.2866666666666662,-0.019999999999999574,0.2666666666666666,True,0.0535,False
50,197,-0.06666666666666643,-0.20000000000000018,0.0333333333333341,0.23333333333333428,True,0.377,False
50,198,-0.086666666666666,-0.2333333333333334,0.053499999999999416,0.28683333333333283,True,0.3035,False
50,199,0.013333333333333641,-0.07333333333333325,0.09333333333333371,0.16666666666666696,False,0.7345,False
50,200,-0.11333333333333329,-0.2666666666666675,0.01349999999999938,0.2801666666666669,True,0.1545,False
50,201,8.881784197001252e-16,-0.08666666666666689,0.10000000000000053,0.18666666666666742,True,1.0,False
50,202,-0.033333333333333215,-0.10666666666666735,0.0466666666666651,0.15333333333333246,True,0.489,False
50,203,-0.040000000000000036,-0.19333333333333247,0.09333333333333371,0.2866666666666662,True,0.6625,False
50,204,-0.09333333333333371,-0.21350000000000016,0.013333333333333641,0.2268333333333338,True,0.182,False
50,205,-0.033333333333333215,-0.13333333333333375,0.06683333333333304,0.20016666666666677,True,0.6265,False
50,206,-0.08666666666666689,-0.24000000000000024,0.06666666666666643,0.30666666666666664,True,0.3285,False
50,207,-0.10666666666666647,-0.22666666666666657,-0.006666666666666821,0.21999999999999975,True,0.079,False
50,208,-0.13333333333333375,-0.27333333333333343,-0.0066666666666659324,0.2666666666666675,True,0.0675,False
50,209,-0.03999999999999915,-0.13333333333333286,0.05999999999999961,0.19333333333333247,True,0.5,False
50,210,-0.06666666666666643,-0.16666666666666696,0.020000000000000462,0.18666666666666742,True,0.243,False
50,211,-0.08000000000000007,-0.19333333333333336,0.026833333333332998,0.22016666666666634,True,0.2065,False
50,212,-0.08666666666666689,-0.19333333333333336,0.013333333333333641,0.206666666666667,True,0.1375,False
50,213,-0.08666666666666689,-0.2400000000000002,0.053499999999999395,0.2934999999999996,True,0.312,False
50,214,-0.03999999999999915,-0.1666666666666661,0.08016666666666668,0.2468333333333328,True,0.5915,False
50,215,-0.05999999999999961,-0.18666666666666654,0.040000000000000036,0.22666666666666657,True,0.4345,False
50,216,-0.05333333333333279,-0.1466666666666665,0.026833333333333865,0.17350000000000038,True,0.349,False
50,217,-0.046666666666666856,-0.14000000000000057,0.05333333333333368,0.19333333333333425,True,0.4005,False
50,218,-0.07333333333333325,-0.206666666666667,0.033333333333333215,0.2400000000000002,True,0.324,False
50,219,-0.0600000000000005,-0.2066666666666661,0.07333333333333414,0.28000000000000025,True,0.439,False
50,220,-0.019999999999999574,-0.10666666666666647,0.07333333333333236,0.17999999999999883,True,0.7855,False
50,221,-0.13333333333333286,-0.260166666666667,-0.019999999999999574,0.24016666666666742,True,0.039,True
50,222,-0.09999999999999964,-0.21999999999999975,0.006666666666665955,0.2266666666666657,True,0.1025,False
50,223,-0.08666666666666689,-0.2333333333333334,0.026666666666666394,0.2599999999999998,True,0.2585,False
50,224,-0.09333333333333371,-0.23333333333333428,0.020166666666667065,0.25350000000000134,True,0.233,False
50,225,-0.07999999999999918,-0.19333333333333336,0.0333333333333341,0.22666666666666746,True,0.212,False
50,226,-0.033333333333333215,-0.13999999999999882,0.08000000000000007,0.2199999999999989,True,0.616,False
50,227,-0.05333333333333279,-0.17333333333333378,0.06666666666666732,0.2400000000000011,True,0.452,False
50,228,-0.026666666666666394,-0.1466666666666665,0.09333333333333285,0.23999999999999935,True,0.744,False
50,229,-0.07333333333333325,-0.19333333333333336,0.040000000000000924,0.23333333333333428,True,0.267,False
50,230,-0.07333333333333325,-0.2268333333333338,0.08000000000000007,0.30683333333333385,True,0.427,False
50,231,-0.10000000000000053,-0.23999999999999932,0.033333333333333215,0.27333333333333254,True,0.181,False
50,232,-0.10666666666666735,-0.2400000000000002,0.0,0.2400000000000002,True,0.116,False
50,233,-0.06666666666666643,-0.15333333333333332,0.013333333333333641,0.16666666666666696,True,0.1665,False
50,234,-0.10666666666666647,-0.2333333333333334,-0.0066666666666659324,0.22666666666666746,True,0.093,False
50,235,-0.12666666666666693,-0.2866666666666662,0.019999999999999574,0.30666666666666575,True,0.125,False
50,236,-0.13999999999999968,-0.27333333333333343,-0.03333333333333233,0.2400000000000011,True,0.0255,True
50,237,0.04666666666666597,-0.040000000000000036,0.15333333333333332,0.19333333333333336,False,0.2955,False
50,238,-0.0066666666666659324,-0.10683333333333368,0.1066666666666656,0.2134999999999993,True,0.971,False
50,239,-0.026666666666667282,-0.14000000000000057,0.09333333333333371,0.23333333333333428,True,0.731,False
50,240,-0.11333333333333329,-0.27333333333333343,0.026666666666666394,0.2999999999999998,True,0.155,False
50,241,-0.07333333333333325,-0.16666666666666696,0.019999999999999574,0.18666666666666654,True,0.171,False
50,242,-0.020000000000000462,-0.1200000000000001,0.09333333333333371,0.21333333333333382,True,0.779,False
50,243,-0.06666666666666732,-0.18666666666666654,0.026666666666666415,0.21333333333333296,True,0.3465,False
50,244,-0.10000000000000053,-0.2066666666666661,-0.006666666666666821,0.1999999999999993,True,0.0685,False
50,245,-0.08666666666666689,-0.22666666666666657,0.026666666666666394,0.25333333333333297,True,0.217,False
50,246,-0.07333333333333325,-0.19333333333333336,0.026666666666666394,0.21999999999999975,True,0.2965,False
50,247,-0.11333333333333329,-0.2666666666666666,0.013333333333333641,0.28000000000000025,True,0.123,False
50,248,-0.12666666666666693,-0.27333333333333343,-0.013333333333332753,0.2600000000000007,True,0.0795,False
50,249,-0.046666666666666856,-0.15333333333333335,0.05333333333333368,0.20666666666666703,True,0.4815,False
50,250,-0.10000000000000053,-0.23999999999999932,0.020000000000000462,0.2599999999999998,True,0.171,False
50,251,-0.08666666666666689,-0.2333333333333325,0.026666666666666394,0.2599999999999989,True,0.2365,False
50,252,-0.10000000000000053,-0.24683333333333426,0.026666666666666394,0.27350000000000063,True,0.217,False
50,253,-0.04666666666666597,-0.1466666666666665,0.05999999999999961,0.2066666666666661,True,0.4455,False
50,254,-0.15333333333333243,-0.2933333333333339,-0.03999999999999915,0.25333333333333474,True,0.0225,True
50,255,-0.0600000000000005,-0.19333333333333336,0.046666666666666856,0.2400000000000002,True,0.453,False
50,256,-0.033333333333333215,-0.16666666666666696,0.10666666666666647,0.27333333333333343,True,0.716,False
50,257,-0.09333333333333371,-0.22666666666666657,0.040000000000000036,0.2666666666666666,True,0.2225,False
50,258,-0.10666666666666735,-0.22016666666666698,-0.006666666666666821,0.21350000000000016,True,0.0465,True
50,259,-0.1466666666666674,-0.2933333333333339,-0.026666666666666373,0.2666666666666675,True,0.0355,True
50,260,-0.1133333333333324,-0.25333333333333385,0.013333333333333641,0.2666666666666675,True,0.1355,False
50,261,-0.11999999999999922,-0.25333333333333385,-0.0066666666666659324,0.24666666666666792,True,0.066,False
50,262,-0.06666666666666554,-0.15999999999999925,0.019999999999999574,0.17999999999999883,True,0.1995,False
50,263,-0.026666666666666394,-0.11333333333333329,0.08000000000000007,0.19333333333333336,True,0.6945,False
50,264,-0.10000000000000053,-0.24016666666666744,0.020000000000000462,0.2601666666666679,True,0.18,False
50,265,-0.11333333333333417,-0.23333333333333428,-0.019999999999999574,0.2133333333333347,True,0.0435,True
50,266,-0.040000000000000036,-0.13999999999999968,0.06666666666666732,0.206666666666667,True,0.5445,False
50,267,-0.05333333333333368,-0.13333333333333375,0.019999999999999574,0.15333333333333332,True,0.2465,False
50,268,-0.15333333333333332,-0.2999999999999998,-0.026666666666666394,0.27333333333333343,True,0.0425,True
50,269,-0.15333333333333332,-0.2999999999999998,-0.03333333333333233,0.2666666666666675,True,0.0465,True
50,270,0.0333333333333341,-0.046666666666667744,0.13333333333333375,0.1800000000000015,False,0.462,False
50,271,-0.060000000000001386,-0.16000000000000014,0.020000000000000462,0.1800000000000006,True,0.3065,False
50,272,-0.11333333333333329,-0.2400000000000011,-0.026666666666666394,0.2133333333333347,True,0.041,True
50,273,-0.07333333333333325,-0.1800000000000006,0.013333333333333641,0.19333333333333425,True,0.1905,False
50,274,-0.06666666666666643,-0.20683333333333423,0.07333333333333325,0.28016666666666745,True,0.426,False
50,275,-0.07333333333333325,-0.19333333333333247,0.026666666666667282,0.21999999999999975,True,0.251,False
50,276,-0.06666666666666643,-0.18666666666666742,0.05333333333333279,0.2400000000000002,True,0.322,False
50,277,-0.09333333333333282,-0.2333333333333334,0.040000000000000036,0.27333333333333343,True,0.243,False
50,278,-0.040000000000000036,-0.15333333333333335,0.07333333333333414,0.2266666666666675,True,0.566,False
50,279,-0.0600000000000005,-0.19333333333333336,0.040000000000000036,0.2333333333333334,True,0.422,False
50,280,-0.07333333333333325,-0.20666666666666703,0.05350000000000026,0.26016666666666727,True,0.3605,False
50,281,-0.086666666666666,-0.21333333333333293,0.026833333333333886,0.2401666666666668,True,0.1975,False
50,282,-0.09333333333333282,-0.19333333333333336,-8.659739592077433e-16,0.1933333333333325,True,0.0635,False
50,283,-0.08666666666666778,-0.1800000000000006,-0.0066666666666659324,0.17333333333333467,True,0.0965,False
50,284,-0.10666666666666647,-0.2400000000000002,0.0,0.2400000000000002,True,0.1035,False
50,285,-0.05999999999999961,-0.206666666666667,0.06666666666666732,0.2733333333333343,True,0.446,False
50,286,-0.046666666666666856,-0.1800000000000006,0.07333333333333325,0.25333333333333385,True,0.5425,False
50,287,-0.09999999999999876,-0.19333333333333336,-0.020000000000000462,0.1733333333333329,True,0.021,True
50,288,-0.006666666666666821,-0.12666666666666693,0.12666666666666693,0.25333333333333385,True,0.9905,False
50,289,-0.026666666666666394,-0.13333333333333375,0.086666666666666,0.21999999999999975,True,0.7075,False
50,290,-0.053333333333334565,-0.1733333333333329,0.06666666666666732,0.2400000000000002,True,0.416,False
50,291,-0.05333333333333279,-0.12683333333333416,0.020000000000000462,0.14683333333333462,True,0.2295,False
50,292,-0.10666666666666647,-0.27333333333333343,0.05333333333333368,0.3266666666666671,True,0.2385,False
50,293,-0.086666666666666,-0.2333333333333325,0.040000000000000036,0.27333333333333254,True,0.296,False
50,294,-0.033333333333333215,-0.173333333333332,0.086666666666666,0.259999999999998,True,0.71,False
50,295,-0.09999999999999964,-0.24666666666666615,0.019999999999999574,0.2666666666666657,True,0.1605,False
50,296,-0.08000000000000007,-0.1800000000000006,0.006666666666666821,0.18666666666666742,True,0.143,False
50,297,-0.11333333333333329,-0.2666666666666666,0.033333333333333215,0.2999999999999998,True,0.165,False
50,298,-0.0533333333333319,-0.16016666666666735,0.040000000000000036,0.20016666666666738,True,0.389,False
50,299,-0.08666666666666689,-0.22000000000000064,0.04666666666666597,0.2666666666666666,True,0.2685,False
50,300,-0.09333333333333371,-0.2400000000000002,0.05333333333333279,0.293333333333333,True,0.266,False
50,301,-0.020000000000000462,-0.10666666666666647,0.08000000000000007,0.18666666666666654,True,0.743,False
50,302,-0.14000000000000057,-0.2733333333333343,-0.040000000000000036,0.23333333333333428,True,0.024,True
50,303,-0.08000000000000007,-0.21333333333333296,0.046666666666666856,0.2599999999999998,True,0.272,False
50,304,-0.11333333333333417,-0.2400000000000002,-0.019999999999999574,0.22000000000000064,True,0.0155,True
50,305,-0.026666666666666394,-0.16000000000000014,0.10000000000000053,0.2600000000000007,True,0.78,False
50,306,-0.033333333333333215,-0.11333333333333329,0.046666666666666856,0.16000000000000014,True,0.5425,False
50,307,-0.06666666666666732,-0.15333333333333243,0.013333333333333641,0.16666666666666607,True,0.1545,False
50,308,-0.05333333333333279,-0.19333333333333336,0.07333333333333325,0.2666666666666666,True,0.5095,False
50,309,-0.10000000000000053,-0.206666666666667,-0.006666666666666821,0.20000000000000018,True,0.0725,False
50,310,-0.16000000000000014,-0.3266666666666671,-0.019999999999999574,0.30666666666666753,True,0.051,False
50,311,-0.05333333333333279,-0.13333333333333375,0.026666666666667282,0.16000000000000103,True,0.267,False
50,312,-0.09999999999999964,-0.22666666666666657,0.0066666666666659324,0.2333333333333325,True,0.1315,False
50,313,-0.08666666666666689,-0.2333333333333334,0.05999999999999961,0.293333333333333,True,0.2845,False
50,314,-0.13999999999999968,-0.2866666666666662,-0.019999999999999574,0.2666666666666666,True,0.0625,False
50,315,-0.07333333333333325,-0.23333333333333428,0.07333333333333325,0.30666666666666753,True,0.3945,False
50,316,-0.05333333333333368,-0.1999999999999993,0.08666666666666689,0.2866666666666662,True,0.5335,False
50,317,-0.086666666666666,-0.21333333333333382,0.0,0.21333333333333382,True,0.1185,False
50,318,-0.026666666666666394,-0.15333333333333332,0.10000000000000053,0.25333333333333385,True,0.7435,False
50,319,-0.1200000000000001,-0.2666666666666675,0.01349999999999938,0.2801666666666669,True,0.1265,False
50,320,-0.046666666666666856,-0.1466666666666674,0.06666666666666643,0.21333333333333382,True,0.47,False
50,321,-0.09333333333333371,-0.2266666666666657,0.033333333333333215,0.2599999999999989,True,0.168,False
50,322,-0.040000000000000036,-0.18666666666666656,0.09350000000000032,0.2801666666666669,True,0.6545,False
50,323,-0.14000000000000057,-0.2600000000000007,-0.05333333333333368,0.206666666666667,True,0.0015,True
50,324,-0.026666666666666394,-0.1066666666666656,0.046666666666666856,0.15333333333333246,True,0.6075,False
50,325,-0.1200000000000001,-0.2666666666666666,0.013333333333332753,0.27999999999999936,True,0.1225,False
50,326,-0.09999999999999964,-0.24666666666666617,0.03349999999999982,0.280166666666666,True,0.219,False
50,327,-0.0600000000000005,-0.15333333333333332,0.026666666666665506,0.17999999999999883,True,0.26,False
50,328,-0.05333333333333279,-0.14666666666666564,0.013500000000000224,0.16016666666666587,True,0.322,False
50,329,-0.07333333333333236,-0.18666666666666654,0.033333333333333215,0.21999999999999975,True,0.253,False
50,330,-0.046666666666666856,-0.1733333333333329,0.08000000000000007,0.25333333333333297,True,0.5165,False
50,331,-0.1466666666666674,-0.28000000000000025,-0.026666666666666394,0.25333333333333385,True,0.0345,True
50,332,-0.08000000000000007,-0.206666666666667,0.026666666666667282,0.23333333333333428,True,0.28,False
50,333,-0.12666666666666693,-0.2666666666666657,-0.013333333333333641,0.2533333333333321,True,0.0535,False
50,334,-0.03999999999999915,-0.1133333333333324,0.026666666666666394,0.1399999999999988,True,0.3575,False
50,335,-0.08000000000000007,-0.17333333333333378,0.006833333333333447,0.18016666666666722,True,0.118,False
50,336,-0.040000000000000924,-0.16000000000000103,0.08000000000000007,0.2400000000000011,True,0.579,False
50,337,-0.10666666666666647,-0.24666666666666703,0.006666666666667709,0.25333333333333474,True,0.1285,False
50,338,-0.07333333333333325,-0.16666666666666696,0.0,0.16666666666666696,True,0.1385,False
50,339,-0.14000000000000057,-0.28683333333333344,-0.006666666666666821,0.2801666666666666,True,0.079,False
50,340,-0.10666666666666735,-0.23333333333333342,-0.013333333333332753,0.22000000000000067,True,0.063,False
50,341,-0.13999999999999968,-0.27999999999999936,-0.026666666666666394,0.25333333333333297,True,0.0175,True
50,342,-0.07333333333333325,-0.2333333333333325,0.07333333333333325,0.30666666666666575,True,0.413,False
50,343,-0.086666666666666,-0.21999999999999975,0.040000000000000036,0.2599999999999998,True,0.2375,False
50,344,-0.08666666666666778,-0.19333333333333247,0.006666666666666821,0.1999999999999993,True,0.1465,False
50,345,-0.07333333333333325,-0.206666666666667,0.033333333333333215,0.2400000000000002,True,0.3325,False
50,346,-0.120000000000001,-0.28666666666666707,0.026666666666667282,0.31333333333333435,True,0.146,False
50,347,-0.1733333333333329,-0.31333333333333346,-0.04666666666666597,0.2666666666666675,True,0.014,True
50,348,-0.0600000000000005,-0.21999999999999975,0.08000000000000096,0.3000000000000007,True,0.496,False
50,349,-0.07333333333333414,-0.14000000000000057,-0.013166666666667036,0.12683333333333352,True,0.034,True
50,350,-0.09333333333333282,-0.2333333333333334,0.03999999999999917,0.27333333333333254,True,0.249,False
50,351,-0.12666666666666782,-0.25350000000000017,-0.01333333333333453,0.24016666666666564,True,0.052,False
50,352,-0.11333333333333417,-0.25333333333333297,0.0,0.25333333333333297,True,0.11,False
50,353,-0.07999999999999918,-0.22000000000000064,0.046666666666666856,0.2666666666666675,True,0.3155,False
50,354,-0.15333333333333332,-0.3000000000000007,-0.033333333333333194,0.2666666666666675,True,0.037,True
50,355,-0.120000000000001,-0.25333333333333385,-0.020000000000000462,0.2333333333333334,True,0.0425,True
50,356,-0.019999999999999574,-0.1399999999999988,0.10000000000000053,0.23999999999999932,True,0.8255,False
50,357,-0.09333333333333371,-0.19999999999999932,-0.0066666666666659324,0.19333333333333338,True,0.0915,False
50,358,-0.13999999999999968,-0.2733333333333343,-0.026666666666666394,0.24666666666666792,True,0.0275,True
50,359,-0.013333333333331865,-0.09999999999999964,0.086666666666666,0.18666666666666565,True,0.8765,False
50,360,-0.10000000000000053,-0.24666666666666703,0.040000000000000924,0.28666666666666796,True,0.231,False
50,361,-0.026666666666667282,-0.10666666666666647,0.046666666666666856,0.15333333333333332,True,0.636,False
50,362,-0.05999999999999961,-0.19333333333333338,0.07333333333333325,0.2666666666666666,True,0.445,False
50,363,-0.08000000000000007,-0.16666666666666607,0.006666666666666821,0.1733333333333329,True,0.0945,False
50,364,-0.10666666666666647,-0.21333333333333382,-0.013333333333332753,0.20000000000000107,True,0.052,False
50,365,-0.1466666666666674,-0.3000000000000007,-0.013333333333333619,0.28666666666666707,True,0.062,False
50,366,-0.04666666666666597,-0.16000000000000014,0.06666666666666646,0.2266666666666666,True,0.4975,False
50,367,-0.07333333333333325,-0.16666666666666696,0.019999999999999574,0.18666666666666654,True,0.169,False
50,368,-0.033333333333333215,-0.12666666666666695,0.07333333333333325,0.2000000000000002,True,0.628,False
50,369,-0.05333333333333368,-0.14666666666666653,0.05333333333333368,0.2000000000000002,True,0.392,False
50,370,-0.10000000000000053,-0.25333333333333385,0.033333333333333215,0.28666666666666707,True,0.187,False
50,371,0.013333333333332753,-0.09333333333333282,0.13333333333333375,0.22666666666666657,True,0.771,False
50,372,-0.09333333333333371,-0.24666666666666703,0.020000000000000462,0.2666666666666675,True,0.243,False
50,373,-0.07333333333333236,-0.16666666666666696,0.01333333333333453,0.1800000000000015,True,0.176,False
50,374,-0.033333333333333215,-0.16666666666666696,0.09333333333333371,0.2600000000000007,True,0.677,False
50,375,-0.09999999999999876,-0.2066666666666661,-0.006666666666667686,0.19999999999999843,True,0.067,False
50,376,-0.06666666666666643,-0.21999999999999975,0.07333333333333325,0.293333333333333,True,0.4485,False
50,377,-0.1533333333333342,-0.30666666666666664,-0.033333333333333215,0.27333333333333343,True,0.034,True
50,378,-0.12666666666666693,-0.2666666666666666,-0.013333333333334507,0.2533333333333321,True,0.0495,True
50,379,-0.12666666666666604,-0.27333333333333254,-0.006666666666667686,0.26666666666666483,True,0.0865,False
50,380,-0.026666666666667282,-0.09333333333333371,0.0333333333333341,0.12666666666666782,True,0.549,False
50,381,-0.086666666666666,-0.1733333333333329,-0.006666666666666821,0.16666666666666607,True,0.0625,False
50,382,-0.020000000000000462,-0.08666666666666689,0.040000000000000924,0.12666666666666782,True,0.6765,False
50,383,-0.086666666666666,-0.2333333333333334,0.046666666666666856,0.28000000000000025,True,0.2685,False
50,384,-0.03999999999999915,-0.1800000000000006,0.09333333333333371,0.2733333333333343,True,0.6705,False
50,385,-0.0600000000000005,-0.16666666666666696,0.033333333333333215,0.20000000000000018,True,0.311,False
50,386,-0.10666666666666558,-0.25333333333333385,0.026666666666666394,0.28000000000000025,True,0.2075,False
50,387,-0.11333333333333417,-0.21333333333333207,-0.03333333333333233,0.17999999999999974,True,0.015,True
50,388,-0.046666666666666856,-0.15350000000000055,0.06683333333333305,0.2203333333333336,True,0.486,False
50,389,-0.1200000000000001,-0.28000000000000025,0.020000000000000462,0.3000000000000007,True,0.166,False
50,390,-0.14000000000000057,-0.28666666666666707,-0.006666666666666821,0.28000000000000025,True,0.0765,False
50,391,-0.13999999999999968,-0.28666666666666707,-0.026666666666666394,0.2600000000000007,True,0.025,True
50,392,-0.09999999999999876,-0.24683333333333426,0.026666666666667282,0.2735000000000015,True,0.2095,False
50,393,-0.026666666666667282,-0.13999999999999968,0.09999999999999878,0.23999999999999846,True,0.7095,False
50,394,-0.10000000000000053,-0.24666666666666706,0.033333333333333215,0.28000000000000025,True,0.2005,False
50,395,-0.11333333333333329,-0.22666666666666657,-0.013333333333333641,0.21333333333333293,True,0.0485,True
50,396,-0.09333333333333371,-0.24666666666666703,0.046666666666667744,0.2933333333333348,True,0.2585,False
50,397,-0.0066666666666659324,-0.08683333333333411,0.086666666666666,0.1735000000000001,True,0.972,False
50,398,-0.019999999999999574,-0.11333333333333329,0.06666666666666643,0.17999999999999972,True,0.759,False
50,399,-0.0600000000000005,-0.14683333333333373,0.026666666666666394,0.17350000000000013,True,0.2585,False
50,400,-0.07333333333333325,-0.19333333333333336,0.040000000000000924,0.23333333333333428,True,0.2495,False
50,401,-0.09333333333333371,-0.24016666666666744,0.033333333333333215,0.27350000000000063,True,0.249,False
50,402,0.013333333333333641,-0.05999999999999961,0.09333333333333371,0.15333333333333332,False,0.734,False
50,403,-0.09999999999999964,-0.23999999999999935,0.020000000000000462,0.2599999999999998,True,0.2005,False
50,404,-0.09333333333333282,-0.20000000000000018,0.013333333333332776,0.21333333333333296,True,0.1255,False
50,405,-0.10666666666666558,-0.2333333333333334,-0.006666666666666821,0.22666666666666657,True,0.0665,False
50,406,-0.07999999999999918,-0.23333333333333342,0.05999999999999961,0.293333333333333,True,0.352,False
50,407,-0.13333333333333286,-0.2733333333333343,-0.013333333333333641,0.2600000000000007,True,0.0675,False
50,408,-0.03999999999999915,-0.13333333333333286,0.05999999999999963,0.1933333333333325,True,0.5335,False
50,409,-0.046666666666666856,-0.14683333333333373,0.06666666666666643,0.21350000000000016,True,0.448,False
50,410,-0.05999999999999961,-0.18666666666666568,0.0600000000000005,0.24666666666666617,True,0.427,False
50,411,-0.0600000000000005,-0.1466666666666665,0.026666666666666394,0.1733333333333329,True,0.224,False
50,412,-0.10000000000000053,-0.21333333333333293,0.0,0.21333333333333293,True,0.08,False
50,413,-0.1200000000000001,-0.20683333333333423,-0.03999999999999915,0.16683333333333508,True,0.016,True
50,414,-0.09333333333333282,-0.2333333333333325,0.020000000000000462,0.25333333333333297,True,0.1995,False
50,415,-0.1466666666666674,-0.2999999999999998,-0.019999999999999574,0.28000000000000025,True,0.0555,False
50,416,-0.06666666666666732,-0.21333333333333207,0.07333333333333325,0.2866666666666653,True,0.4485,False
50,417,-0.06666666666666643,-0.2001666666666674,0.06666666666666732,0.2668333333333347,True,0.419,False
50,418,-0.1200000000000001,-0.2801666666666666,0.006666666666666821,0.28683333333333344,True,0.1185,False
50,419,0.0333333333333341,-0.03999999999999915,0.1066666666666656,0.14666666666666475,False,0.2985,False
50,420,-0.10666666666666735,-0.24666666666666703,0.006666666666666821,0.25333333333333385,True,0.136,False
50,421,-0.08666666666666689,-0.206666666666667,0.013333333333332753,0.21999999999999975,True,0.176,False
50,422,-0.11999999999999922,-0.27333333333333343,0.033333333333333215,0.30666666666666664,True,0.136,False
50,423,-0.13333333333333286,-0.2866666666666662,0.013333333333333641,0.2999999999999998,True,0.107,False
50,424,-0.06666666666666643,-0.16000000000000014,0.020166666666666177,0.1801666666666663,True,0.2025,False
50,425,-0.15333333333333332,-0.2599999999999998,-0.05999999999999959,0.2000000000000002,True,0.0025,True
50,426,-0.08666666666666689,-0.2333333333333334,0.04666666666666597,0.27999999999999936,True,0.2855,False
50,427,-0.046666666666667744,-0.16666666666666696,0.05333333333333279,0.21999999999999975,True,0.5575,False
50,428,-0.019999999999999574,-0.14000000000000057,0.08666666666666689,0.22666666666666746,True,0.836,False
50,429,-0.13333333333333286,-0.23333333333333428,-0.04666666666666597,0.1866666666666683,True,0.0075,True
50,430,-0.0333333333333341,-0.14666666666666653,0.08666666666666603,0.23333333333333256,True,0.6545,False
50,431,-0.07333333333333236,-0.2333333333333334,0.0600000000000005,0.2933333333333339,True,0.3795,False
50,432,-0.07999999999999918,-0.206666666666667,0.040000000000000036,0.24666666666666703,True,0.244,False
50,433,-0.05999999999999961,-0.21350000000000016,0.08000000000000096,0.2935000000000011,True,0.5055,False
50,434,-0.01333333333333453,-0.12016666666666732,0.10000000000000053,0.22016666666666784,True,0.872,False
50,435,-0.086666666666666,-0.16000000000000014,-0.013333333333332753,0.1466666666666674,True,0.0415,True
50,436,-0.05999999999999961,-0.18666666666666742,0.046666666666666856,0.23333333333333428,True,0.442,False
50,437,-0.07333333333333325,-0.1999999999999993,0.04683333333333346,0.24683333333333274,True,0.301,False
50,438,-0.05333333333333368,-0.16000000000000014,0.0466666666666651,0.20666666666666525,True,0.41,False
50,439,-0.040000000000000036,-0.1800000000000006,0.09333333333333371,0.2733333333333343,True,0.653,False
50,440,-0.0600000000000005,-0.1533333333333342,0.0333333333333341,0.1866666666666683,True,0.2995,False
50,441,-0.10666666666666647,-0.23350000000000062,-0.0066666666666659324,0.2268333333333347,True,0.0945,False
50,442,-0.08666666666666689,-0.23999999999999935,0.046666666666666856,0.2866666666666662,True,0.2435,False
50,443,-0.09999999999999876,-0.25333333333333297,0.03349999999999982,0.2868333333333328,True,0.2455,False
50,444,-8.881784197001252e-16,-0.09333333333333371,0.10666666666666735,0.20000000000000107,True,0.935,False
50,445,-0.1200000000000001,-0.2600000000000007,-0.006666666666666821,0.25333333333333385,True,0.0975,False
50,446,-0.1200000000000001,-0.25333333333333385,0.0,0.25333333333333385,True,0.089,False
50,447,-0.040000000000000036,-0.1466666666666665,0.046666666666667744,0.19333333333333425,True,0.533,False
50,448,0.013333333333333641,-0.05333333333333368,0.08000000000000096,0.13333333333333464,False,0.609,False
50,449,-0.006666666666666821,-0.1200000000000001,0.10666666666666735,0.22666666666666746,True,0.991,False
50,450,-0.0600000000000005,-0.16000000000000014,0.05333333333333279,0.21333333333333293,True,0.28,False
50,451,-0.06666666666666643,-0.17350000000000013,0.04666666666666599,0.22016666666666612,True,0.318,False
50,452,-0.0066666666666659324,-0.1066666666666665,0.10666666666666647,0.21333333333333296,True,0.9575,False
50,453,-0.0533333333333319,-0.16666666666666696,0.07333333333333239,0.23999999999999935,True,0.424,False
50,454,-0.040000000000000036,-0.1200000000000001,0.040000000000000036,0.16000000000000014,True,0.3975,False
50,455,-0.019999999999999574,-0.12666666666666607,0.09333333333333282,0.2199999999999989,True,0.779,False
50,456,-0.1200000000000001,-0.2666666666666666,0.006666666666666821,0.27333333333333343,True,0.107,False
50,457,-0.10666666666666647,-0.21333333333333382,-0.01333333333333273,0.2000000000000011,True,0.056,False
50,458,-0.09999999999999964,-0.24666666666666703,0.033333333333333215,0.28000000000000025,True,0.166,False
50,459,-0.026666666666666394,-0.13333333333333286,0.08666666666666689,0.21999999999999975,True,0.69,False
50,460,-0.033333333333333215,-0.17333333333333378,0.08666666666666689,0.2600000000000007,True,0.687,False
50,461,-0.13333333333333375,-0.25350000000000017,-0.033333333333333215,0.22016666666666695,True,0.022,True
50,462,-0.013333333333333641,-0.1466666666666674,0.1200000000000001,0.2666666666666675,True,0.922,False
50,463,-0.07333333333333236,-0.16666666666666696,0.006666666666667709,0.17333333333333467,True,0.168,False
50,464,-0.086666666666666,-0.22666666666666657,0.033333333333333215,0.2599999999999998,True,0.23,False
50,465,0.0,-0.09999999999999964,0.11333333333333329,0.21333333333333293,True,0.9095,False
50,466,-0.1200000000000001,-0.27999999999999936,0.026666666666666394,0.30666666666666575,True,0.1175,False
50,467,-0.09999999999999876,-0.22666666666666657,0.026666666666667282,0.25333333333333385,True,0.161,False
50,468,-0.09999999999999964,-0.2666666666666657,0.046666666666666856,0.3133333333333326,True,0.2665,False
50,469,-0.046666666666666856,-0.14666666666666653,0.05999999999999961,0.20666666666666614,True,0.4095,False
50,470,-0.12666666666666693,-0.22000000000000064,-0.046666666666666856,0.17333333333333378,True,0.0055,True
50,471,-0.1200000000000001,-0.27333333333333343,0.0,0.27333333333333343,True,0.0925,False
50,472,-0.0600000000000005,-0.21333333333333382,0.08000000000000007,0.2933333333333339,True,0.495,False
50,473,-0.0066666666666659324,-0.10000000000000053,0.10000000000000053,0.20000000000000107,True,0.992,False
50,474,-0.07333333333333236,-0.18666666666666656,0.0333333333333341,0.22000000000000067,True,0.2575,False
50,475,-0.05999999999999961,-0.16666666666666607,0.05333333333333279,0.21999999999999886,True,0.3245,False
50,476,-0.0533333333333319,-0.16666666666666696,0.06666666666666643,0.2333333333333334,True,0.4405,False
50,477,-0.040000000000000036,-0.12666666666666693,0.05333333333333368,0.1800000000000006,True,0.467,False
50,478,-0.046666666666666856,-0.16666666666666607,0.06666666666666732,0.2333333333333334,True,0.5105,False
50,479,-0.07333333333333325,-0.17333333333333292,0.013333333333333641,0.18666666666666656,True,0.1675,False
50,480,-0.16000000000000014,-0.2999999999999998,-0.046666666666666856,0.25333333333333297,True,0.012,True
50,481,-0.11333333333333329,-0.2266666666666657,-0.033333333333333215,0.1933333333333325,True,0.0145,True
50,482,-0.026666666666665506,-0.10666666666666735,0.05999999999999961,0.16666666666666696,True,0.639,False
50,483,-0.14000000000000057,-0.2866666666666662,-0.026499999999999812,0.2601666666666664,True,0.0475,True
50,484,-0.10666666666666647,-0.2599999999999989,0.026666666666666394,0.2866666666666653,True,0.162,False
50,485,-0.13333333333333375,-0.27333333333333343,-0.013333333333332753,0.2600000000000007,True,0.0545,False
50,486,-0.026666666666667282,-0.14683333333333373,0.09333333333333282,0.24016666666666656,True,0.7605,False
50,487,0.006666666666666821,-0.08000000000000007,0.10666666666666735,0.18666666666666742,True,0.81,False
50,488,-0.11333333333333329,-0.24666666666666615,-0.013333333333332753,0.2333333333333334,True,0.08,False
50,489,-0.09333333333333371,-0.22666666666666657,0.019999999999999574,0.24666666666666615,True,0.183,False
50,490,-0.10666666666666647,-0.206666666666667,-0.033166666666667476,0.17349999999999952,True,0.0205,True
50,491,-0.1466666666666665,-0.2866666666666662,-0.026666666666667282,0.2599999999999989,True,0.0375,True
50,492,-0.08666666666666778,-0.16666666666666696,-0.006666666666667709,0.15999999999999925,True,0.058,False
50,493,-0.05333333333333368,-0.1800000000000006,0.06666666666666643,0.24666666666666703,True,0.482,False
50,494,-0.040000000000000036,-0.1200000000000001,0.046666666666666856,0.16666666666666696,True,0.446,False
50,495,-0.07333333333333325,-0.2266666666666666,0.07333333333333414,0.3000000000000007,True,0.3945,False
50,496,-0.09999999999999964,-0.2400000000000002,0.013333333333333641,0.25333333333333385,True,0.1615,False
50,497,-0.09999999999999964,-0.2400000000000002,0.019999999999999574,0.2599999999999998,True,0.1745,False
50,498,0.0333333333333341,-0.06666666666666643,0.13999999999999968,0.2066666666666661,False,0.543,False
50,499,-0.08666666666666689,-0.21333333333333382,0.040000000000000036,0.25333333333333385,True,0.241,False
100,0,-0.0766666666666671,-0.16000000000000014,0.006666666666666821,0.16666666666666696,True,0.091,False
100,1,-0.0766666666666671,-0.1666666666666661,0.009999999999999787,0.1766666666666659,True,0.0915,False
100,2,-0.0766666666666671,-0.163333333333334,0.0033333333333338544,0.16666666666666785,True,0.089,False
100,3,-0.0766666666666671,-0.16666666666666607,0.0033333333333338544,0.16999999999999993,True,0.096,False
100,4,-0.0766666666666671,-0.16666666666666607,0.010000000000000675,0.17666666666666675,True,0.084,False
100,5,-0.0766666666666671,-0.16999999999999993,0.006666666666666821,0.17666666666666675,True,0.1005,False
100,6,-0.0766666666666671,-0.16666666666666607,0.0033333333333338765,0.16999999999999996,True,0.084,False
100,7,-0.0766666666666671,-0.163333333333334,2.2204460492381962e-17,0.16333333333333402,True,0.085,False
100,8,-0.0766666666666671,-0.1666666666666661,0.0033333333333338544,0.16999999999999996,True,0.1,False
100,9,-0.0766666666666671,-0.16008333333333333,0.0033333333333329662,0.1634166666666663,True,0.0945,False
100,10,-0.0766666666666671,-0.1667500000000001,0.009999999999999787,0.17674999999999988,True,0.0975,False
100,11,-0.0766666666666671,-0.16000000000000014,0.006666666666666821,0.16666666666666696,True,0.1,False
100,12,-0.0766666666666671,-0.16333333333333314,0.0033333333333338765,0.16666666666666702,True,0.1045,False
100,13,-0.0766666666666671,-0.16675000000000012,0.006666666666665955,0.17341666666666608,True,0.0895,False
100,14,-0.07666666666666622,-0.1666666666666661,2.2204460492381962e-17,0.16666666666666613,True,0.106,False
100,15,-0.0766666666666671,-0.1633333333333331,0.009999999999999787,0.1733333333333329,True,0.103,False
100,16,-0.0766666666666671,-0.16666666666666696,0.0033333333333338765,0.17000000000000084,True,0.097,False
100,17,-0.0766666666666671,-0.163333333333334,0.009999999999998921,0.17333333333333292,True,0.106,False
100,18,-0.0766666666666671,-0.1633333333333331,0.0033333333333329662,0.16666666666666607,True,0.0855,False
100,19,-0.0766666666666671,-0.1666666666666661,0.0033333333333329883,0.1699999999999991,True,0.1145,False
100,20,-0.0766666666666671,-0.16341666666666715,0.0033333333333338544,0.166750000000001,True,0.0925,False
100,21,-0.0766666666666671,-0.15999999999999925,0.006666666666666821,0.16666666666666607,True,0.097,False
100,22,-0.0766666666666671,-0.1633333333333331,0.006666666666666821,0.16999999999999993,True,0.094,False
100,23,-0.0766666666666671,-0.16666666666666696,0.0033333333333338544,0.17000000000000082,True,0.091,False
100,24,-0.0766666666666671,-0.1633333333333331,0.006666666666666821,0.16999999999999993,True,0.084,False
100,25,-0.07666666666666622,-0.16000000000000014,0.006666666666666821,0.16666666666666696,True,0.0875,False
100,26,-0.0766666666666671,-0.1633333333333331,0.0034166666666667015,0.16674999999999982,True,0.085,False
100,27,-0.0766666666666671,-0.1633333333333331,0.010000000000000675,0.17333333333333378,True,0.096,False
100,28,-0.0766666666666671,-0.16008333333333333,0.006750000000000556,0.1668333333333339,True,0.0915,False
100,29,-0.0766666666666671,-0.163333333333334,0.006666666666665955,0.16999999999999996,True,0.0905,False
100,30,-0.0766666666666671,-0.1633333333333331,0.009999999999999787,0.1733333333333329,True,0.1015,False
100,31,-0.0766666666666671,-0.15666666666666632,0.006666666666666821,0.16333333333333314,True,0.091,False
100,32,-0.0766666666666671,-0.16666666666666696,0.0033333333333329883,0.16999999999999996,True,0.0935,False
100,33,-0.0766666666666671,-0.1600833333333342,0.0033333333333338544,0.16341666666666804,True,0.093,False
100,34,-0.0766666666666671,-0.16333333333333314,0.0033333333333329883,0.16666666666666613,True,0.0975,False
100,35,-0.0766666666666671,-0.163333333333334,0.0033333333333329662,0.16666666666666696,True,0.0975,False
100,36,-0.0766666666666671,-0.166666666666667,0.0066666666666659324,0.17333333333333292,True,0.095,False
100,37,-0.0766666666666671,-0.16666666666666696,0.006666666666666821,0.17333333333333378,True,0.0845,False
100,38,-0.0766666666666671,-0.1633333333333331,0.0033333333333338544,0.16666666666666696,True,0.091,False
100,39,-0.0766666666666671,-0.1633333333333331,0.00999999999999981,0.17333333333333292,True,0.0885,False
100,40,-0.0766666666666671,-0.16675000000000012,0.006666666666666821,0.17341666666666694,True,0.0925,False
100,41,-0.0766666666666671,-0.16666666666666607,0.006666666666666843,0.17333333333333292,True,0.0965,False
100,42,-0.0766666666666671,-0.1633333333333331,0.0033333333333338544,0.16666666666666696,True,0.104,False
100,43,-0.0766666666666671,-0.16333333333333402,0.0033333333333338544,0.16666666666666788,True,0.109,False
100,44,-0.0766666666666671,-0.16666666666666696,0.0033333333333329662,0.16999999999999993,True,0.0885,False
100,45,-0.0766666666666671,-0.1633333333333331,0.006750000000000556,0.17008333333333367,True,0.097,False
100,46,-0.0766666666666671,-0.16666666666666607,0.009999999999999787,0.17666666666666586,True,0.097,False
100,47,-0.0766666666666671,-0.163333333333334,0.0,0.163333333333334,True,0.0955,False
100,48,-0.0766666666666671,-0.16666666666666607,8.881784197001252e-16,0.16666666666666696,True,0.094,False
100,49,-0.0766666666666671,-0.16333333333333314,0.009999999999999787,0.17333333333333292,True,0.0875,False
100,50,-0.0766666666666671,-0.16000000000000014,0.006666666666665955,0.1666666666666661,True,0.1,False
100,51,-0.0766666666666671,-0.16999999999999904,0.006666666666666821,0.17666666666666586,True,0.095,False
100,52,-0.0766666666666671,-0.16333333333333314,0.0034166666666667015,0.16674999999999984,True,0.105,False
100,53,-0.0766666666666671,-0.15999999999999925,0.006666666666665955,0.16666666666666521,True,0.1035,False
100,54,-0.0766666666666671,-0.1633333333333331,0.006666666666666821,0.16999999999999993,True,0.0895,False
100,55,-0.07666666666666622,-0.16675000000000012,0.006666666666666821,0.17341666666666694,True,0.089,False
100,56,-0.0766666666666671,-0.163333333333334,0.006666666666666821,0.17000000000000082,True,0.0875,False
100,57,-0.0766666666666671,-0.16341666666666715,0.0033333333333338544,0.166750000000001,True,0.093,False
100,58,-0.0766666666666671,-0.1633333333333331,8.333333333373538e-05,0.16341666666666685,True,0.085,False
100,59,-0.0766666666666671,-0.1633333333333331,0.0033333333333329662,0.16666666666666607,True,0.088,False
100,60,-0.0766666666666671,-0.16666666666666607,0.006666666666666821,0.1733333333333329,True,0.0905,False
100,61,-0.0766666666666671,-0.16666666666666607,0.0033333333333338544,0.16999999999999993,True,0.1,False
100,62,-0.0766666666666671,-0.16000000000000014,0.006666666666666843,0.166666666666667,True,0.084,False
100,63,-0.0766666666666671,-0.16666666666666607,0.006666666666666821,0.1733333333333329,True,0.0915,False
100,64,-0.0766666666666671,-0.16333333333333225,0.006750000000000556,0.1700833333333328,True,0.095,False
100,65,-0.0766666666666671,-0.16666666666666696,0.006666666666666821,0.17333333333333378,True,0.097,False
100,66,-0.0766666666666671,-0.16666666666666607,0.006666666666666821,0.1733333333333329,True,0.0765,False
100,67,-0.0766666666666671,-0.16999999999999993,0.0066666666666659324,0.17666666666666586,True,0.093,False
100,68,-0.0766666666666671,-0.16333333333333314,0.0033333333333338544,0.166666666666667,True,0.093,False
100,69,-0.0766666666666671,-0.1666666666666661,0.006666666666666821,0.17333333333333292,True,0.1055,False
100,70,-0.0766666666666671,-0.16666666666666607,0.006666666666666821,0.1733333333333329,True,0.0915,False
100,71,-0.0766666666666671,-0.16999999999999993,0.009999999999999787,0.17999999999999972,True,0.0695,False
100,72,-0.0766666666666671,-0.16666666666666607,0.0034166666666667015,0.17008333333333278,True,0.092,False
100,73,-0.0766666666666671,-0.16666666666666607,0.0033333333333338544,0.16999999999999993,True,0.1035,False
100,74,-0.0766666666666671,-0.16333333333333225,0.0033333333333338544,0.1666666666666661,True,0.093,False
100,75,-0.0766666666666671,-0.163333333333334,0.006666666666666821,0.17000000000000082,True,0.0925,False
100,76,-0.0766666666666671,-0.16008333333333333,8.333333333373538e-05,0.16016666666666707,True,0.094,False
100,77,-0.0766666666666671,-0.16333333333333314,0.0066666666666659324,0.16999999999999907,True,0.087,False
100,78,-0.0766666666666671,-0.16341666666666713,0.0066666666666659324,0.17008333333333306,True,0.101,False
100,79,-0.0766666666666671,-0.1634166666666663,8.881784197001252e-16,0.16341666666666718,True,0.1015,False
100,80,-0.0766666666666671,-0.16666666666666696,0.0033333333333338544,0.17000000000000082,True,0.088,False
100,81,-0.0766666666666671,-0.16666666666666521,0.006666666666666821,0.17333333333333203,True,0.0885,False
100,82,-0.0766666666666671,-0.16666666666666696,0.0066666666666659324,0.1733333333333329,True,0.088,False
100,83,-0.0766666666666671,-0.163333333333334,0.0033333333333321,0.1666666666666661,True,0.1025,False
100,84,-0.0766666666666671,-0.16666666666666607,0.0033333333333338765,0.16999999999999996,True,0.105,False
100,85,-0.0766666666666671,-0.16000000000000014,0.0033333333333329662,0.1633333333333331,True,0.0815,False
100,86,-0.0766666666666671,-0.16666666666666696,0.0033333333333338544,0.17000000000000082,True,0.096,False
100,87,-0.0766666666666671,-0.16675000000000012,0.0033333333333329662,0.1700833333333331,True,0.106,False
100,88,-0.0766666666666671,-0.16666666666666696,0.009999999999999787,0.17666666666666675,True,0.102,False
100,89,-0.0766666666666671,-0.1633333333333331,8.333333333373538e-05,0.16341666666666685,True,0.087,False
100,90,-0.0766666666666671,-0.16666666666666696,0.010000000000000675,0.17666666666666764,True,0.101,False
100,91,-0.0766666666666671,-0.16000000000000014,0.009999999999999787,0.16999999999999993,True,0.1005,False
100,92,-0.0766666666666671,-0.1633333333333331,0.0033333333333338544,0.16666666666666696,True,0.1,False
100,93,-0.07666666666666622,-0.1633333333333331,0.006666666666666821,0.16999999999999993,True,0.0935,False
100,94,-0.0766666666666671,-0.16000000000000014,0.006666666666666821,0.16666666666666696,True,0.0875,False
100,95,-0.0766666666666671,-0.16341666666666715,0.006666666666666821,0.17008333333333397,True,0.102,False
100,96,-0.0766666666666671,-0.16341666666666715,0.0033333333333329662,0.16675000000000012,True,0.1035,False
100,97,-0.0766666666666671,-0.16333333333333314,0.0066666666666659324,0.16999999999999907,True,0.0895,False
100,98,-0.0766666666666671,-0.16000000000000017,0.006666666666666843,0.16666666666666702,True,0.085,False
100,99,-0.0766666666666671,-0.16341666666666715,0.0033333333333338544,0.166750000000001,True,0.082,False
100,100,-0.0766666666666671,-0.16666666666666696,0.006666666666666821,0.17333333333333378,True,0.0885,False
100,101,-0.0766666666666671,-0.1666666666666661,8.333333333373538e-05,0.16674999999999984,True,0.098,False
100,102,-0.07666666666666622,-0.16333333333333222,0.0033333333333338544,0.16666666666666607,True,0.1085,False
100,103,-0.0766666666666671,-0.16999999999999993,0.006666666666666821,0.17666666666666675,True,0.0865,False
100,104,-0.0766666666666671,-0.163333333333334,0.009999999999999787,0.17333333333333378,True,0.0855,False
100,105,-0.0766666666666671,-0.163333333333334,0.0066666666666659324,0.16999999999999993,True,0.0995,False
100,106,-0.0766666666666671,-0.16666666666666607,0.0033333333333329662,0.16999999999999904,True,0.0955,False
100,107,-0.0766666666666671,-0.163333333333334,0.006666666666666843,0.17000000000000084,True,0.0945,False
100,108,-0.0766666666666671,-0.15666666666666718,0.0033333333333338544,0.16000000000000103,True,0.0955,False
100,109,-0.0766666666666671,-0.163333333333334,0.006666666666666821,0.17000000000000082,True,0.09,False
100,110,-0.07666666666666622,-0.16341666666666715,0.0033333333333338544,0.166750000000001,True,0.101,False
100,111,-0.0766666666666671,-0.1633333333333331,8.881784197001252e-16,0.163333333333334,True,0.101,False
100,112,-0.0766666666666671,-0.1633333333333331,0.006666666666667709,0.17000000000000082,True,0.092,False
100,113,-0.0766666666666671,-0.16666666666666607,0.0033333333333329662,0.16999999999999904,True,0.094,False
100,114,-0.0766666666666671,-0.1733333333333329,0.006750000000000534,0.18008333333333343,True,0.095,False
100,115,-0.07666666666666622,-0.16999999999999993,0.0066666666666659324,0.17666666666666586,True,0.0905,False
100,116,-0.0766666666666671,-0.16999999999999907,0.0033333333333338544,0.17333333333333292,True,0.092,False
100,117,-0.0766666666666671,-0.16341666666666715,8.881784197001252e-16,0.16341666666666804,True,0.099,False
100,118,-0.0766666666666671,-0.16008333333333416,0.0033333333333338765,0.16341666666666804,True,0.09,False
100,119,-0.0766666666666671,-0.16666666666666696,0.006666666666666821,0.17333333333333378,True,0.1025,False
100,120,-0.0766666666666671,-0.1633333333333331,0.006666666666666843,0.16999999999999996,True,0.098,False
100,121,-0.07666666666666622,-0.16666666666666696,8.333333333373538e-05,0.1667500000000007,True,0.0955,False
100,122,-0.0766666666666671,-0.16000000000000103,0.006666666666666821,0.16666666666666785,True,0.1005,False
100,123,-0.07666666666666622,-0.16000000000000017,0.0033333333333338544,0.16333333333333402,True,0.0875,False
100,124,-0.0766666666666671,-0.16666666666666607,0.006666666666666821,0.1733333333333329,True,0.095,False
100,125,-0.0766666666666671,-0.163333333333334,0.006666666666666821,0.17000000000000082,True,0.0945,False
100,126,-0.0766666666666671,-0.16000000000000014,0.0033333333333338544,0.163333333333334,True,0.099,False
100,127,-0.0766666666666671,-0.15999999999999928,0.006666666666665955,0.16666666666666524,True,0.0835,False
100,128,-0.0766666666666671,-0.16008333333333333,0.0033333333333329883,0.16341666666666632,True,0.1045,False
100,129,-0.0766666666666671,-0.163333333333334,0.0033333333333338544,0.16666666666666785,True,0.104,False
100,130,-0.0766666666666671,-0.1633333333333331,0.0033333333333338765,0.166666666666667,True,0.085,False
100,131,-0.0766666666666671,-0.16000000000000014,0.006666666666666821,0.16666666666666696,True,0.088,False
100,132,-0.0766666666666671,-0.16675000000000015,0.006666666666666821,0.17341666666666697,True,0.096,False
100,133,-0.0766666666666671,-0.16000000000000014,0.0033333333333329662,0.1633333333333331,True,0.0955,False
100,134,-0.0766666666666671,-0.16000000000000103,0.006666666666666843,0.16666666666666788,True,0.0935,False
100,135,-0.0766666666666671,-0.16666666666666607,0.006666666666666821,0.1733333333333329,True,0.0935,False
100,136,-0.0766666666666671,-0.15999999999999925,0.0033333333333329883,0.16333333333333225,True,0.091,False
100,137,-0.0766666666666671,-0.16999999999999993,0.006666666666666821,0.17666666666666675,True,0.0855,False
100,138,-0.0766666666666671,-0.1666666666666661,0.009999999999999787,0.1766666666666659,True,0.0975,False
100,139,-0.0766666666666671,-0.166666666666667,0.0033333333333329662,0.16999999999999996,True,0.086,False
100,140,-0.0766666666666671,-0.16000000000000014,0.0034166666666667236,0.16341666666666688,True,0.1065,False
100,141,-0.0766666666666671,-0.16333333333333314,0.0033333333333338544,0.166666666666667,True,0.1,False
100,142,-0.07666666666666622,-0.1633333333333331,0.0033333333333329883,0.1666666666666661,True,0.097,False
100,143,-0.0766666666666671,-0.1633333333333331,0.0067500000000014,0.1700833333333345,True,0.103,False
100,144,-0.0766666666666671,-0.1633333333333331,0.0033333333333329662,0.16666666666666607,True,0.0995,False
100,145,-0.0766666666666671,-0.16666666666666696,0.006666666666666821,0.17333333333333378,True,0.0965,False
100,146,-0.0766666666666671,-0.16333333333333314,0.0033333333333329662,0.1666666666666661,True,0.1015,False
100,147,-0.0766666666666671,-0.1633333333333331,2.2204460492381962e-17,0.16333333333333314,True,0.0895,False
100,148,-0.0766666666666671,-0.16000000000000014,0.0033333333333329662,0.1633333333333331,True,0.098,False
100,149,-0.0766666666666671,-0.163333333333334,0.0033333333333338544,0.16666666666666785,True,0.1005,False
100,150,-0.07666666666666622,-0.1666666666666661,0.006666666666666821,0.17333333333333292,True,0.088,False
100,151,-0.0766666666666671,-0.16666666666666696,0.0033333333333329662,0.16999999999999993,True,0.085,False
100,152,-0.0766666666666671,-0.1633333333333331,0.0033333333333338544,0.16666666666666696,True,0.0915,False
100,153,-0.0766666666666671,-0.16333333333333314,0.006666666666666821,0.16999999999999996,True,0.087,False
100,154,-0.0766666666666671,-0.163333333333334,2.2204460492381962e-17,0.16333333333333402,True,0.0985,False
100,155,-0.0766666666666671,-0.16666666666666607,0.0033333333333338544,0.16999999999999993,True,0.091,False
100,156,-0.0766666666666671,-0.16000000000000014,0.0034166666666667236,0.16341666666666688,True,0.1065,False
100,157,-0.0766666666666671,-0.1633333333333331,0.0033333333333329662,0.16666666666666607,True,0.102,False
100,158,-0.0766666666666671,-0.16666666666666696,0.0033333333333329883,0.16999999999999996,True,0.0945,False
100,159,-0.0766666666666671,-0.16000000000000017,0.006666666666666821,0.166666666666667,True,0.1075,False
100,160,-0.0766666666666671,-0.1633333333333331,0.0033333333333338544,0.16666666666666696,True,0.086,False
100,161,-0.0766666666666671,-0.16666666666666696,0.006666666666666843,0.1733333333333338,True,0.094,False
100,162,-0.0766666666666671,-0.16333333333333314,0.006666666666666821,0.16999999999999996,True,0.0975,False
100,163,-0.0766666666666671,-0.163333333333334,0.0033333333333338544,0.16666666666666785,True,0.083,False
100,164,-0.0766666666666671,-0.16666666666666696,0.006666666666666821,0.17333333333333378,True,0.0945,False
100,165,-0.0766666666666671,-0.15999999999999928,0.006666666666666821,0.1666666666666661,True,0.09,False
100,166,-0.0766666666666671,-0.16666666666666696,0.006666666666666821,0.17333333333333378,True,0.0975,False
100,167,-0.0766666666666671,-0.16666666666666607,0.006666666666665955,0.17333333333333203,True,0.095,False
100,168,-0.0766666666666671,-0.16341666666666715,0.006666666666666821,0.17008333333333397,True,0.1005,False
100,169,-0.0766666666666671,-0.1633333333333331,0.0034166666666675676,0.16675000000000068,True,0.0925,False
100,170,-0.0766666666666671,-0.1666666666666661,0.006750000000000534,0.17341666666666664,True,0.0915,False
100,171,-0.07666666666666622,-0.163333333333334,0.0,0.163333333333334,True,0.0905,False
100,172,-0.0766666666666671,-0.16999999999999993,0.006666666666666821,0.17666666666666675,True,0.0815,False
100,173,-0.0766666666666671,-0.16000000000000014,0.0033333333333329662,0.1633333333333331,True,0.098,False
100,174,-0.0766666666666671,-0.15999999999999925,0.0033333333333329883,0.16333333333333225,True,0.102,False
100,175,-0.0766666666666671,-0.16666666666666607,0.009999999999998921,0.176666666666665,True,0.0865,False
100,176,-0.0766666666666671,-0.16666666666666607,0.0033333333333338544,0.16999999999999993,True,0.0955,False
100,177,-0.07666666666666622,-0.16666666666666696,0.0,0.16666666666666696,True,0.0965,False
100,178,-0.0766666666666671,-0.16999999999999993,0.0033333333333329662,0.1733333333333329,True,0.0915,False
100,179,-0.0766666666666671,-0.15999999999999928,0.0033333333333338544,0.16333333333333314,True,0.096,False
100,180,-0.0766666666666671,-0.16333333333333222,0.0066666666666659324,0.16999999999999815,True,0.097,False
100,181,-0.0766666666666671,-0.16666666666666607,0.006666666666665955,0.17333333333333203,True,0.0875,False
100,182,-0.0766666666666671,-0.16666666666666696,0.0066666666666659324,0.1733333333333329,True,0.0835,False
100,183,-0.07666666666666622,-0.15999999999999928,0.006666666666666821,0.1666666666666661,True,0.099,False
100,184,-0.0766666666666671,-0.1633333333333331,0.006666666666666821,0.16999999999999993,True,0.094,False
100,185,-0.0766666666666671,-0.1666666666666661,0.006666666666666821,0.17333333333333292,True,0.093,False
100,186,-0.0766666666666671,-0.16999999999999993,0.006666666666666821,0.17666666666666675,True,0.0985,False
100,187,-0.0766666666666671,-0.16666666666666607,0.006666666666666843,0.17333333333333292,True,0.0975,False
100,188,-0.0766666666666671,-0.1633333333333331,0.0033333333333329662,0.16666666666666607,True,0.0955,False
100,189,-0.0766666666666671,-0.16666666666666607,0.0,0.16666666666666607,True,0.0825,False
100,190,-0.0766666666666671,-0.16000000000000014,0.0,0.16000000000000014,True,0.0965,False
100,191,-0.07666666666666622,-0.16666666666666696,0.006666666666665955,0.17333333333333292,True,0.0985,False
100,192,-0.07666666666666622,-0.16333333333333222,0.0033333333333338544,0.16666666666666607,True,0.094,False
100,193,-0.0766666666666671,-0.16666666666666607,8.333333333371318e-05,0.1667499999999998,True,0.0815,False
100,194,-0.0766666666666671,-0.16999999999999993,0.006666666666666821,0.17666666666666675,True,0.0805,False
100,195,-0.0766666666666671,-0.16000000000000103,0.006666666666666843,0.16666666666666788,True,0.084,False
100,196,-0.0766666666666671,-0.16666666666666696,0.0033333333333338544,0.17000000000000082,True,0.089,False
100,197,-0.0766666666666671,-0.1633333333333331,0.0066666666666659324,0.16999999999999904,True,0.093,False
100,198,-0.0766666666666671,-0.16000000000000103,0.006666666666666821,0.16666666666666785,True,0.096,False
100,199,-0.0766666666666671,-0.16666666666666607,0.0033333333333329883,0.16999999999999907,True,0.088,False
100,200,-0.0766666666666671,-0.1633333333333331,0.0033333333333338765,0.166666666666667,True,0.0915,False
100,201,-0.0766666666666671,-0.1633333333333331,0.006666666666666821,0.16999999999999993,True,0.089,False
100,202,-0.0766666666666671,-0.166666666666667,0.006666666666666821,0.1733333333333338,True,0.0955,False
100,203,-0.07666666666666622,-0.16666666666666607,0.006666666666666821,0.1733333333333329,True,0.0875,False
100,204,-0.0766666666666671,-0.163333333333334,0.0033333333333329662,0.16666666666666696,True,0.086,False
100,205,-0.07666666666666622,-0.16666666666666696,0.0033333333333338544,0.17000000000000082,True,0.0975,False
100,206,-0.0766666666666671,-0.1633333333333331,0.006666666666666821,0.16999999999999993,True,0.097,False
100,207,-0.07666666666666622,-0.16000000000000014,0.006666666666666821,0.16666666666666696,True,0.095,False
100,208,-0.0766666666666671,-0.16333333333333314,0.006666666666665955,0.1699999999999991,True,0.0885,False
100,209,-0.0766666666666671,-0.163333333333334,0.006750000000000534,0.17008333333333453,True,0.102,False
100,210,-0.0766666666666671,-0.16999999999999993,0.0033333333333338544,0.17333333333333378,True,0.096,False
100,211,-0.0766666666666671,-0.16666666666666607,0.006666666666666821,0.1733333333333329,True,0.0965,False
100,212,-0.0766666666666671,-0.15999999999999925,0.006666666666666843,0.1666666666666661,True,0.0975,False
100,213,-0.0766666666666671,-0.1633333333333331,0.0033333333333338544,0.16666666666666696,True,0.104,False
100,214,-0.0766666666666671,-0.17000000000000082,0.006666666666665067,0.1766666666666659,True,0.0875,False
100,215,-0.0766666666666671,-0.16008333333333416,0.0066666666666650885,0.16674999999999926,True,0.107,False
100,216,-0.0766666666666671,-0.1633333333333331,0.006666666666666821,0.16999999999999993,True,0.1015,False
100,217,-0.0766666666666671,-0.1633333333333331,0.006666666666666821,0.16999999999999993,True,0.0905,False
100,218,-0.0766666666666671,-0.163333333333334,0.0033333333333338544,0.16666666666666785,True,0.09,False
100,219,-0.0766666666666671,-0.1633333333333331,0.0034166666666675676,0.16675000000000068,True,0.0875,False
100,220,-0.0766666666666671,-0.16341666666666715,0.009999999999999787,0.17341666666666694,True,0.0975,False
100,221,-0.0766666666666671,-0.163333333333334,0.0033333333333338544,0.16666666666666785,True,0.097,False
100,222,-0.0766666666666671,-0.16333333333333314,0.0066666666666659324,0.16999999999999907,True,0.098,False
100,223,-0.0766666666666671,-0.1600833333333342,0.0033333333333338544,0.16341666666666804,True,0.1045,False
100,224,-0.0766666666666671,-0.16666666666666696,0.0033333333333338544,0.17000000000000082,True,0.103,False
100,225,-0.0766666666666671,-0.16333333333333314,0.0033333333333338544,0.166666666666667,True,0.095,False
100,226,-0.07666666666666622,-0.15999999999999928,0.0034166666666667015,0.163416666666666,True,0.095,False
100,227,-0.0766666666666671,-0.15999999999999928,0.010000000000000675,0.16999999999999996,True,0.083,False
100,228,-0.0766666666666671,-0.1634166666666663,0.006666666666665955,0.17008333333333225,True,0.0945,False
100,229,-0.0766666666666671,-0.16666666666666696,0.0033333333333329883,0.16999999999999996,True,0.0965,False
100,230,-0.0766666666666671,-0.16666666666666696,0.009999999999999787,0.17666666666666675,True,0.1005,False
100,231,-0.0766666666666671,-0.16000000000000014,0.006666666666666821,0.16666666666666696,True,0.0985,False
100,232,-0.0766666666666671,-0.16999999999999993,0.0066666666666659324,0.17666666666666586,True,0.0885,False
100,233,-0.0766666666666671,-0.163333333333334,0.0033333333333338544,0.16666666666666785,True,0.096,False
100,234,-0.0766666666666671,-0.16999999999999993,0.0066666666666659324,0.17666666666666586,True,0.098,False
100,235,-0.0766666666666671,-0.16666666666666696,0.0033333333333329662,0.16999999999999993,True,0.109,False
100,236,-0.0766666666666671,-0.1633333333333331,0.006666666666666821,0.16999999999999993,True,0.099,False
100,237,-0.0766666666666671,-0.1600833333333342,0.0033333333333338544,0.16341666666666804,True,0.1095,False
100,238,-0.0766666666666671,-0.1633333333333331,0.006666666666666821,0.16999999999999993,True,0.0925,False
100,239,-0.0766666666666671,-0.16666666666666696,0.0066666666666659324,0.1733333333333329,True,0.093,False
100,240,-0.0766666666666671,-0.1633333333333331,0.0033333333333338544,0.16666666666666696,True,0.0945,False
100,241,-0.0766666666666671,-0.16666666666666696,0.006666666666666821,0.17333333333333378,True,0.0945,False
100,242,-0.0766666666666671,-0.16666666666666696,0.013333333333332776,0.17999999999999974,True,0.0815,False
100,243,-0.0766666666666671,-0.16999999999999904,0.006666666666666843,0.1766666666666659,True,0.0855,False
100,244,-0.0766666666666671,-0.1600833333333342,0.006666666666666821,0.166750000000001,True,0.0905,False
100,245,-0.0766666666666671,-0.1633333333333331,0.0033333333333329883,0.1666666666666661,True,0.087,False
100,246,-0.0766666666666671,-0.16333333333333314,0.006666666666666821,0.16999999999999996,True,0.101,False
100,247,-0.0766666666666671,-0.16000000000000017,0.006666666666666821,0.166666666666667,True,0.097,False
100,248,-0.0766666666666671,-0.16666666666666607,0.009999999999999787,0.17666666666666586,True,0.0925,False
100,249,-0.0766666666666671,-0.1633333333333331,0.006666666666666821,0.16999999999999993,True,0.1,False
100,250,-0.07666666666666622,-0.163333333333334,0.0066666666666659324,0.16999999999999993,True,0.1,False
100,251,-0.0766666666666671,-0.16675000000000098,8.881784197001252e-16,0.16675000000000187,True,0.0915,False
100,252,-0.0766666666666671,-0.1633333333333331,0.0033333333333338544,0.16666666666666696,True,0.089,False
100,253,-0.0766666666666671,-0.15999999999999925,0.0033333333333338544,0.1633333333333331,True,0.0905,False
100,254,-0.0766666666666671,-0.16666666666666696,0.006666666666665955,0.17333333333333292,True,0.0905,False
100,255,-0.0766666666666671,-0.16000000000000103,0.006666666666666821,0.16666666666666785,True,0.09,False
100,256,-0.0766666666666671,-0.16000000000000014,0.0033333333333338544,0.163333333333334,True,0.0955,False
100,257,-0.07666666666666622,-0.15999999999999925,0.006666666666666821,0.16666666666666607,True,0.1105,False
100,258,-0.0766666666666671,-0.163333333333334,0.006666666666666821,0.17000000000000082,True,0.087,False
100,259,-0.0766666666666671,-0.1633333333333331,0.009999999999999787,0.1733333333333329,True,0.109,False
100,260,-0.0766666666666671,-0.16333333333333314,0.006666666666666821,0.16999999999999996,True,0.087,False
100,261,-0.0766666666666671,-0.1633333333333331,0.0066666666666659324,0.16999999999999904,True,0.096,False
100,262,-0.0766666666666671,-0.1633333333333331,0.006666666666666821,0.16999999999999993,True,0.08,False
100,263,-0.0766666666666671,-0.16666666666666696,0.0033333333333338544,0.17000000000000082,True,0.1035,False
100,264,-0.0766666666666671,-0.166666666666667,0.0066666666666659324,0.17333333333333292,True,0.0915,False
100,265,-0.0766666666666671,-0.16333333333333225,0.0033333333333321,0.16666666666666435,True,0.1065,False
100,266,-0.0766666666666671,-0.16675000000000015,0.0034166666666675676,0.17016666666666772,True,0.0875,False
100,267,-0.0766666666666671,-0.16999999999999996,0.0033333333333329662,0.17333333333333292,True,0.094,False
100,268,-0.0766666666666671,-0.163333333333334,0.0033333333333338544,0.16666666666666785,True,0.099,False
100,269,-0.0766666666666671,-0.16999999999999993,0.006666666666666821,0.17666666666666675,True,0.091,False
100,270,-0.0766666666666671,-0.163333333333334,0.0033333333333338544,0.16666666666666785,True,0.1055,False
100,271,-0.0766666666666671,-0.16999999999999993,0.0033333333333338544,0.17333333333333378,True,0.0985,False
100,272,-0.0766666666666671,-0.16000000000000014,2.2204460492381962e-17,0.16000000000000017,True,0.0995,False
100,273,-0.0766666666666671,-0.1666666666666661,0.0033333333333338544,0.16999999999999996,True,0.095,False
100,274,-0.07666666666666622,-0.16333333333333314,0.0034166666666667015,0.16674999999999984,True,0.0945,False
100,275,-0.0766666666666671,-0.16666666666666607,0.006666666666667709,0.17333333333333378,True,0.0995,False
100,276,-0.0766666666666671,-0.16666666666666521,0.0034166666666667015,0.17008333333333192,True,0.092,False
100,277,-0.0766666666666671,-0.1633333333333331,0.0033333333333338544,0.16666666666666696,True,0.098,False
100,278,-0.0766666666666671,-0.1633333333333331,0.006666666666666821,0.16999999999999993,True,0.0935,False
100,279,-0.0766666666666671,-0.16666666666666607,0.0033333333333329662,0.16999999999999904,True,0.1015,False
100,280,-0.0766666666666671,-0.16341666666666715,0.0033333333333338544,0.166750000000001,True,0.093,False
100,281,-0.0766666666666671,-0.16333333333333314,0.006666666666667709,0.17000000000000084,True,0.099,False
100,282,-0.0766666666666671,-0.16000000000000014,0.006750000000000556,0.1667500000000007,True,0.094,False
100,283,-0.0766666666666671,-0.163333333333334,0.0033333333333329883,0.166666666666667,True,0.1015,False
100,284,-0.0766666666666671,-0.16000000000000014,0.0033333333333338544,0.163333333333334,True,0.0825,False
100,285,-0.0766666666666671,-0.1666666666666661,0.0033333333333338544,0.16999999999999996,True,0.089,False
100,286,-0.0766666666666671,-0.16999999999999904,0.0034166666666675676,0.1734166666666666,True,0.09,False
100,287,-0.0766666666666671,-0.1666666666666661,0.006666666666666821,0.17333333333333292,True,0.1045,False
100,288,-0.0766666666666671,-0.1666666666666661,0.0033333333333347426,0.17000000000000084,True,0.086,False
100,289,-0.0766666666666671,-0.16666666666666696,0.0033333333333329662,0.16999999999999993,True,0.0885,False
100,290,-0.07666666666666799,-0.163333333333334,0.009999999999999787,0.17333333333333378,True,0.0905,False
100,291,-0.0766666666666671,-0.16666666666666696,8.333333333373538e-05,0.1667500000000007,True,0.098,False
100,292,-0.0766666666666671,-0.1633333333333331,0.0033333333333338765,0.166666666666667,True,0.1055,False
100,293,-0.0766666666666671,-0.16999999999999993,0.006750000000001422,0.17675000000000135,True,0.0965,False
100,294,-0.0766666666666671,-0.1633333333333331,0.013333333333332776,0.1766666666666659,True,0.0905,False
100,295,-0.0766666666666671,-0.16666666666666696,0.006666666666666821,0.17333333333333378,True,0.1085,False
100,296,-0.0766666666666671,-0.16666666666666696,0.0033333333333338544,0.17000000000000082,True,0.0815,False
100,297,-0.0766666666666671,-0.1633333333333331,0.010000000000000675,0.17333333333333378,True,0.095,False
100,298,-0.0766666666666671,-0.16675000000000012,0.0034166666666667015,0.17016666666666683,True,0.104,False
100,299,-0.0766666666666671,-0.163333333333334,0.0033333333333338544,0.16666666666666785,True,0.0945,False
100,300,-0.0766666666666671,-0.16666666666666607,0.0033333333333338544,0.16999999999999993,True,0.098,False
100,301,-0.07666666666666622,-0.16666666666666607,0.006666666666666821,0.1733333333333329,True,0.0945,False
100,302,-0.0766666666666671,-0.16666666666666607,0.006666666666666821,0.1733333333333329,True,0.093,False
100,303,-0.0766666666666671,-0.17000000000000082,0.0033333333333329883,0.1733333333333338,True,0.093,False
100,304,-0.0766666666666671,-0.1633333333333331,0.006666666666666821,0.16999999999999993,True,0.0935,False
100,305,-0.0766666666666671,-0.166666666666667,0.0033333333333329662,0.16999999999999996,True,0.0845,False
100,306,-0.0766666666666671,-0.163333333333334,0.006666666666665955,0.16999999999999996,True,0.099,False
100,307,-0.0766666666666671,-0.16000000000000014,0.0034166666666667236,0.16341666666666688,True,0.088,False
100,308,-0.0766666666666671,-0.16341666666666715,0.0033333333333329883,0.16675000000000015,True,0.081,False
100,309,-0.0766666666666671,-0.1633333333333331,0.0033333333333338544,0.16666666666666696,True,0.104,False
100,310,-0.0766666666666671,-0.16666666666666607,0.006666666666666821,0.1733333333333329,True,0.105,False
100,311,-0.0766666666666671,-0.163333333333334,0.0066666666666659324,0.16999999999999993,True,0.0925,False
100,312,-0.0766666666666671,-0.1633333333333331,0.0033333333333338544,0.16666666666666696,True,0.0935,False
100,313,-0.0766666666666671,-0.16000000000000014,0.006666666666666821,0.16666666666666696,True,0.0935,False
100,314,-0.0766666666666671,-0.16000000000000014,0.006666666666666821,0.16666666666666696,True,0.095,False
100,315,-0.0766666666666671,-0.1633333333333331,0.006666666666666821,0.16999999999999993,True,0.0985,False
100,316,-0.0766666666666671,-0.16666666666666607,0.006666666666666821,0.1733333333333329,True,0.101,False
100,317,-0.0766666666666671,-0.16999999999999907,0.006666666666665955,0.17666666666666503,True,0.1015,False
100,318,-0.0766666666666671,-0.16666666666666696,0.0033333333333329662,0.16999999999999993,True,0.0985,False
100,319,-0.0766666666666671,-0.16666666666666607,0.009999999999999787,0.17666666666666586,True,0.0925,False
100,320,-0.0766666666666671,-0.16666666666666696,8.881784197001252e-16,0.16666666666666785,True,0.0935,False
100,321,-0.0766666666666671,-0.16666666666666696,0.006666666666666821,0.17333333333333378,True,0.0945,False
100,322,-0.0766666666666671,-0.1633333333333331,0.006666666666666821,0.16999999999999993,True,0.1095,False
100,323,-0.0766666666666671,-0.163333333333334,0.006666666666666821,0.17000000000000082,True,0.082,False
100,324,-0.0766666666666671,-0.1633333333333331,0.006666666666666821,0.16999999999999993,True,0.092,False
100,325,-0.0766666666666671,-0.1633333333333331,0.0033333333333329662,0.16666666666666607,True,0.083,False
100,326,-0.0766666666666671,-0.1633333333333331,0.006666666666666821,0.16999999999999993,True,0.0905,False
100,327,-0.0766666666666671,-0.163333333333334,0.0033333333333329662,0.16666666666666696,True,0.0865,False
100,328,-0.0766666666666671,-0.16008333333333333,0.0033333333333329662,0.1634166666666663,True,0.0985,False
100,329,-0.0766666666666671,-0.16666666666666607,0.006666666666666821,0.1733333333333329,True,0.098,False
100,330,-0.0766666666666671,-0.16000000000000014,0.009999999999999787,0.16999999999999993,True,0.0975,False
100,331,-0.0766666666666671,-0.16341666666666715,0.0033333333333329883,0.16675000000000015,True,0.107,False
100,332,-0.0766666666666671,-0.16999999999999993,0.0033333333333329662,0.1733333333333329,True,0.098,False
100,333,-0.07666666666666622,-0.16666666666666607,0.00999999999999981,0.1766666666666659,True,0.1015,False
100,334,-0.0766666666666671,-0.15999999999999928,0.009999999999999787,0.16999999999999907,True,0.0975,False
100,335,-0.0766666666666671,-0.16666666666666696,0.0033333333333329662,0.16999999999999993,True,0.097,False
100,336,-0.0766666666666671,-0.1633333333333331,0.0033333333333329662,0.16666666666666607,True,0.094,False
100,337,-0.0766666666666671,-0.163333333333334,0.009999999999999787,0.17333333333333378,True,0.0925,False
100,338,-0.0766666666666671,-0.16333333333333225,0.0033333333333338544,0.1666666666666661,True,0.0935,False
100,339,-0.0766666666666671,-0.16333333333333314,0.006666666666666821,0.16999999999999996,True,0.0875,False
100,340,-0.0766666666666671,-0.16000000000000014,0.0033333333333329662,0.1633333333333331,True,0.0855,False
100,341,-0.0766666666666671,-0.15999999999999925,0.0033333333333329883,0.16333333333333225,True,0.0925,False
100,342,-0.07666666666666799,-0.16333333333333225,0.006666666666666821,0.16999999999999907,True,0.0905,False
100,343,-0.0766666666666671,-0.163333333333334,0.0033333333333329883,0.166666666666667,True,0.0985,False
100,344,-0.0766666666666671,-0.1633333333333331,0.0034166666666675676,0.16675000000000068,True,0.0915,False
100,345,-0.0766666666666671,-0.16666666666666696,0.0066666666666659324,0.1733333333333329,True,0.0885,False
100,346,-0.0766666666666671,-0.16333333333333314,0.006666666666666843,0.16999999999999998,True,0.101,False
100,347,-0.0766666666666671,-0.16666666666666607,0.006666666666666843,0.17333333333333292,True,0.095,False
100,348,-0.0766666666666671,-0.16333333333333314,0.006666666666666821,0.16999999999999996,True,0.086,False
100,349,-0.0766666666666671,-0.16666666666666696,0.0033333333333338544,0.17000000000000082,True,0.092,False
100,350,-0.0766666666666671,-0.1633333333333331,0.006666666666666843,0.16999999999999996,True,0.1005,False
100,351,-0.0766666666666671,-0.16000000000000014,0.0033333333333347426,0.16333333333333488,True,0.0895,False
100,352,-0.0766666666666671,-0.16666666666666607,0.006666666666666821,0.1733333333333329,True,0.0895,False
100,353,-0.0766666666666671,-0.16333333333333222,0.009999999999999787,0.173333333333332,True,0.0925,False
100,354,-0.0766666666666671,-0.16666666666666696,0.0033333333333338544,0.17000000000000082,True,0.101,False
100,355,-0.0766666666666671,-0.163416666666668,0.0033333333333329662,0.16675000000000095,True,0.092,False
100,356,-0.0766666666666671,-0.16333333333333314,0.0066666666666659324,0.16999999999999907,True,0.0955,False
100,357,-0.0766666666666671,-0.163333333333334,0.0033333333333329662,0.16666666666666696,True,0.092,False
100,358,-0.0766666666666671,-0.16333333333333222,0.0033333333333338765,0.1666666666666661,True,0.0875,False
100,359,-0.0766666666666671,-0.16666666666666696,0.006666666666667709,0.17333333333333467,True,0.086,False
100,360,-0.0766666666666671,-0.16666666666666521,0.010000000000000675,0.1766666666666659,True,0.101,False
100,361,-0.0766666666666671,-0.163333333333334,0.006666666666666821,0.17000000000000082,True,0.097,False
100,362,-0.0766666666666671,-0.16000000000000014,0.0066666666666659324,0.16666666666666607,True,0.0985,False
100,363,-0.0766666666666671,-0.1633333333333331,0.0033333333333338544,0.16666666666666696,True,0.0905,False
100,364,-0.0766666666666671,-0.16999999999999993,0.006666666666666821,0.17666666666666675,True,0.091,False
100,365,-0.0766666666666671,-0.1633333333333331,0.0033333333333347426,0.16666666666666785,True,0.106,False
100,366,-0.0766666666666671,-0.1633333333333331,0.0033333333333338544,0.16666666666666696,True,0.0885,False
100,367,-0.0766666666666671,-0.16341666666666715,0.006666666666666821,0.17008333333333397,True,0.099,False
100,368,-0.0766666666666671,-0.16666666666666696,0.006666666666666821,0.17333333333333378,True,0.0885,False
100,369,-0.0766666666666671,-0.16008333333333416,0.0033333333333329662,0.16341666666666713,True,0.104,False
100,370,-0.0766666666666671,-0.16666666666666696,0.006666666666666821,0.17333333333333378,True,0.0825,False
100,371,-0.0766666666666671,-0.163333333333334,0.0033333333333338544,0.16666666666666785,True,0.0985,False
100,372,-0.0766666666666671,-0.16666666666666696,8.881784197001252e-16,0.16666666666666785,True,0.0825,False
100,373,-0.0766666666666671,-0.1633333333333331,0.0033333333333329662,0.16666666666666607,True,0.112,False
100,374,-0.0766666666666671,-0.163333333333334,0.006750000000000534,0.17008333333333453,True,0.104,False
100,375,-0.0766666666666671,-0.16008333333333416,0.0033333333333321,0.16341666666666627,True,0.0915,False
100,376,-0.0766666666666671,-0.1633333333333331,0.006666666666666821,0.16999999999999993,True,0.0925,False
100,377,-0.0766666666666671,-0.1633333333333331,0.0033333333333338544,0.16666666666666696,True,0.0995,False
100,378,-0.0766666666666671,-0.16333333333333314,0.0033333333333329662,0.1666666666666661,True,0.0935,False
100,379,-0.0766666666666671,-0.1633333333333331,0.010000000000000675,0.17333333333333378,True,0.0885,False
100,380,-0.0766666666666671,-0.163333333333334,0.0033333333333329662,0.16666666666666696,True,0.092,False
100,381,-0.0766666666666671,-0.16333333333333225,0.0033333333333338544,0.1666666666666661,True,0.091,False
100,382,-0.0766666666666671,-0.1633333333333331,0.0033333333333329662,0.16666666666666607,True,0.091,False
100,383,-0.0766666666666671,-0.163333333333334,0.0033333333333338544,0.16666666666666785,True,0.097,False
100,384,-0.0766666666666671,-0.16666666666666521,0.006666666666666821,0.17333333333333203,True,0.0995,False
100,385,-0.0766666666666671,-0.15666666666666718,0.0,0.15666666666666718,True,0.092,False
100,386,-0.0766666666666671,-0.16008333333333333,0.006666666666667709,0.16675000000000104,True,0.1,False
100,387,-0.0766666666666671,-0.16999999999999993,8.881784197001252e-16,0.17000000000000082,True,0.09,False
100,388,-0.0766666666666671,-0.1633333333333331,0.0066666666666659324,0.16999999999999904,True,0.093,False
100,389,-0.0766666666666671,-0.163333333333334,0.0033333333333329662,0.16666666666666696,True,0.1025,False
100,390,-0.0766666666666671,-0.1633333333333331,0.0033333333333338544,0.16666666666666696,True,0.0845,False
100,391,-0.0766666666666671,-0.16333333333333314,0.0034166666666667236,0.16674999999999987,True,0.0965,False
100,392,-0.0766666666666671,-0.16341666666666715,0.0033333333333338544,0.166750000000001,True,0.0965,False
100,393,-0.0766666666666671,-0.16666666666666696,0.006666666666666821,0.17333333333333378,True,0.0925,False
100,394,-0.0766666666666671,-0.1666666666666661,8.333333333373538e-05,0.16674999999999984,True,0.0955,False
100,395,-0.0766666666666671,-0.1633333333333331,0.006666666666666843,0.16999999999999996,True,0.0975,False
100,396,-0.0766666666666671,-0.1633333333333331,0.006666666666666821,0.16999999999999993,True,0.097,False
100,397,-0.0766666666666671,-0.16341666666666715,0.0033333333333329662,0.16675000000000012,True,0.0965,False
100,398,-0.0766666666666671,-0.16666666666666607,0.006666666666666821,0.1733333333333329,True,0.0975,False
100,399,-0.0766666666666671,-0.1633333333333331,0.006750000000000534,0.17008333333333364,True,0.093,False
100,400,-0.0766666666666671,-0.16666666666666607,0.0033333333333338544,0.16999999999999993,True,0.0875,False
100,401,-0.0766666666666671,-0.16675000000000012,0.0033333333333329662,0.1700833333333331,True,0.093,False
100,402,-0.0766666666666671,-0.16333333333333314,0.00674999999999969,0.17008333333333284,True,0.091,False
100,403,-0.0766666666666671,-0.16000000000000014,0.0033333333333329883,0.16333333333333314,True,0.1025,False
100,404,-0.0766666666666671,-0.16666666666666607,0.0033333333333329662,0.16999999999999904,True,0.0885,False
100,405,-0.0766666666666671,-0.16999999999999993,0.0033333333333329662,0.1733333333333329,True,0.097,False
100,406,-0.0766666666666671,-0.16666666666666607,0.0033333333333338544,0.16999999999999993,True,0.103,False
100,407,-0.0766666666666671,-0.1666666666666661,0.0033333333333338544,0.16999999999999996,True,0.0955,False
100,408,-0.0766666666666671,-0.1666666666666661,0.006666666666666821,0.17333333333333292,True,0.09,False
100,409,-0.0766666666666671,-0.16675000000000015,0.0033333333333338544,0.170083333333334,True,0.098,False
100,410,-0.0766666666666671,-0.16666666666666607,0.0033333333333329662,0.16999999999999904,True,0.0885,False
100,411,-0.0766666666666671,-0.16666666666666696,0.0033333333333338544,0.17000000000000082,True,0.0925,False
100,412,-0.0766666666666671,-0.1666666666666652,0.0033333333333329662,0.16999999999999815,True,0.094,False
100,413,-0.0766666666666671,-0.16999999999999907,0.0033333333333329883,0.17333333333333206,True,0.0915,False
100,414,-0.0766666666666671,-0.16999999999999993,0.0033333333333338544,0.17333333333333378,True,0.0805,False
100,415,-0.0766666666666671,-0.163333333333334,0.006666666666666821,0.17000000000000082,True,0.1045,False
100,416,-0.0766666666666671,-0.16999999999999907,0.0033333333333329883,0.17333333333333206,True,0.0985,False
100,417,-0.0766666666666671,-0.16666666666666607,0.0066666666666659324,0.173333333333332,True,0.089,False
100,418,-0.0766666666666671,-0.16341666666666713,0.0033333333333338544,0.16675000000000098,True,0.0865,False
100,419,-0.0766666666666671,-0.1666666666666661,0.0033333333333338544,0.16999999999999996,True,0.095,False
100,420,-0.0766666666666671,-0.16666666666666607,0.0033333333333329883,0.16999999999999907,True,0.091,False
100,421,-0.0766666666666671,-0.1633333333333331,0.0033333333333329662,0.16666666666666607,True,0.0915,False
100,422,-0.0766666666666671,-0.1633333333333331,0.0033333333333338544,0.16666666666666696,True,0.091,False
100,423,-0.0766666666666671,-0.163333333333334,0.013333333333332753,0.17666666666666675,True,0.1045,False
100,424,-0.0766666666666671,-0.16008333333333416,0.0034166666666666794,0.16350000000000084,True,0.098,False
100,425,-0.0766666666666671,-0.1666666666666661,0.006666666666666821,0.17333333333333292,True,0.0905,False
100,426,-0.0766666666666671,-0.1633333333333331,0.0033333333333338544,0.16666666666666696,True,0.1025,False
100,427,-0.0766666666666671,-0.16333333333333225,0.009999999999999787,0.17333333333333203,True,0.097,False
100,428,-0.0766666666666671,-0.163333333333334,0.00674999999999969,0.1700833333333337,True,0.088,False
100,429,-0.0766666666666671,-0.163333333333334,0.006666666666666821,0.17000000000000082,True,0.0915,False
100,430,-0.0766666666666671,-0.1633333333333331,0.006666666666666821,0.16999999999999993,True,0.09,False
100,431,-0.0766666666666671,-0.16666666666666696,0.006666666666666821,0.17333333333333378,True,0.111,False
100,432,-0.0766666666666671,-0.15999999999999925,0.006666666666667709,0.16666666666666696,True,0.1025,False
100,433,-0.0766666666666671,-0.16000000000000017,0.0,0.16000000000000017,True,0.1,False
100,434,-0.07666666666666622,-0.1633333333333331,0.009999999999999787,0.1733333333333329,True,0.078,False
100,435,-0.0766666666666671,-0.16341666666666715,0.0066666666666659324,0.1700833333333331,True,0.0845,False
100,436,-0.0766666666666671,-0.16666666666666696,0.0033333333333329662,0.16999999999999993,True,0.0945,False
100,437,-0.0766666666666671,-0.16333333333333225,0.006666666666666821,0.16999999999999907,True,0.1015,False
100,438,-0.0766666666666671,-0.1666666666666661,0.0033333333333338544,0.16999999999999996,True,0.0885,False
100,439,-0.0766666666666671,-0.16341666666666713,0.0033333333333338544,0.16675000000000098,True,0.0925,False
100,440,-0.0766666666666671,-0.16666666666666607,0.0033333333333329662,0.16999999999999904,True,0.086,False
100,441,-0.0766666666666671,-0.1633333333333331,0.006666666666666821,0.16999999999999993,True,0.098,False
100,442,-0.0766666666666671,-0.16000000000000014,0.006666666666665955,0.1666666666666661,True,0.103,False
100,443,-0.0766666666666671,-0.16666666666666607,0.0066666666666659324,0.173333333333332,True,0.098,False
100,444,-0.0766666666666671,-0.16341666666666715,0.0,0.16341666666666715,True,0.109,False
100,445,-0.0766666666666671,-0.16333333333333225,0.0066666666666659324,0.16999999999999818,True,0.0885,False
100,446,-0.0766666666666671,-0.16666666666666607,0.0033333333333338544,0.16999999999999993,True,0.094,False
100,447,-0.0766666666666671,-0.16666666666666696,0.006666666666666821,0.17333333333333378,True,0.094,False
100,448,-0.0766666666666671,-0.1633333333333331,0.006666666666666821,0.16999999999999993,True,0.09,False
100,449,-0.0766666666666671,-0.163333333333334,0.0033333333333329883,0.166666666666667,True,0.0925,False
100,450,-0.0766666666666671,-0.16000000000000014,0.006666666666666821,0.16666666666666696,True,0.0925,False
100,451,-0.0766666666666671,-0.16666666666666696,0.009999999999999787,0.17666666666666675,True,0.1065,False
100,452,-0.07666666666666622,-0.16333333333333314,0.0033333333333338544,0.166666666666667,True,0.0925,False
100,453,-0.0766666666666671,-0.16000000000000017,0.0,0.16000000000000017,True,0.0985,False
100,454,-0.0766666666666671,-0.16666666666666607,0.006666666666666821,0.1733333333333329,True,0.0885,False
100,455,-0.0766666666666671,-0.1633333333333331,0.006666666666666821,0.16999999999999993,True,0.101,False
100,456,-0.0766666666666671,-0.16333333333333225,0.006666666666666821,0.16999999999999907,True,0.1085,False
100,457,-0.0766666666666671,-0.1666666666666661,0.0033333333333338544,0.16999999999999996,True,0.106,False
100,458,-0.0766666666666671,-0.15999999999999925,0.0033333333333338544,0.1633333333333331,True,0.078,False
100,459,-0.0766666666666671,-0.16000000000000014,0.0033333333333329883,0.16333333333333314,True,0.0915,False
100,460,-0.0766666666666671,-0.16666666666666696,0.0033333333333338544,0.17000000000000082,True,0.098,False
100,461,-0.0766666666666671,-0.16000000000000014,0.0066666666666659324,0.16666666666666607,True,0.098,False
100,462,-0.07666666666666622,-0.16333333333333314,0.009999999999999787,0.17333333333333292,True,0.1005,False
100,463,-0.0766666666666671,-0.16666666666666696,0.0033333333333329662,0.16999999999999993,True,0.096,False
100,464,-0.0766666666666671,-0.16000000000000014,0.0033333333333338544,0.163333333333334,True,0.0935,False
100,465,-0.0766666666666671,-0.16666666666666696,0.0033333333333329662,0.16999999999999993,True,0.088,False
100,466,-0.0766666666666671,-0.16000000000000017,0.0033333333333338544,0.16333333333333402,True,0.0765,False
100,467,-0.0766666666666671,-0.16333333333333225,0.006666666666666821,0.16999999999999907,True,0.0895,False
100,468,-0.0766666666666671,-0.16666666666666696,0.0033333333333338544,0.17000000000000082,True,0.0975,False
100,469,-0.0766666666666671,-0.1633333333333331,0.0033333333333329883,0.1666666666666661,True,0.104,False
100,470,-0.0766666666666671,-0.1633333333333331,8.333333333286941e-05,0.163416666666666,True,0.0945,False
100,471,-0.0766666666666671,-0.16999999999999996,0.0033333333333329662,0.17333333333333292,True,0.0935,False
100,472,-0.0766666666666671,-0.15666666666666718,0.006666666666666821,0.163333333333334,True,0.102,False
100,473,-0.0766666666666671,-0.163333333333334,0.006666666666666821,0.17000000000000082,True,0.0925,False
100,474,-0.0766666666666671,-0.16666666666666607,0.0033333333333329883,0.16999999999999907,True,0.089,False
100,475,-0.0766666666666671,-0.16666666666666696,0.0033333333333329662,0.16999999999999993,True,0.098,False
100,476,-0.0766666666666671,-0.16000000000000014,0.0033333333333338544,0.163333333333334,True,0.0955,False
100,477,-0.0766666666666671,-0.16666666666666607,0.006666666666666821,0.1733333333333329,True,0.102,False
100,478,-0.0766666666666671,-0.163333333333334,0.006666666666665955,0.16999999999999996,True,0.0965,False
100,479,-0.0766666666666671,-0.16666666666666696,0.0033333333333338544,0.17000000000000082,True,0.0885,False
100,480,-0.0766666666666671,-0.16675000000000098,0.0033333333333329662,0.17008333333333395,True,0.103,False
100,481,-0.0766666666666671,-0.1633333333333331,2.2204460492381962e-17,0.16333333333333314,True,0.0825,False
100,482,-0.0766666666666671,-0.16341666666666715,0.006666666666666821,0.17008333333333397,True,0.0935,False
100,483,-0.0766666666666671,-0.16675000000000015,0.0033333333333338544,0.170083333333334,True,0.0865,False
100,484,-0.0766666666666671,-0.1633333333333331,0.006666666666666821,0.16999999999999993,True,0.0905,False
100,485,-0.0766666666666671,-0.16000000000000014,0.006666666666666821,0.16666666666666696,True,0.095,False
100,486,-0.0766666666666671,-0.16666666666666607,8.333333333373538e-05,0.16674999999999982,True,0.0855,False
100,487,-0.0766666666666671,-0.1633333333333331,0.006666666666666821,0.16999999999999993,True,0.0935,False
100,488,-0.0766666666666671,-0.16999999999999993,0.0033333333333338544,0.17333333333333378,True,0.093,False
100,489,-0.07666666666666622,-0.1633333333333331,0.013333333333333641,0.17666666666666675,True,0.1,False
100,490,-0.0766666666666671,-0.1666666666666661,8.333333333373538e-05,0.16674999999999984,True,0.094,False
100,491,-0.0766666666666671,-0.16008333333333333,0.006666666666666821,0.16675000000000015,True,0.086,False
100,492,-0.07666666666666622,-0.16000000000000014,0.0066666666666659324,0.16666666666666607,True,0.0965,False
100,493,-0.0766666666666671,-0.16333333333333225,0.006666666666666821,0.16999999999999907,True,0.103,False
100,494,-0.0766666666666671,-0.163333333333334,0.006666666666666821,0.17000000000000082,True,0.085,False
100,495,-0.0766666666666671,-0.1633333333333331,0.00674999999999969,0.1700833333333328,True,0.0825,False
100,496,-0.0766666666666671,-0.16333333333333225,0.0033333333333329662,0.16666666666666521,True,0.0965,False
100,497,-0.0766666666666671,-0.16666666666666607,0.006666666666666821,0.1733333333333329,True,0.101,False
100,498,-0.0766666666666671,-0.16000000000000017,0.006666666666666821,0.166666666666667,True,0.0955,False
100,499,-0.0766666666666671,-0.16333333333333225,0.0034166666666675897,0.16674999999999984,True,0.0915,False
