sample_size,trial,point_estimate,ci_lower,ci_upper,ci_width,contains_full_sample_estimate,p_value,significant_at_05
25,0,-0.6533333333333329,-1.0936666666666668,-0.19999999999999973,0.893666666666667,True,0.0145,True
25,1,-0.7199999999999998,-1.106666666666666,-0.3330000000000015,0.7736666666666645,True,0.0015,True
25,2,-0.4133333333333331,-0.7866666666666671,-0.026666666666666384,0.7600000000000007,True,0.047,True
25,3,-0.7733333333333334,-1.1333333333333333,-0.45333333333333403,0.6799999999999993,True,0.0,True
25,4,-0.26666666666666616,-0.7069999999999993,0.16000000000000014,0.8669999999999994,True,0.2885,False
25,5,-0.7866666666666666,-1.2799999999999994,-0.293333333333333,0.9866666666666664,True,0.007,True
25,6,-0.4266666666666663,-0.8533333333333326,0.013333333333333641,0.8666666666666663,True,0.077,False
25,7,-0.6000000000000001,-1.106666666666667,-0.09333333333333282,1.013333333333334,True,0.0495,True
25,8,-0.6133333333333333,-1.0533333333333337,-0.1600000000000006,0.8933333333333331,True,0.0205,True
25,9,-0.3600000000000003,-0.7199999999999989,0.013666666666666006,0.7336666666666649,True,0.0835,False
25,10,-0.9200000000000004,-1.2666666666666662,-0.5866666666666669,0.6799999999999993,False,0.0,True
25,11,-0.7599999999999998,-1.146666666666667,-0.3466666666666667,0.8000000000000003,True,0.0015,True
25,12,-0.7600000000000002,-1.2533333333333334,-0.22666666666666657,1.0266666666666668,True,0.0085,True
25,13,-0.38666666666666627,-0.8266666666666662,0.040000000000000493,0.8666666666666667,True,0.1005,False
25,14,-0.9733333333333332,-1.4133333333333327,-0.5333333333333332,0.8799999999999994,True,0.0005,True
25,15,-0.52,-0.9603333333333336,-0.09333333333333371,0.8669999999999999,True,0.0245,True
25,16,-0.8933333333333331,-1.2533333333333347,-0.5333333333333337,0.7200000000000011,True,0.0,True
25,17,-0.21333333333333337,-0.5466666666666673,0.1733333333333329,0.7200000000000002,False,0.305,False
25,18,-0.7999999999999998,-1.2399999999999998,-0.36000000000000076,0.879999999999999,True,0.0005,True
25,19,-0.7333333333333334,-1.1466666666666674,-0.3333333333333335,0.8133333333333339,True,0.0005,True
25,20,-0.56,-0.9066666666666663,-0.17333333333333334,0.733333333333333,True,0.011,True
25,21,-0.6933333333333334,-1.0266666666666664,-0.3463333333333339,0.6803333333333326,True,0.0,True
25,22,-0.5066666666666659,-0.9466666666666663,-0.10633333333333454,0.8403333333333318,True,0.0355,True
25,23,-0.813333333333333,-1.2933333333333326,-0.3200000000000003,0.9733333333333323,True,0.003,True
25,24,-0.4799999999999991,-0.8269999999999998,-0.1200000000000001,0.7069999999999997,True,0.0175,True
25,25,-0.6133333333333337,-0.987,-0.23999999999999932,0.7470000000000007,True,0.008,True
25,26,-0.43999999999999906,-0.9736666666666663,0.08033333333333202,1.0539999999999983,True,0.133,False
25,27,-0.5333333333333332,-1.0270000000000004,-0.026666666666666394,1.000333333333334,True,0.0585,False
25,28,-0.733333333333333,-1.1999999999999997,-0.2666666666666657,0.933333333333334,True,0.01,True
25,29,-0.43999999999999995,-0.8666666666666667,0.00033333333333236583,0.8669999999999991,True,0.065,False
25,30,-0.48000000000000087,-0.9336666666666672,-0.040000000000000466,0.8936666666666667,True,0.056,False
25,31,-0.17333333333333245,-0.5466666666666664,0.20000000000000107,0.7466666666666675,False,0.4035,False
25,32,-0.7466666666666661,-1.1999999999999997,-0.29300000000000154,0.9069999999999983,True,0.0015,True
25,33,-0.626666666666666,-1.0133333333333332,-0.2533333333333334,0.7599999999999998,True,0.0035,True
25,34,-0.5466666666666664,-1.0533333333333332,-0.053000000000000866,1.0003333333333324,True,0.0565,False
25,35,-0.586666666666666,-0.96,-0.16000000000000014,0.7999999999999998,True,0.015,True
25,36,-0.6666666666666665,-1.1333333333333333,-0.1866666666666674,0.9466666666666659,True,0.011,True
25,37,-0.3733333333333331,-0.7733333333333334,0.026666666666666394,0.7999999999999998,True,0.0955,False
25,38,-0.546666666666666,-1.0133333333333336,-0.13333333333333286,0.8800000000000008,True,0.033,True
25,39,-0.6399999999999992,-1.0799999999999992,-0.1999999999999993,0.8799999999999999,True,0.009,True
25,40,-0.9866666666666659,-1.4133333333333336,-0.56,0.8533333333333335,True,0.0,True
25,41,-0.3466666666666667,-0.6933333333333329,1.1102230246190981e-17,0.6933333333333329,True,0.061,False
25,42,-0.20000000000000018,-0.6133333333333337,0.23999999999999932,0.853333333333333,True,0.3835,False
25,43,-0.5199999999999996,-0.9199999999999999,-0.1200000000000001,0.7999999999999998,True,0.025,True
25,44,-0.5733333333333333,-0.9733333333333332,-0.17333333333333334,0.7999999999999998,True,0.012,True
25,45,-0.7999999999999994,-1.1866666666666652,-0.44000000000000083,0.7466666666666644,True,0.0,True
25,46,-0.6133333333333328,-1.0266666666666664,-0.19966666666666738,0.8269999999999991,True,0.014,True
25,47,-0.7066666666666666,-1.0266666666666664,-0.3733333333333331,0.6533333333333333,True,0.002,True
25,48,-0.586666666666666,-1.106666666666666,-0.0796666666666677,1.0269999999999984,True,0.057,False
25,49,-0.5066666666666668,-0.9599999999999995,-0.03966666666666809,0.9203333333333314,True,0.0485,True
25,50,-0.35999999999999943,-0.8666666666666658,0.13333333333333375,0.9999999999999996,True,0.188,False
25,51,-0.893333333333334,-1.3333333333333335,-0.42666666666666586,0.9066666666666676,True,0.0015,True
25,52,-0.7199999999999998,-1.0803333333333323,-0.34666666666666623,0.733666666666666,True,0.0,True
25,53,-0.293333333333333,-0.7603333333333334,0.14666666666666694,0.9070000000000004,True,0.2685,False
25,54,-0.20000000000000018,-0.6266666666666665,0.25333333333333297,0.8799999999999994,True,0.39,False
25,55,-0.6800000000000002,-1.146666666666666,-0.21333333333333382,0.9333333333333322,True,0.01,True
25,56,-0.6533333333333333,-1.08,-0.19999999999999973,0.8800000000000003,True,0.0145,True
25,57,-0.3333333333333335,-0.7599999999999989,0.10699999999999883,0.8669999999999978,True,0.1965,False
25,58,-0.47999999999999954,-0.8266666666666667,-0.11999999999999966,0.706666666666667,True,0.0195,True
25,59,-0.24000000000000066,-0.6933333333333329,0.21333333333333337,0.9066666666666663,True,0.322,False
25,60,-0.3999999999999999,-0.7999999999999989,-8.881784197001252e-16,0.799999999999998,True,0.0865,False
25,61,-0.8933333333333326,-1.1869999999999994,-0.586666666666666,0.6003333333333334,False,0.0,True
25,62,-0.7600000000000002,-1.2003333333333337,-0.3333333333333335,0.8670000000000002,True,0.0045,True
25,63,-0.4400000000000004,-0.8133333333333335,-0.040000000000000466,0.773333333333333,True,0.0415,True
25,64,-0.5600000000000005,-0.9066666666666663,-0.19999999999999973,0.7066666666666666,True,0.008,True
25,65,-0.5066666666666668,-0.9733333333333327,-0.07999999999999918,0.8933333333333335,True,0.05,False
25,66,-0.8000000000000003,-1.1733333333333333,-0.41300000000000164,0.7603333333333318,True,0.0015,True
25,67,-0.733333333333333,-1.1333333333333329,-0.35999999999999943,0.7733333333333334,True,0.002,True
25,68,-0.5999999999999996,-0.9200000000000004,-0.23966666666666828,0.6803333333333321,True,0.0045,True
25,69,-0.49333333333333274,-0.9466666666666668,-0.02633333333333446,0.9203333333333323,True,0.0585,False
25,70,-0.5333333333333323,-0.96,-0.10666666666666645,0.8533333333333335,True,0.0315,True
25,71,-0.56,-1.0136666666666658,-0.15999999999999925,0.8536666666666666,True,0.0335,True
25,72,-0.4933333333333332,-0.8800000000000003,-0.08000000000000004,0.8000000000000003,True,0.035,True
25,73,-0.7866666666666662,-1.1333333333333333,-0.4533333333333336,0.6799999999999997,True,0.0005,True
25,74,-0.7866666666666666,-1.1866666666666665,-0.3999999999999999,0.7866666666666666,True,0.0025,True
25,75,-0.3333333333333326,-0.6933333333333334,0.040000000000000036,0.7333333333333334,True,0.099,False
25,76,-0.26666666666666705,-0.6533333333333333,0.1200000000000001,0.7733333333333334,True,0.231,False
25,77,-0.3733333333333331,-0.853333333333333,0.06666666666666643,0.9199999999999995,True,0.1395,False
25,78,-0.5599999999999992,-0.9733333333333327,-0.14633333333333456,0.8269999999999982,True,0.0195,True
25,79,-0.973333333333334,-1.3466666666666671,-0.600000000000001,0.7466666666666661,False,0.0,True
25,80,-0.3733333333333335,-0.7199999999999998,0.013333333333333197,0.733333333333333,True,0.083,False
25,81,-0.5466666666666673,-1.1333333333333333,0.03999999999999959,1.173333333333333,True,0.075,False
25,82,-0.35999999999999943,-0.7866666666666657,0.05333333333333368,0.8399999999999994,True,0.1365,False
25,83,-0.9466666666666654,-1.3203333333333334,-0.56,0.7603333333333333,True,0.0,True
25,84,-1.0133333333333332,-1.4933333333333336,-0.5733333333333324,0.9200000000000013,False,0.0005,True
25,85,-0.4533333333333336,-0.8666666666666663,-0.05333333333333279,0.8133333333333335,True,0.053,False
25,86,-0.4800000000000004,-1.0003333333333326,0.013333333333333197,1.0136666666666658,True,0.081,False
25,87,-0.7733333333333325,-1.1600000000000001,-0.38666666666666627,0.7733333333333339,True,0.0005,True
25,88,-0.8133333333333326,-1.253333333333333,-0.3863333333333335,0.8669999999999995,True,0.003,True
25,89,-0.5333333333333337,-1.027,-0.03999999999999958,0.9870000000000003,True,0.0545,False
25,90,-0.8666666666666663,-1.1999999999999997,-0.5599999999999992,0.6400000000000006,True,0.0,True
25,91,-0.48,-0.96,0.0,0.96,True,0.081,False
25,92,-0.3066666666666671,-0.733333333333333,0.10666666666666691,0.8399999999999999,True,0.19,False
25,93,-0.7200000000000002,-1.1999999999999997,-0.25333333333333297,0.9466666666666668,True,0.01,True
25,94,-0.45333333333333314,-0.8399999999999999,-0.09333333333333282,0.746666666666667,True,0.0435,True
25,95,-0.6666666666666661,-1.12,-0.22666666666666702,0.8933333333333331,True,0.0095,True
25,96,-0.6666666666666661,-1.1599999999999997,-0.1996666666666678,0.9603333333333319,True,0.017,True
25,97,-0.6400000000000006,-1.0399999999999996,-0.21333333333333337,0.8266666666666662,True,0.005,True
25,98,-0.8000000000000003,-1.2933333333333334,-0.2666666666666666,1.0266666666666668,True,0.0075,True
25,99,-0.7466666666666661,-1.08,-0.3599999999999999,0.7200000000000002,True,0.0005,True
25,100,-0.8533333333333335,-1.3203333333333334,-0.3466666666666671,0.9736666666666662,True,0.002,True
25,101,-0.7866666666666666,-1.2133333333333334,-0.3600000000000003,0.853333333333333,True,0.0025,True
25,102,-0.5866666666666664,-1.1066666666666674,-0.013333333333334507,1.0933333333333328,True,0.0545,False
25,103,-0.30666666666666575,-0.6933333333333338,0.13333333333333375,0.8266666666666675,True,0.1595,False
25,104,-0.40000000000000036,-0.7066666666666666,-0.08000000000000007,0.6266666666666665,True,0.0225,True
25,105,-0.5333333333333332,-1.066666666666666,-0.01333333333333363,1.0533333333333323,True,0.066,False
25,106,-0.4666666666666659,-0.8266666666666667,-0.09333333333333282,0.7333333333333338,True,0.031,True
25,107,-0.853333333333333,-1.2666666666666662,-0.4533333333333336,0.8133333333333326,True,0.002,True
25,108,-0.5999999999999996,-1.0266666666666668,-0.17333333333333334,0.8533333333333335,True,0.008,True
25,109,-0.40000000000000036,-0.773333333333333,-0.013333333333333187,0.7599999999999998,True,0.066,False
25,110,-0.9066666666666672,-1.2799999999999994,-0.5599999999999996,0.7199999999999998,True,0.0,True
25,111,-0.45333333333333314,-0.9203333333333331,0.03999999999999959,0.9603333333333327,True,0.104,False
25,112,-0.46666666666666634,-0.8800000000000003,-0.06666666666666643,0.8133333333333339,True,0.0345,True
25,113,-0.666666666666667,-1.1466666666666665,-0.13333333333333286,1.0133333333333336,True,0.022,True
25,114,-0.42666666666666675,-0.9203333333333331,0.09333333333333371,1.013666666666667,True,0.147,False
25,115,-0.6400000000000001,-1.08,-0.17333333333333378,0.9066666666666663,True,0.0155,True
25,116,-0.46666666666666634,-0.9333333333333336,-0.01300000000000082,0.9203333333333328,True,0.06,False
25,117,-0.7199999999999993,-1.1733333333333325,-0.2666666666666666,0.9066666666666658,True,0.005,True
25,118,-0.6666666666666665,-1.12,-0.21300000000000147,0.9069999999999987,True,0.0125,True
25,119,-0.38666666666666627,-0.8133333333333335,0.07999999999999964,0.8933333333333331,True,0.133,False
25,120,-0.7466666666666666,-1.0799999999999996,-0.41333333333333355,0.6666666666666661,True,0.0005,True
25,121,-0.6000000000000001,-0.9066666666666672,-0.2799999999999998,0.6266666666666674,True,0.0035,True
25,122,-0.3866666666666658,-0.7733333333333325,1.1102230246190981e-17,0.7733333333333325,True,0.074,False
25,123,-0.3999999999999999,-0.7999999999999998,-0.013000000000000842,0.786999999999999,True,0.069,False
25,124,-0.5333333333333323,-0.9066666666666658,-0.13333333333333464,0.7733333333333312,True,0.0155,True
25,125,-0.3333333333333326,-0.7066666666666661,0.039999999999999605,0.7466666666666657,True,0.101,False
25,126,-0.8533333333333322,-1.3466666666666662,-0.3466666666666658,1.0000000000000004,True,0.004,True
25,127,-0.293333333333333,-0.7203333333333334,0.10666666666666647,0.8269999999999998,True,0.2155,False
25,128,-0.23999999999999977,-0.7733333333333334,0.2400000000000002,1.0133333333333336,True,0.373,False
25,129,-0.6533333333333324,-1.12,-0.16000000000000014,0.96,True,0.019,True
25,130,-0.546666666666666,-1.026666666666666,-0.06666666666666687,0.9599999999999991,True,0.0385,True
25,131,-0.8000000000000003,-1.2799999999999998,-0.38666666666666716,0.8933333333333326,True,0.001,True
25,132,-0.56,-0.9336666666666663,-0.19999999999999973,0.7336666666666666,True,0.009,True
25,133,-0.45333333333333403,-0.9333333333333327,0.02666666666666597,0.9599999999999986,True,0.0955,False
25,134,-0.21333333333333337,-0.5470000000000005,0.13333333333333242,0.6803333333333329,False,0.268,False
25,135,-0.293333333333333,-0.7200000000000002,0.1333333333333333,0.8533333333333335,True,0.1895,False
25,136,-0.2533333333333343,-0.7066666666666666,0.1466666666666665,0.853333333333333,True,0.26,False
25,137,-0.4666666666666668,-0.9066666666666663,-0.02666666666666684,0.8799999999999994,True,0.069,False
25,138,-0.6000000000000001,-1.0666666666666669,-0.14633333333333415,0.9203333333333328,True,0.031,True
25,139,-0.21333333333333293,-0.626666666666666,0.20000000000000018,0.8266666666666662,True,0.3695,False
25,140,-0.8266666666666667,-1.2266666666666661,-0.4533333333333327,0.7733333333333334,True,0.0005,True
25,141,-0.6933333333333334,-1.106666666666667,-0.31999999999999984,0.7866666666666671,True,0.002,True
25,142,-0.52,-0.9066666666666663,-0.1466666666666665,0.7599999999999998,True,0.014,True
25,143,-0.6533333333333342,-1.026999999999999,-0.2400000000000002,0.7869999999999988,True,0.003,True
25,144,-0.7600000000000002,-1.1599999999999997,-0.37333333333333396,0.7866666666666657,True,0.0015,True
25,145,-0.8933333333333335,-1.3333333333333321,-0.4530000000000012,0.880333333333331,True,0.0005,True
25,146,-0.5733333333333328,-1.0666666666666673,-0.10666666666666645,0.9600000000000009,True,0.0385,True
25,147,-0.8533333333333335,-1.2666666666666666,-0.4400000000000004,0.8266666666666662,True,0.0,True
25,148,-0.706666666666667,-1.1599999999999997,-0.25333333333333385,0.9066666666666658,True,0.007,True
25,149,-0.5066666666666664,-0.9066666666666667,-0.11999999999999922,0.7866666666666675,True,0.031,True
25,150,-1.12,-1.4533333333333336,-0.7866666666666662,0.6666666666666674,False,0.0,True
25,151,-0.38666666666666716,-0.8399999999999994,0.06666666666666687,0.9066666666666663,True,0.127,False
25,152,-0.7466666666666657,-1.106666666666667,-0.38666666666666627,0.7200000000000006,True,0.0005,True
25,153,-0.5066666666666664,-0.8266666666666658,-0.16000000000000014,0.6666666666666656,True,0.014,True
25,154,-0.09333333333333282,-0.5199999999999996,0.30666666666666664,0.8266666666666662,False,0.6995,False
25,155,-0.4533333333333336,-0.8666666666666667,-0.02666666666666595,0.8400000000000007,True,0.0435,True
25,156,-0.773333333333333,-1.2666666666666662,-0.25333333333333424,1.0133333333333319,True,0.008,True
25,157,-0.5066666666666659,-0.9866666666666664,-0.040000000000000036,0.9466666666666663,True,0.0605,False
25,158,-0.4133333333333322,-0.839999999999999,-0.026666666666666384,0.8133333333333326,True,0.07,False
25,159,-0.5066666666666668,-0.9199999999999999,-0.08000000000000006,0.8399999999999999,True,0.034,True
25,160,-0.6133333333333333,-1.0800000000000005,-0.1466666666666674,0.9333333333333331,True,0.021,True
25,161,-0.2799999999999998,-0.7736666666666666,0.20033333333333167,0.9739999999999983,True,0.314,False
25,162,-0.3466666666666671,-0.8000000000000007,0.1203333333333329,0.9203333333333337,True,0.178,False
25,163,-0.6666666666666665,-1.1469999999999996,-0.21333333333333293,0.9336666666666666,True,0.012,True
25,164,-0.6133333333333328,-1.0266666666666668,-0.18666666666666654,0.8400000000000003,True,0.017,True
25,165,-0.413333333333334,-0.8533333333333326,0.013333333333333208,0.8666666666666658,True,0.0815,False
25,166,-0.42666666666666675,-0.8666666666666667,0.02666666666666685,0.8933333333333335,True,0.1095,False
25,167,-0.4666666666666668,-0.9869999999999995,0.02666666666666684,1.0136666666666665,True,0.0715,False
25,168,-0.3733333333333331,-0.7333333333333325,-0.013333333333334507,0.719999999999998,True,0.058,False
25,169,-0.6666666666666661,-1.0266666666666664,-0.3333333333333335,0.6933333333333329,True,0.002,True
25,170,-0.5999999999999988,-1.0266666666666664,-0.18666666666666654,0.8399999999999999,True,0.015,True
25,171,-0.22666666666666657,-0.6666666666666661,0.18666666666666698,0.853333333333333,True,0.371,False
25,172,-0.5066666666666664,-0.9333333333333327,-0.11999999999999922,0.8133333333333335,True,0.026,True
25,173,-0.7466666666666666,-1.2400000000000002,-0.22666666666666746,1.0133333333333328,True,0.0145,True
25,174,-0.6933333333333329,-1.1599999999999993,-0.23999999999999977,0.9199999999999995,True,0.01,True
25,175,-0.3466666666666667,-0.7466666666666666,0.05333333333333323,0.7999999999999998,True,0.127,False
25,176,-0.3866666666666658,-0.7466666666666661,-0.026666666666667272,0.7199999999999989,True,0.0375,True
25,177,-0.5999999999999996,-1.04,-0.10666666666666601,0.933333333333334,True,0.023,True
25,178,-0.38666666666666716,-0.7466666666666657,-0.01333333333333363,0.7333333333333321,True,0.0535,False
25,179,-0.6933333333333342,-1.12,-0.30666666666666753,0.8133333333333326,True,0.003,True
25,180,-0.27999999999999936,-0.7599999999999998,0.1466666666666665,0.9066666666666663,True,0.261,False
25,181,-0.7733333333333325,-1.1600000000000001,-0.3199999999999994,0.8400000000000007,True,0.002,True
25,182,-0.6933333333333334,-1.106666666666666,-0.2799999999999998,0.8266666666666662,True,0.001,True
25,183,-0.6933333333333325,-0.9733333333333318,-0.3866666666666667,0.5866666666666651,True,0.0,True
25,184,-0.6533333333333338,-1.04,-0.25333333333333385,0.7866666666666662,True,0.0005,True
25,185,-0.7466666666666661,-1.0799999999999992,-0.3999999999999999,0.6799999999999993,True,0.0,True
25,186,-0.5999999999999988,-1.0933333333333337,-0.08000000000000007,1.0133333333333336,True,0.029,True
25,187,-0.5999999999999996,-1.0800000000000005,-0.11999999999999965,0.9600000000000009,True,0.0375,True
25,188,-0.5866666666666664,-0.8933333333333331,-0.28000000000000025,0.6133333333333328,True,0.0015,True
25,189,-0.7866666666666657,-1.0666666666666669,-0.4933333333333332,0.5733333333333337,True,0.0,True
25,190,-0.7733333333333334,-1.1870000000000005,-0.3596666666666688,0.8273333333333317,True,0.004,True
25,191,-0.7866666666666671,-1.1469999999999996,-0.4533333333333336,0.693666666666666,True,0.0,True
25,192,-0.5466666666666669,-1.0136666666666663,-0.053333333333332775,0.9603333333333335,True,0.0455,True
25,193,-0.4533333333333336,-0.8270000000000003,-0.07999999999999961,0.7470000000000007,True,0.0285,True
25,194,-0.4399999999999995,-0.8799999999999994,0.0,0.8799999999999994,True,0.075,False
25,195,-0.4800000000000004,-0.9200000000000004,-0.03999999999999958,0.8800000000000008,True,0.047,True
25,196,-0.6133333333333333,-1.0133333333333323,-0.21333333333333382,0.7999999999999985,True,0.009,True
25,197,-0.9199999999999995,-1.306666666666667,-0.5199999999999996,0.7866666666666675,True,0.0,True
25,198,-0.6399999999999997,-1.1733333333333325,-0.1466666666666665,1.026666666666666,True,0.0265,True
25,199,-0.5066666666666668,-0.8933333333333331,-0.16000000000000014,0.733333333333333,True,0.0185,True
25,200,-0.8533333333333335,-1.1866666666666656,-0.5330000000000013,0.6536666666666644,True,0.0,True
25,201,-0.2666666666666657,-0.733333333333333,0.22666666666666657,0.9599999999999995,True,0.288,False
25,202,-0.6133333333333333,-0.9866666666666668,-0.22633333333333508,0.7603333333333318,True,0.008,True
25,203,-0.5066666666666655,-0.8399999999999999,-0.1733333333333329,0.666666666666667,True,0.012,True
25,204,-0.8400000000000003,-1.2533333333333334,-0.3866666666666667,0.8666666666666667,True,0.0005,True
25,205,-0.47999999999999954,-0.9600000000000004,-0.01333333333333363,0.9466666666666668,True,0.073,False
25,206,-0.3200000000000003,-0.8000000000000003,0.1600000000000006,0.9600000000000009,True,0.2195,False
25,207,-0.37333333333333263,-0.8269999999999998,0.040000000000000036,0.8669999999999999,True,0.115,False
25,208,-0.6399999999999997,-1.1733333333333333,-0.13333333333333286,1.0400000000000005,True,0.0385,True
25,209,-0.6000000000000005,-0.9736666666666668,-0.22666666666666657,0.7470000000000002,True,0.005,True
25,210,-0.5866666666666673,-1.0266666666666664,-0.14666666666666694,0.8799999999999994,True,0.015,True
25,211,-0.413333333333334,-0.7866666666666662,-0.03966666666666809,0.7469999999999981,True,0.038,True
25,212,-0.7733333333333334,-1.2533333333333334,-0.29333333333333256,0.9600000000000009,True,0.006,True
25,213,-0.8400000000000003,-1.2533333333333334,-0.39999999999999947,0.8533333333333339,True,0.0005,True
25,214,-0.9600000000000004,-1.3066666666666653,-0.6533333333333333,0.653333333333332,False,0.0,True
25,215,-0.7999999999999998,-1.2269999999999992,-0.40000000000000036,0.8269999999999988,True,0.001,True
25,216,-0.8133333333333326,-1.2266666666666666,-0.35999999999999943,0.8666666666666671,True,0.002,True
25,217,-0.46666666666666634,-0.8666666666666671,-0.053333333333334544,0.8133333333333326,True,0.046,True
25,218,-0.9066666666666663,-1.3199999999999998,-0.4933333333333336,0.8266666666666662,True,0.0,True
25,219,-0.6800000000000006,-1.1336666666666668,-0.23999999999999977,0.893666666666667,True,0.0065,True
25,220,-0.5466666666666669,-0.9466666666666663,-0.1200000000000001,0.8266666666666662,True,0.025,True
25,221,-0.4266666666666663,-0.7733333333333334,-0.013333333333333641,0.7599999999999998,True,0.046,True
25,222,-0.9333333333333336,-1.3466666666666667,-0.546666666666666,0.8000000000000007,True,0.0,True
25,223,-0.6799999999999997,-1.1599999999999993,-0.1600000000000006,0.9999999999999987,True,0.011,True
25,224,-0.7733333333333334,-1.1600000000000001,-0.3599999999999999,0.8000000000000003,True,0.002,True
25,225,-0.7599999999999998,-1.1600000000000001,-0.3730000000000016,0.7869999999999986,True,0.0035,True
25,226,-0.7066666666666657,-1.106666666666666,-0.3066666666666671,0.7999999999999989,True,0.0045,True
25,227,-0.4666666666666668,-0.8533333333333335,-0.0666666666666673,0.7866666666666662,True,0.041,True
25,228,-0.5999999999999992,-1.0136666666666667,-0.1599999999999997,0.853666666666667,True,0.0205,True
25,229,-0.6933333333333334,-1.1733333333333333,-0.20000000000000062,0.9733333333333327,True,0.0115,True
25,230,-0.46666666666666634,-0.9066666666666672,-0.040000000000000036,0.8666666666666671,True,0.058,False
25,231,-0.56,-0.9466666666666659,-0.18666666666666698,0.7599999999999989,True,0.0075,True
25,232,-0.399999999999999,-0.7866666666666657,-0.013333333333333641,0.7733333333333321,True,0.0735,False
25,233,-0.773333333333333,-1.1336666666666664,-0.4133333333333331,0.7203333333333333,True,0.0005,True
25,234,-0.7199999999999998,-1.2133333333333334,-0.20000000000000018,1.0133333333333332,True,0.0105,True
25,235,-0.5466666666666664,-1.0133333333333336,-0.06666666666666643,0.9466666666666672,True,0.032,True
25,236,-0.8133333333333335,-1.213333333333333,-0.40000000000000036,0.8133333333333326,True,0.0005,True
25,237,-0.4400000000000004,-0.8533333333333326,-0.026666666666666394,0.8266666666666662,True,0.0565,False
25,238,-0.4799999999999991,-0.9736666666666663,-0.013333333333333197,0.9603333333333332,True,0.07,False
25,239,-0.47999999999999865,-0.9603333333333336,-0.01333333333333363,0.947,True,0.067,False
25,240,-0.5199999999999996,-0.96,-0.05333333333333323,0.9066666666666667,True,0.0465,True
25,241,-0.4933333333333332,-0.9333333333333331,-0.08000000000000007,0.853333333333333,True,0.04,True
25,242,-0.4933333333333332,-0.9599999999999995,-0.02633333333333446,0.9336666666666651,True,0.0545,False
25,243,-0.5866666666666664,-0.9866666666666672,-0.1733333333333329,0.8133333333333344,True,0.015,True
25,244,-0.33333333333333304,-0.7066666666666666,0.08000000000000008,0.7866666666666666,True,0.13,False
25,245,-0.3466666666666667,-0.7466666666666666,0.09333333333333284,0.8399999999999994,True,0.138,False
25,246,-0.4133333333333331,-0.9069999999999995,0.040000000000000493,0.947,True,0.122,False
25,247,-0.6400000000000001,-1.1600000000000001,-0.11966666666666816,1.040333333333332,True,0.0285,True
25,248,-0.4666666666666668,-0.9866666666666659,0.05333333333333323,1.0399999999999991,True,0.0935,False
25,249,-0.7066666666666661,-1.1600000000000001,-0.2799999999999998,0.8800000000000003,True,0.0055,True
25,250,-0.5999999999999996,-0.9333333333333331,-0.2796666666666679,0.6536666666666653,True,0.002,True
25,251,-1.0266666666666673,-1.4266666666666672,-0.6400000000000006,0.7866666666666666,False,0.0,True
25,252,-0.42666666666666675,-0.7733333333333321,-0.05333333333333279,0.7199999999999993,True,0.0455,True
25,253,-0.38666666666666627,-0.8666666666666667,0.11999999999999966,0.9866666666666664,True,0.1515,False
25,254,-0.7333333333333334,-1.1466666666666665,-0.3333333333333335,0.813333333333333,True,0.007,True
25,255,-0.20000000000000062,-0.6403333333333329,0.23999999999999977,0.8803333333333326,True,0.4455,False
25,256,-0.7333333333333338,-1.04,-0.45333333333333403,0.586666666666666,True,0.0,True
25,257,-0.5599999999999983,-0.9866666666666659,-0.0933333333333337,0.8933333333333322,True,0.018,True
25,258,-0.6266666666666669,-1.0266666666666673,-0.21333333333333293,0.8133333333333344,True,0.013,True
25,259,-0.9733333333333345,-1.4533333333333336,-0.4933333333333336,0.96,True,0.0,True
25,260,-0.746666666666667,-1.026666666666666,-0.4530000000000017,0.5736666666666643,True,0.0005,True
25,261,-0.6266666666666669,-1.1066666666666665,-0.1599999999999997,0.9466666666666668,True,0.016,True
25,262,-0.7200000000000002,-1.0799999999999996,-0.3863333333333339,0.6936666666666658,True,0.0005,True
25,263,-0.9066666666666667,-1.3866666666666667,-0.413333333333334,0.9733333333333327,True,0.002,True
25,264,-0.6666666666666656,-1.1600000000000001,-0.18666666666666654,0.9733333333333336,True,0.016,True
25,265,-0.5066666666666664,-0.9066666666666663,-0.13333333333333286,0.7733333333333334,True,0.024,True
25,266,-0.9200000000000004,-1.3600000000000008,-0.41333333333333444,0.9466666666666663,True,0.0015,True
25,267,-0.5066666666666668,-0.8666666666666663,-0.16000000000000014,0.7066666666666661,True,0.012,True
25,268,-0.7733333333333325,-1.1733333333333338,-0.33333333333333304,0.8400000000000007,True,0.004,True
25,269,-0.45333333333333226,-0.9333333333333331,0.013333333333333208,0.9466666666666663,True,0.0895,False
25,270,-0.6133333333333328,-0.96,-0.2663333333333347,0.6936666666666653,True,0.0015,True
25,271,-0.5466666666666664,-1.0666666666666664,-0.06666666666666642,1.0,True,0.062,False
25,272,-0.6399999999999997,-1.0133333333333323,-0.26666666666666616,0.7466666666666661,True,0.0045,True
25,273,-0.47999999999999954,-0.9066666666666667,-0.03999999999999958,0.8666666666666671,True,0.045,True
25,274,-0.626666666666666,-0.9999999999999991,-0.26666666666666705,0.7333333333333321,True,0.004,True
25,275,-0.7599999999999998,-1.146666666666666,-0.3733333333333344,0.7733333333333317,True,0.001,True
25,276,-0.3466666666666658,-0.8133333333333326,0.1466666666666665,0.9599999999999991,True,0.195,False
25,277,-1.1066666666666665,-1.546666666666666,-0.6666666666666661,0.8799999999999999,False,0.0,True
25,278,-0.8399999999999999,-1.1733333333333325,-0.5066666666666668,0.6666666666666656,True,0.0005,True
25,279,-0.5466666666666664,-0.9066666666666667,-0.18666666666666698,0.7199999999999998,True,0.005,True
25,280,-0.5600000000000005,-1.0399999999999996,-0.10666666666666691,0.9333333333333327,True,0.026,True
25,281,-0.3733333333333335,-0.8266666666666667,0.09333333333333285,0.9199999999999995,True,0.1385,False
25,282,-0.3066666666666662,-0.7066666666666666,0.10666666666666602,0.8133333333333326,True,0.182,False
25,283,-0.7866666666666657,-1.1866666666666652,-0.35999999999999943,0.8266666666666658,True,0.0025,True
25,284,-0.22666666666666702,-0.5866666666666673,0.1733333333333329,0.7600000000000002,True,0.28,False
25,285,-0.47999999999999954,-0.96,-0.04000000000000002,0.9199999999999999,True,0.0465,True
25,286,-0.45333333333333226,-0.9333333333333331,0.0003333333333323769,0.9336666666666655,True,0.08,False
25,287,-0.47999999999999954,-0.9999999999999996,1.1102230246190981e-17,0.9999999999999996,True,0.0805,False
25,288,-0.5866666666666664,-0.8933333333333335,-0.293333333333333,0.6000000000000005,True,0.001,True
25,289,-0.23999999999999932,-0.6933333333333329,0.20000000000000018,0.8933333333333331,True,0.33,False
25,290,-0.5733333333333333,-0.9733333333333327,-0.1733333333333329,0.7999999999999998,True,0.014,True
25,291,-0.7199999999999998,-1.026666666666666,-0.4130000000000012,0.6136666666666648,True,0.0,True
25,292,-0.5733333333333328,-1.026666666666666,-0.11999999999999922,0.9066666666666667,True,0.0205,True
25,293,-0.4666666666666659,-0.7999999999999994,-0.13333333333333286,0.6666666666666665,True,0.0165,True
25,294,-0.3466666666666671,-0.8399999999999994,0.10666666666666605,0.9466666666666654,True,0.1625,False
25,295,-0.3999999999999999,-0.853333333333333,0.06666666666666646,0.9199999999999995,True,0.1165,False
25,296,-0.7466666666666657,-1.1866666666666665,-0.30666666666666664,0.8799999999999999,True,0.0055,True
25,297,-0.4533333333333336,-0.8533333333333335,-0.11999999999999966,0.7333333333333338,True,0.0285,True
25,298,-0.45333333333333226,-0.973333333333334,0.10699999999999885,1.080333333333333,True,0.114,False
25,299,-0.6400000000000001,-1.106666666666666,-0.20000000000000018,0.9066666666666658,True,0.0115,True
25,300,-0.8399999999999994,-1.2800000000000002,-0.3733333333333335,0.9066666666666667,True,0.0015,True
25,301,-0.8666666666666667,-1.2799999999999998,-0.4666666666666668,0.813333333333333,True,0.0015,True
25,302,-0.7599999999999993,-1.2266666666666657,-0.3333333333333335,0.8933333333333322,True,0.0025,True
25,303,-0.42666666666666586,-0.8666666666666658,0.013333333333333641,0.8799999999999994,True,0.102,False
25,304,-0.2400000000000002,-0.6136666666666665,0.1333333333333333,0.7469999999999998,True,0.259,False
25,305,-0.6133333333333328,-1.0933333333333333,-0.1866666666666661,0.9066666666666672,True,0.0205,True
25,306,-0.5999999999999996,-1.040333333333333,-0.1466666666666674,0.8936666666666657,True,0.026,True
25,307,-0.7599999999999998,-1.173333333333333,-0.3330000000000007,0.8403333333333323,True,0.003,True
25,308,-0.4800000000000004,-0.8666666666666663,-0.10666666666666647,0.7599999999999998,True,0.0335,True
25,309,-0.16000000000000014,-0.5333333333333341,0.21333333333333337,0.7466666666666675,False,0.46,False
25,310,-0.96,-1.3733333333333326,-0.5600000000000005,0.8133333333333321,True,0.0,True
25,311,-0.5866666666666669,-0.9466666666666672,-0.21333333333333293,0.7333333333333343,True,0.0065,True
25,312,-0.6666666666666661,-0.9866666666666672,-0.31999999999999984,0.6666666666666674,True,0.001,True
25,313,-0.26666666666666705,-0.6933333333333334,0.17333333333333334,0.8666666666666667,True,0.2315,False
25,314,-0.6933333333333334,-1.0933333333333333,-0.23999999999999932,0.8533333333333339,True,0.009,True
25,315,-0.4933333333333336,-0.9066666666666672,-0.053000000000001324,0.8536666666666659,True,0.0365,True
25,316,-0.7733333333333325,-1.1333333333333329,-0.40000000000000036,0.7333333333333325,True,0.0015,True
25,317,-0.7999999999999998,-1.226666666666667,-0.399666666666668,0.8269999999999991,True,0.0005,True
25,318,-0.8533333333333326,-1.2399999999999998,-0.4800000000000004,0.7599999999999993,True,0.0,True
25,319,-0.773333333333333,-1.186666666666666,-0.3733333333333335,0.8133333333333326,True,0.0015,True
25,320,-0.5199999999999991,-1.0,-0.0533333333333341,0.9466666666666659,True,0.0455,True
25,321,-1.0133333333333332,-1.4533333333333336,-0.5866666666666664,0.8666666666666671,False,0.0,True
25,322,-0.26666666666666705,-0.6400000000000001,0.1469999999999993,0.7869999999999995,True,0.231,False
25,323,-0.6933333333333329,-1.0799999999999996,-0.2799999999999998,0.7999999999999998,True,0.0035,True
25,324,-0.52,-0.9603333333333332,-0.13300000000000095,0.8273333333333321,True,0.0305,True
25,325,-0.4666666666666659,-0.9333333333333331,0.013333333333333208,0.9466666666666663,True,0.079,False
25,326,-0.3599999999999999,-0.8133333333333335,0.08000000000000007,0.8933333333333335,True,0.1515,False
25,327,-0.6533333333333338,-0.9733333333333336,-0.3466666666666667,0.6266666666666669,True,0.001,True
25,328,-0.666666666666667,-1.0533333333333323,-0.2799999999999998,0.7733333333333325,True,0.002,True
25,329,-0.4266666666666654,-0.8666666666666658,0.026666666666666405,0.8933333333333322,True,0.076,False
25,330,-0.4266666666666672,-0.9066666666666663,0.05333333333333368,0.96,True,0.106,False
25,331,-0.56,-0.9599999999999991,-0.17333333333333378,0.7866666666666653,True,0.013,True
25,332,-0.5999999999999996,-1.0933333333333328,-0.13333333333333286,0.96,True,0.0205,True
25,333,-0.5199999999999987,-0.8800000000000003,-0.12000000000000009,0.7600000000000002,True,0.015,True
25,334,-0.6133333333333337,-1.1336666666666664,-0.08000000000000007,1.0536666666666663,True,0.035,True
25,335,-0.4399999999999995,-0.8266666666666675,-0.04000000000000002,0.7866666666666675,True,0.054,False
25,336,-0.5733333333333333,-1.0399999999999996,-0.0933333333333337,0.9466666666666659,True,0.03,True
25,337,-0.8399999999999994,-1.2266666666666661,-0.46666666666666634,0.7599999999999998,True,0.0,True
25,338,-0.8933333333333331,-1.293333333333333,-0.5066666666666668,0.7866666666666662,True,0.0,True
25,339,-0.8799999999999994,-1.3066666666666666,-0.4400000000000004,0.8666666666666663,True,0.0005,True
25,340,-0.3733333333333335,-0.7866666666666662,0.040000000000000036,0.8266666666666662,True,0.094,False
25,341,-0.7066666666666661,-1.1733333333333333,-0.2666666666666666,0.9066666666666667,True,0.0065,True
25,342,-0.21333333333333293,-0.546666666666666,0.13333333333333286,0.6799999999999988,False,0.2625,False
25,343,-0.6133333333333333,-1.0399999999999996,-0.1733333333333329,0.8666666666666667,True,0.0125,True
25,344,-0.5333333333333337,-0.973333333333334,-0.11999999999999922,0.8533333333333348,True,0.0305,True
25,345,-0.42666666666666675,-0.813333333333333,-0.06633333333333406,0.746999999999999,True,0.046,True
25,346,-0.5333333333333345,-0.9866666666666672,-0.09333333333333368,0.8933333333333335,True,0.036,True
25,347,-0.7200000000000002,-1.1203333333333332,-0.29333333333333256,0.8270000000000006,True,0.003,True
25,348,-0.5066666666666664,-0.9066666666666663,-0.09300000000000132,0.813666666666665,True,0.0295,True
25,349,-0.4533333333333327,-0.8133333333333335,-0.07999999999999918,0.7333333333333343,True,0.0385,True
25,350,-0.5733333333333346,-1.0799999999999992,-0.106666666666666,0.9733333333333332,True,0.0375,True
25,351,-0.7466666666666666,-1.173666666666666,-0.3599999999999999,0.8136666666666661,True,0.0015,True
25,352,-0.6266666666666665,-1.067,-0.1733333333333329,0.893666666666667,True,0.0165,True
25,353,-0.42666666666666675,-0.8799999999999999,0.05333333333333325,0.9333333333333331,True,0.1045,False
25,354,-0.8133333333333335,-1.2266666666666661,-0.41333333333333266,0.8133333333333335,True,0.0005,True
25,355,-0.7200000000000002,-1.1600000000000001,-0.25333333333333385,0.9066666666666663,True,0.009,True
25,356,-0.1733333333333329,-0.5466666666666669,0.22666666666666613,0.773333333333333,False,0.4455,False
25,357,-0.4533333333333336,-0.9066666666666663,-0.013333333333333187,0.8933333333333331,True,0.072,False
25,358,-0.6533333333333329,-1.0133333333333332,-0.2666666666666666,0.7466666666666666,True,0.002,True
25,359,-0.22666666666666657,-0.626666666666666,0.15999999999999925,0.7866666666666653,True,0.309,False
25,360,-0.586666666666666,-1.08,-0.039666666666668966,1.0403333333333311,True,0.0355,True
25,361,-0.3466666666666671,-0.7199999999999998,0.040000000000000036,0.7599999999999998,True,0.0945,False
25,362,-0.6266666666666674,-0.9733333333333332,-0.27999999999999936,0.6933333333333338,True,0.0025,True
25,363,-0.6266666666666669,-1.0133333333333328,-0.2400000000000002,0.7733333333333325,True,0.005,True
25,364,-0.7466666666666661,-1.0933333333333342,-0.38666666666666627,0.7066666666666679,True,0.0005,True
25,365,-0.5733333333333328,-0.9866666666666659,-0.14666666666666694,0.839999999999999,True,0.015,True
25,366,-0.9200000000000004,-1.2799999999999998,-0.5599999999999996,0.7200000000000002,True,0.0,True
25,367,-0.6399999999999992,-1.0933333333333328,-0.19999999999999973,0.8933333333333331,True,0.012,True
25,368,-0.7466666666666666,-1.0933333333333333,-0.3733333333333335,0.7199999999999998,True,0.0,True
25,369,-0.43999999999999995,-0.9866666666666659,0.08033333333333244,1.0669999999999984,True,0.1305,False
25,370,-0.48,-0.8266666666666662,-0.14666666666666694,0.6799999999999993,True,0.015,True
25,371,-0.6399999999999997,-1.106666666666667,-0.17333333333333334,0.9333333333333336,True,0.014,True
25,372,-0.7866666666666666,-1.1999999999999997,-0.37333333333333263,0.8266666666666671,True,0.0005,True
25,373,-0.7866666666666662,-1.226666666666667,-0.3066666666666671,0.9199999999999999,True,0.0045,True
25,374,-0.5333333333333332,-0.96,-0.09333333333333325,0.8666666666666667,True,0.0295,True
25,375,-0.3733333333333322,-0.7866666666666666,0.06666666666666687,0.8533333333333335,True,0.1165,False
25,376,-0.6666666666666665,-1.1333333333333333,-0.20000000000000018,0.9333333333333331,True,0.0115,True
25,377,-0.56,-0.9336666666666663,-0.17333333333333378,0.7603333333333325,True,0.011,True
25,378,-0.6933333333333338,-1.0799999999999992,-0.3199999999999994,0.7599999999999998,True,0.003,True
25,379,-0.46666666666666723,-0.9066666666666667,-0.026666666666666394,0.8800000000000003,True,0.06,False
25,380,-0.22666666666666657,-0.6803333333333329,0.23999999999999977,0.9203333333333327,True,0.384,False
25,381,-0.586666666666666,-1.066666666666666,-0.10666666666666691,0.9599999999999991,True,0.0415,True
25,382,-0.8266666666666662,-1.306666666666667,-0.29333333333333345,1.0133333333333336,True,0.009,True
25,383,-0.10666666666666691,-0.4933333333333336,0.26699999999999896,0.7603333333333326,False,0.62,False
25,384,-0.6133333333333328,-1.0266666666666668,-0.2133333333333329,0.8133333333333339,True,0.0065,True
25,385,-0.28000000000000025,-0.7466666666666661,0.18666666666666698,0.9333333333333331,True,0.303,False
25,386,-0.49333333333333407,-0.8400000000000007,-0.16000000000000014,0.6800000000000006,True,0.0065,True
25,387,-0.5333333333333323,-0.9866666666666659,-0.09300000000000133,0.8936666666666646,True,0.0395,True
25,388,-0.5866666666666664,-0.9866666666666664,-0.18666666666666654,0.7999999999999998,True,0.015,True
25,389,-0.546666666666666,-0.9466666666666668,-0.1200000000000001,0.8266666666666667,True,0.02,True
25,390,-0.46666666666666634,-0.9333333333333336,-0.026666666666666394,0.9066666666666672,True,0.0645,False
25,391,-0.38666666666666627,-0.7203333333333334,-0.026666666666666384,0.693666666666667,True,0.064,False
25,392,-0.6266666666666669,-1.1333333333333333,-0.1466666666666665,0.9866666666666668,True,0.027,True
25,393,-0.7866666666666666,-1.293333333333334,-0.2930000000000011,1.0003333333333329,True,0.0045,True
25,394,-0.4533333333333336,-0.9333333333333336,0.040000000000000036,0.9733333333333336,True,0.089,False
25,395,-0.25333333333333297,-0.6666666666666661,0.12033333333333247,0.7869999999999986,True,0.278,False
25,396,-0.42666666666666675,-0.8400000000000003,0.013333333333333641,0.8533333333333339,True,0.0915,False
25,397,-0.5333333333333332,-0.9866666666666664,-0.10666666666666647,0.8799999999999999,True,0.0305,True
25,398,-0.7199999999999993,-1.1599999999999997,-0.3199999999999994,0.8400000000000003,True,0.0025,True
25,399,-0.16000000000000014,-0.5736666666666673,0.26666666666666616,0.8403333333333335,True,0.498,False
25,400,-0.5866666666666656,-1.0133333333333332,-0.19966666666666824,0.813666666666665,True,0.0115,True
25,401,-0.20000000000000018,-0.6133333333333333,0.21333333333333337,0.8266666666666667,True,0.401,False
25,402,-0.8533333333333344,-1.2799999999999994,-0.4399999999999995,0.8399999999999999,True,0.0015,True
25,403,-0.7866666666666666,-1.213333333333333,-0.4133333333333331,0.7999999999999998,True,0.001,True
25,404,-0.23999999999999977,-0.6800000000000002,0.19999999999999973,0.8799999999999999,True,0.303,False
25,405,-0.6399999999999997,-1.0933333333333333,-0.18666666666666742,0.9066666666666658,True,0.015,True
25,406,-0.8933333333333335,-1.3336666666666666,-0.47999999999999954,0.853666666666667,True,0.0005,True
25,407,-0.5200000000000005,-1.0266666666666664,-0.013333333333333197,1.0133333333333332,True,0.0655,False
25,408,-0.6666666666666665,-1.106666666666667,-0.17333333333333378,0.9333333333333331,True,0.014,True
25,409,-0.3199999999999994,-0.7333333333333325,0.14666666666666606,0.8799999999999986,True,0.187,False
25,410,-0.6799999999999997,-1.1466666666666674,-0.19966666666666738,0.9470000000000001,True,0.013,True
25,411,-0.46666666666666723,-0.7733333333333334,-0.1466666666666665,0.6266666666666669,True,0.0065,True
25,412,-0.6399999999999992,-1.0666666666666669,-0.25333333333333297,0.8133333333333339,True,0.01,True
25,413,-0.5733333333333333,-0.9733333333333332,-0.17333333333333245,0.8000000000000007,True,0.0095,True
25,414,-0.48,-0.8800000000000003,-0.05333333333333366,0.8266666666666667,True,0.044,True
25,415,-0.29333333333333256,-0.7199999999999998,0.10699999999999926,0.8269999999999991,True,0.2115,False
25,416,-0.26666666666666705,-0.6270000000000001,0.10666666666666647,0.7336666666666666,True,0.1985,False
25,417,-0.7733333333333334,-1.213333333333332,-0.3333333333333339,0.8799999999999981,True,0.0035,True
25,418,-0.6666666666666665,-1.2133333333333334,-0.1466666666666665,1.0666666666666669,True,0.0295,True
25,419,-0.5600000000000005,-1.0666666666666664,-0.06666666666666643,1.0,True,0.043,True
25,420,-0.6666666666666665,-1.0266666666666655,-0.30666666666666664,0.7199999999999989,True,0.0025,True
25,421,-0.4400000000000004,-0.987,0.06666666666666643,1.0536666666666665,True,0.1325,False
25,422,-0.746666666666667,-1.1866666666666665,-0.2799999999999998,0.9066666666666667,True,0.0045,True
25,423,-0.5199999999999991,-0.8266666666666662,-0.19999999999999973,0.6266666666666665,True,0.0055,True
25,424,-0.8399999999999999,-1.1866666666666674,-0.4933333333333336,0.6933333333333338,True,0.0,True
25,425,-0.9600000000000004,-1.3466666666666662,-0.5996666666666677,0.7469999999999986,False,0.0005,True
25,426,-0.5999999999999992,-1.0933333333333337,-0.11999999999999966,0.973333333333334,True,0.0285,True
25,427,-0.41333333333333266,-0.8266666666666662,0.013333333333333641,0.8399999999999999,True,0.0795,False
25,428,-0.5733333333333333,-0.853333333333333,-0.2799999999999998,0.5733333333333333,True,0.001,True
25,429,-0.6933333333333334,-1.1333333333333329,-0.23999999999999977,0.8933333333333331,True,0.01,True
25,430,-0.9200000000000008,-1.3333333333333335,-0.4933333333333336,0.8399999999999999,True,0.0,True
25,431,-0.4533333333333336,-0.8670000000000003,-0.040000000000000036,0.8270000000000003,True,0.051,False
25,432,-0.5333333333333328,-0.96,-0.1200000000000001,0.8399999999999999,True,0.027,True
25,433,-0.5866666666666664,-0.9466666666666668,-0.213000000000001,0.7336666666666658,True,0.01,True
25,434,-0.5199999999999996,-0.8533333333333335,-0.1733333333333329,0.6800000000000006,True,0.011,True
25,435,-0.6666666666666665,-1.0933333333333328,-0.2133333333333338,0.879999999999999,True,0.01,True
25,436,-0.813333333333333,-1.2666666666666662,-0.3733333333333335,0.8933333333333326,True,0.0015,True
25,437,-0.45333333333333314,-0.8533333333333335,-0.013000000000001708,0.8403333333333318,True,0.06,False
25,438,-0.7999999999999998,-1.2266666666666666,-0.3733333333333331,0.8533333333333335,True,0.0025,True
25,439,-0.2666666666666666,-0.6933333333333334,0.20033333333333164,0.893666666666665,True,0.2825,False
25,440,-0.9199999999999999,-1.2933333333333334,-0.5333333333333332,0.7600000000000002,True,0.0,True
25,441,-0.52,-0.9333333333333336,-0.09300000000000132,0.8403333333333323,True,0.034,True
25,442,-0.6133333333333324,-0.9999999999999996,-0.22666666666666613,0.7733333333333334,True,0.0035,True
25,443,-0.7333333333333321,-1.0933333333333328,-0.3866666666666658,0.706666666666667,True,0.0,True
25,444,-0.5066666666666673,-0.9733333333333318,-0.053000000000000866,0.920333333333331,True,0.0455,True
25,445,-0.3733333333333322,-0.7866666666666671,0.040000000000000036,0.8266666666666671,True,0.108,False
25,446,-0.6533333333333324,-1.0000000000000004,-0.3066666666666671,0.6933333333333334,True,0.0005,True
25,447,-0.37333333333333396,-0.7866666666666662,0.040000000000000036,0.8266666666666662,True,0.099,False
25,448,-0.5333333333333341,-0.9466666666666668,-0.1200000000000001,0.8266666666666667,True,0.02,True
25,449,-0.5866666666666664,-1.0799999999999996,-0.07999999999999961,1.0,True,0.039,True
25,450,-0.4399999999999995,-0.9066666666666663,0.013333333333333652,0.9199999999999999,True,0.079,False
25,451,-0.56,-0.987,-0.09333333333333282,0.8936666666666672,True,0.0265,True
25,452,-0.7066666666666666,-1.0933333333333337,-0.29333333333333345,0.8000000000000003,True,0.0045,True
25,453,-0.626666666666666,-1.0000000000000004,-0.31999999999999984,0.6800000000000006,True,0.0,True
25,454,-0.6399999999999997,-1.0399999999999987,-0.22666666666666657,0.8133333333333321,True,0.01,True
25,455,-0.8000000000000003,-1.226666666666667,-0.34666666666666623,0.8800000000000008,True,0.0045,True
25,456,-0.41333333333333355,-0.8533333333333335,0.013333333333333208,0.8666666666666667,True,0.0935,False
25,457,-0.6666666666666661,-1.066666666666665,-0.26633333333333425,0.8003333333333309,True,0.004,True
25,458,-0.5200000000000005,-0.9066666666666667,-0.10666666666666647,0.8000000000000003,True,0.0275,True
25,459,-0.3066666666666662,-0.7066666666666661,0.11999999999999968,0.8266666666666658,True,0.196,False
25,460,-0.8133333333333335,-1.266666666666667,-0.3596666666666675,0.9069999999999996,True,0.0015,True
25,461,-0.5199999999999996,-0.9199999999999995,-0.1466666666666665,0.773333333333333,True,0.019,True
25,462,-0.586666666666666,-0.9466666666666663,-0.2133333333333338,0.7333333333333325,True,0.0055,True
25,463,-0.6533333333333329,-0.9999999999999996,-0.33333333333333304,0.6666666666666665,True,0.0015,True
25,464,-0.7200000000000002,-1.1333333333333333,-0.30666666666666664,0.8266666666666667,True,0.0035,True
25,465,-0.6666666666666665,-1.1599999999999997,-0.18666666666666742,0.9733333333333323,True,0.011,True
25,466,-0.7599999999999998,-1.0399999999999991,-0.4666666666666659,0.5733333333333333,True,0.0,True
25,467,-0.3733333333333335,-0.7333333333333334,0.013333333333333641,0.746666666666667,True,0.0775,False
25,468,-0.6133333333333333,-1.0133333333333336,-0.18666666666666742,0.8266666666666662,True,0.01,True
25,469,-0.45333333333333314,-0.8400000000000007,-0.05333333333333322,0.7866666666666675,True,0.0485,True
25,470,-0.46666666666666723,-0.8799999999999994,-0.07999999999999918,0.8000000000000003,True,0.037,True
25,471,-0.5999999999999996,-1.0933333333333333,-0.14633333333333454,0.9469999999999987,True,0.027,True
25,472,-0.6400000000000001,-1.1866666666666665,-0.12000000000000008,1.0666666666666664,True,0.045,True
25,473,-0.5466666666666664,-0.9066666666666663,-0.17333333333333334,0.733333333333333,True,0.011,True
25,474,-1.0133333333333336,-1.3866666666666663,-0.6000000000000005,0.7866666666666657,False,0.0,True
25,475,-0.6666666666666661,-1.147,-0.17333333333333378,0.9736666666666662,True,0.0175,True
25,476,-0.8266666666666667,-1.2133333333333338,-0.42666666666666675,0.7866666666666671,True,0.0015,True
25,477,-0.6666666666666665,-1.1466666666666665,-0.18633333333333463,0.9603333333333319,True,0.011,True
25,478,-0.49333333333333407,-0.9066666666666672,-0.07999999999999961,0.8266666666666675,True,0.032,True
25,479,-0.6266666666666665,-1.08,-0.1333333333333333,0.9466666666666668,True,0.02,True
25,480,-0.6533333333333329,-1.0933333333333328,-0.20000000000000018,0.8933333333333326,True,0.014,True
25,481,-0.3333333333333335,-0.7866666666666666,0.09333333333333327,0.8799999999999999,True,0.172,False
25,482,-1.0,-1.3736666666666666,-0.6400000000000001,0.7336666666666665,False,0.0,True
25,483,-0.6133333333333337,-1.1199999999999997,-0.13333333333333375,0.9866666666666659,True,0.033,True
25,484,-0.12000000000000055,-0.6133333333333324,0.35999999999999943,0.9733333333333318,True,0.6525,False
25,485,-0.13333333333333242,-0.46666666666666723,0.21366666666666573,0.680333333333333,False,0.4965,False
25,486,-1.0000000000000009,-1.3599999999999999,-0.6666666666666661,0.6933333333333338,False,0.0,True
25,487,-0.5333333333333332,-0.9999999999999991,-0.10666666666666602,0.8933333333333331,True,0.0255,True
25,488,-0.45333333333333314,-0.8266666666666662,-0.06666666666666643,0.7599999999999998,True,0.041,True
25,489,-0.8133333333333344,-1.3203333333333342,-0.2800000000000007,1.0403333333333336,True,0.004,True
25,490,-0.6000000000000001,-0.9466666666666663,-0.2533333333333334,0.6933333333333329,True,0.001,True
25,491,-0.6266666666666665,-0.96,-0.29333333333333345,0.6666666666666665,True,0.002,True
25,492,-0.7999999999999998,-1.2933333333333334,-0.26666666666666705,1.0266666666666664,True,0.008,True
25,493,-0.9066666666666667,-1.3066666666666666,-0.5333333333333323,0.7733333333333343,True,0.0,True
25,494,-0.9733333333333332,-1.3999999999999995,-0.5733333333333333,0.8266666666666662,False,0.0,True
25,495,-0.46666666666666634,-0.8933333333333335,-0.026333333333334027,0.8669999999999995,True,0.065,False
25,496,-0.1333333333333333,-0.5333333333333341,0.26666666666666705,0.8000000000000012,False,0.56,False
25,497,-0.21333333333333382,-0.7199999999999998,0.2799999999999998,0.9999999999999996,True,0.408,False
25,498,-0.7599999999999998,-1.1599999999999997,-0.34666666666666623,0.8133333333333335,True,0.0025,True
25,499,-0.6533333333333329,-1.08,-0.21333333333333382,0.8666666666666663,True,0.01,True
50,0,-0.40666666666666584,-0.7199999999999998,-0.11316666666666711,0.6068333333333327,True,0.0135,True
50,1,-0.6933333333333334,-1.0268333333333337,-0.36666666666666714,0.6601666666666666,True,0.0,True
50,2,-0.5400000000000005,-0.8600000000000003,-0.21316666666666678,0.6468333333333336,True,0.004,True
50,3,-0.5333333333333337,-0.7868333333333334,-0.26000000000000023,0.5268333333333332,True,0.001,True
50,4,-0.6400000000000001,-0.9534999999999999,-0.3266666666666662,0.6268333333333337,True,0.0,True
50,5,-0.5866666666666678,-0.873333333333334,-0.26000000000000023,0.6133333333333337,True,0.0005,True
50,6,-0.6466666666666665,-0.9800000000000004,-0.31999999999999984,0.6600000000000006,True,0.0005,True
50,7,-0.5199999999999996,-0.8135000000000007,-0.22666666666666746,0.5868333333333332,True,0.0005,True
50,8,-0.7133333333333329,-1.0133333333333332,-0.40666666666666673,0.6066666666666665,True,0.0,True
50,9,-0.49999999999999956,-0.7735000000000002,-0.21999999999999975,0.5535000000000004,True,0.003,True
50,10,-0.5666666666666664,-0.8933333333333331,-0.23333333333333384,0.6599999999999993,True,0.0005,True
50,11,-0.5599999999999996,-0.8799999999999994,-0.2465000000000004,0.6334999999999991,True,0.0005,True
50,12,-0.4266666666666672,-0.7200000000000002,-0.13333333333333286,0.5866666666666673,True,0.009,True
50,13,-0.48,-0.7933333333333334,-0.18000000000000016,0.6133333333333333,True,0.0015,True
50,14,-0.5466666666666655,-0.8600000000000003,-0.2333333333333334,0.6266666666666669,True,0.0015,True
50,15,-0.5599999999999992,-0.8801666666666667,-0.23333333333333295,0.6468333333333337,True,0.001,True
50,16,-0.35333333333333306,-0.6468333333333337,-0.05333333333333321,0.5935000000000005,True,0.0315,True
50,17,-0.4800000000000004,-0.8266666666666662,-0.1531666666666667,0.6734999999999995,True,0.0105,True
50,18,-0.6933333333333342,-1.0200000000000005,-0.35333333333333306,0.6666666666666674,True,0.0,True
50,19,-0.46666666666666634,-0.7799999999999998,-0.15333333333333332,0.6266666666666665,True,0.007,True
50,20,-0.7133333333333329,-0.9866666666666668,-0.43999999999999995,0.5466666666666669,True,0.0,True
50,21,-0.6733333333333325,-0.986833333333334,-0.3798333333333337,0.6070000000000003,True,0.0,True
50,22,-0.6666666666666665,-0.9533333333333323,-0.37983333333333374,0.5734999999999986,True,0.0,True
50,23,-0.6799999999999997,-0.9735000000000004,-0.40000000000000036,0.5735,True,0.0,True
50,24,-0.6333333333333333,-0.8801666666666671,-0.3800000000000008,0.5001666666666663,True,0.0,True
50,25,-0.6133333333333333,-0.9199999999999999,-0.31333333333333346,0.6066666666666665,True,0.0005,True
50,26,-0.7800000000000002,-1.0868333333333333,-0.4866666666666668,0.6001666666666665,True,0.0,True
50,27,-0.7266666666666666,-1.0199999999999991,-0.43999999999999995,0.5799999999999992,True,0.0,True
50,28,-0.3000000000000007,-0.5933333333333333,-0.01999999999999913,0.5733333333333341,True,0.056,False
50,29,-0.7066666666666657,-1.0266666666666664,-0.3866666666666667,0.6399999999999997,True,0.0,True
50,30,-0.49333333333333407,-0.8066666666666666,-0.19316666666666676,0.6134999999999999,True,0.005,True
50,31,-0.5666666666666664,-0.8868333333333339,-0.23316666666666722,0.6536666666666667,True,0.002,True
50,32,-0.6266666666666665,-0.9466666666666668,-0.313333333333333,0.6333333333333337,True,0.001,True
50,33,-0.6199999999999997,-0.9068333333333335,-0.3266666666666662,0.5801666666666673,True,0.0,True
50,34,-0.6266666666666669,-0.9533333333333336,-0.3066666666666662,0.6466666666666674,True,0.0,True
50,35,-0.3733333333333335,-0.6733333333333329,-0.07333333333333324,0.5999999999999996,True,0.0235,True
50,36,-0.7533333333333339,-1.0733333333333328,-0.4466666666666663,0.6266666666666665,True,0.0,True
50,37,-0.6533333333333329,-1.0,-0.30666666666666664,0.6933333333333334,True,0.0005,True
50,38,-0.566666666666666,-0.8268333333333343,-0.313333333333333,0.5135000000000013,True,0.0,True
50,39,-0.45333333333333226,-0.753333333333333,-0.17333333333333334,0.5799999999999996,True,0.0025,True
50,40,-0.6666666666666661,-0.9335000000000003,-0.41333333333333355,0.5201666666666668,True,0.0,True
50,41,-0.586666666666666,-0.9000000000000004,-0.2999999999999998,0.6000000000000005,True,0.0015,True
50,42,-0.5266666666666664,-0.8199999999999998,-0.2466666666666666,0.5733333333333333,True,0.001,True
50,43,-0.43999999999999995,-0.740166666666667,-0.14000000000000057,0.6001666666666664,True,0.013,True
50,44,-0.6199999999999997,-0.9333333333333327,-0.30666666666666664,0.626666666666666,True,0.0,True
50,45,-0.7866666666666666,-1.0933333333333337,-0.4733333333333336,0.6200000000000001,True,0.0,True
50,46,-0.5533333333333332,-0.8601666666666666,-0.26000000000000156,0.6001666666666651,True,0.0005,True
50,47,-0.7800000000000002,-1.0599999999999987,-0.5000000000000009,0.5599999999999978,True,0.0,True
50,48,-0.6133333333333328,-0.9199999999999999,-0.2999999999999998,0.6200000000000001,True,0.0005,True
50,49,-0.6999999999999993,-0.98,-0.4333333333333331,0.5466666666666669,True,0.0,True
50,50,-0.5733333333333328,-0.8866666666666667,-0.2931666666666664,0.5935000000000004,True,0.0005,True
50,51,-0.5866666666666664,-0.8599999999999999,-0.30666666666666664,0.5533333333333332,True,0.0005,True
50,52,-0.6133333333333324,-0.9133333333333336,-0.30650000000000044,0.6068333333333331,True,0.0005,True
50,53,-0.5199999999999991,-0.8066666666666666,-0.2598333333333336,0.5468333333333331,True,0.0005,True
50,54,-0.4466666666666663,-0.706666666666667,-0.1733333333333329,0.5333333333333341,True,0.004,True
50,55,-0.546666666666666,-0.8601666666666666,-0.23333333333333428,0.6268333333333324,True,0.0005,True
50,56,-0.5933333333333328,-0.9000000000000004,-0.2865000000000005,0.6134999999999999,True,0.0005,True
50,57,-0.5199999999999996,-0.8135000000000002,-0.22000000000000106,0.5934999999999991,True,0.001,True
50,58,-0.5999999999999996,-0.8466666666666667,-0.3531666666666669,0.49349999999999977,True,0.0,True
50,59,-0.38666666666666627,-0.6801666666666665,-0.06666666666666687,0.6134999999999996,True,0.027,True
50,60,-0.6800000000000002,-0.9799999999999991,-0.3600000000000003,0.6199999999999988,True,0.0,True
50,61,-0.30666666666666664,-0.6066666666666665,0.0,0.6066666666666665,True,0.0715,False
50,62,-0.5866666666666678,-0.8734999999999998,-0.2865000000000005,0.5869999999999993,True,0.0,True
50,63,-0.5666666666666664,-0.853333333333333,-0.2533333333333334,0.5999999999999996,True,0.001,True
50,64,-0.7333333333333334,-1.0468333333333337,-0.4066666666666663,0.6401666666666674,True,0.0,True
50,65,-0.546666666666666,-0.8799999999999999,-0.22666666666666657,0.6533333333333333,True,0.001,True
50,66,-0.6533333333333338,-0.9666666666666668,-0.36666666666666714,0.5999999999999996,True,0.0,True
50,67,-0.7333333333333325,-1.0133333333333336,-0.4399999999999995,0.5733333333333341,True,0.0,True
50,68,-0.6200000000000001,-0.9133333333333331,-0.3264999999999996,0.5868333333333335,True,0.0005,True
50,69,-0.5999999999999996,-0.8733333333333331,-0.32666666666666666,0.5466666666666664,True,0.0005,True
50,70,-0.46666666666666545,-0.7866666666666666,-0.11983333333333349,0.6668333333333332,True,0.0085,True
50,71,-0.5333333333333332,-0.8268333333333339,-0.21999999999999975,0.6068333333333341,True,0.001,True
50,72,-0.8533333333333326,-1.1399999999999988,-0.5733333333333337,0.5666666666666651,False,0.0,True
50,73,-0.5533333333333332,-0.833333333333333,-0.26666666666666705,0.566666666666666,True,0.0005,True
50,74,-0.4933333333333332,-0.7533333333333334,-0.20000000000000018,0.5533333333333332,True,0.0015,True
50,75,-0.37999999999999945,-0.6666666666666665,-0.08000000000000006,0.5866666666666664,True,0.0145,True
50,76,-0.6000000000000001,-0.899999999999999,-0.29333333333333256,0.6066666666666665,True,0.0,True
50,77,-0.5866666666666664,-0.9266666666666676,-0.23999999999999977,0.6866666666666679,True,0.0005,True
50,78,-0.746666666666667,-1.0333333333333332,-0.4599999999999995,0.5733333333333337,True,0.0,True
50,79,-0.6133333333333333,-0.9066666666666663,-0.29333333333333345,0.6133333333333328,True,0.0,True
50,80,-0.5266666666666668,-0.8601666666666666,-0.1800000000000006,0.680166666666666,True,0.006,True
50,81,-0.35999999999999943,-0.6599999999999993,-0.08000000000000007,0.5799999999999992,True,0.026,True
50,82,-0.48000000000000087,-0.7999999999999994,-0.15333333333333332,0.6466666666666661,True,0.0065,True
50,83,-0.4466666666666663,-0.780166666666667,-0.1066666666666669,0.6735000000000001,True,0.016,True
50,84,-0.7666666666666666,-1.0800000000000005,-0.46666666666666634,0.6133333333333342,True,0.0,True
50,85,-0.44666666666666766,-0.7399999999999993,-0.1466666666666674,0.5933333333333319,True,0.0045,True
50,86,-0.7599999999999993,-1.0535000000000005,-0.4733333333333336,0.5801666666666669,True,0.0,True
50,87,-0.47333333333333405,-0.7733333333333325,-0.17333333333333334,0.5999999999999992,True,0.0025,True
50,88,-0.40666666666666584,-0.7066666666666666,-0.11999999999999965,0.5866666666666669,True,0.009,True
50,89,-0.4600000000000004,-0.7666666666666662,-0.15333333333333377,0.6133333333333324,True,0.007,True
50,90,-0.4666666666666668,-0.7800000000000002,-0.16666666666666696,0.6133333333333333,True,0.007,True
50,91,-0.4533333333333327,-0.766666666666667,-0.1466666666666665,0.6200000000000006,True,0.009,True
50,92,-0.6266666666666665,-0.9266666666666667,-0.3133333333333326,0.6133333333333342,True,0.0,True
50,93,-0.35333333333333306,-0.6466666666666661,-0.05316666666666662,0.5934999999999995,True,0.029,True
50,94,-0.6733333333333333,-1.0066666666666668,-0.33333333333333304,0.6733333333333338,True,0.0005,True
50,95,-0.5399999999999996,-0.8199999999999998,-0.24666666666666792,0.5733333333333319,True,0.001,True
50,96,-0.3466666666666658,-0.6266666666666669,-0.04666666666666684,0.5800000000000001,True,0.0315,True
50,97,-0.6266666666666665,-0.9266666666666667,-0.3400000000000003,0.5866666666666664,True,0.0,True
50,98,-0.6333333333333333,-0.966833333333334,-0.293333333333333,0.673500000000001,True,0.001,True
50,99,-0.5733333333333333,-0.8599999999999994,-0.28666666666666707,0.5733333333333324,True,0.001,True
50,100,-0.5399999999999996,-0.833333333333333,-0.25333333333333297,0.5800000000000001,True,0.0,True
50,101,-0.41333333333333355,-0.6800000000000002,-0.1333333333333333,0.5466666666666669,True,0.0065,True
50,102,-0.5333333333333337,-0.8268333333333334,-0.23999999999999932,0.5868333333333341,True,0.0015,True
50,103,-0.42666666666666586,-0.740166666666667,-0.1066666666666669,0.6335000000000001,True,0.0155,True
50,104,-0.5400000000000009,-0.8466666666666671,-0.23999999999999977,0.6066666666666674,True,0.0025,True
50,105,-0.56,-0.8933333333333326,-0.2200000000000002,0.6733333333333325,True,0.002,True
50,106,-0.6066666666666674,-0.8733333333333331,-0.35333333333333306,0.52,True,0.0,True
50,107,-0.46666666666666634,-0.780166666666667,-0.14666666666666783,0.6334999999999992,True,0.006,True
50,108,-0.5399999999999996,-0.8866666666666672,-0.20650000000000038,0.6801666666666668,True,0.004,True
50,109,-0.5866666666666664,-0.8933333333333335,-0.26666666666666616,0.6266666666666674,True,0.0005,True
50,110,-0.38666666666666627,-0.6935000000000001,-0.05333333333333279,0.6401666666666673,True,0.0355,True
50,111,-0.4466666666666672,-0.7333333333333325,-0.16666666666666652,0.566666666666666,True,0.003,True
50,112,-0.45333333333333314,-0.7800000000000002,-0.11999999999999966,0.6600000000000006,True,0.013,True
50,113,-0.6066666666666665,-0.9533333333333331,-0.2731666666666673,0.6801666666666659,True,0.001,True
50,114,-0.6666666666666665,-0.9801666666666672,-0.3600000000000003,0.6201666666666669,True,0.0005,True
50,115,-0.40666666666666584,-0.7133333333333334,-0.08666666666666645,0.6266666666666669,True,0.015,True
50,116,-0.726666666666667,-1.0466666666666664,-0.4466666666666672,0.5999999999999992,True,0.0,True
50,117,-0.6200000000000001,-0.9599999999999995,-0.2866666666666662,0.6733333333333333,True,0.0005,True
50,118,-0.6533333333333338,-0.9199999999999995,-0.38666666666666627,0.5333333333333332,True,0.0,True
50,119,-0.6733333333333329,-1.0,-0.3466666666666667,0.6533333333333333,True,0.0,True
50,120,-0.6066666666666665,-0.9199999999999999,-0.2866666666666675,0.6333333333333324,True,0.0015,True
50,121,-0.4133333333333331,-0.7266666666666666,-0.11333333333333327,0.6133333333333333,True,0.015,True
50,122,-0.6533333333333338,-0.9533333333333336,-0.3400000000000003,0.6133333333333333,True,0.0,True
50,123,-0.40000000000000036,-0.706666666666667,-0.08666666666666731,0.6199999999999997,True,0.0175,True
50,124,-0.5933333333333333,-0.9134999999999999,-0.3000000000000007,0.6134999999999992,True,0.0005,True
50,125,-0.5066666666666664,-0.8135000000000002,-0.1933333333333338,0.6201666666666664,True,0.003,True
50,126,-0.4400000000000004,-0.7466666666666666,-0.14000000000000012,0.6066666666666665,True,0.0055,True
50,127,-0.43999999999999995,-0.7466666666666666,-0.14650000000000032,0.6001666666666663,True,0.008,True
50,128,-0.4666666666666668,-0.7933333333333334,-0.1600000000000006,0.6333333333333329,True,0.0085,True
50,129,-0.6000000000000005,-0.8933333333333335,-0.31999999999999984,0.5733333333333337,True,0.0,True
50,130,-0.5066666666666682,-0.8600000000000003,-0.14666666666666692,0.7133333333333334,True,0.006,True
50,131,-0.5066666666666668,-0.8199999999999998,-0.17333333333333334,0.6466666666666665,True,0.006,True
50,132,-0.6333333333333337,-0.9333333333333327,-0.3399999999999994,0.5933333333333333,True,0.0,True
50,133,-0.5799999999999992,-0.886833333333333,-0.2866666666666662,0.6001666666666668,True,0.0015,True
50,134,-0.5066666666666668,-0.8266666666666662,-0.17333333333333423,0.653333333333332,True,0.0035,True
50,135,-0.4599999999999995,-0.7599999999999993,-0.17333333333333378,0.5866666666666656,True,0.0065,True
50,136,-0.4066666666666672,-0.7133333333333329,-0.0933333333333337,0.6199999999999992,True,0.014,True
50,137,-0.40000000000000036,-0.686666666666667,-0.08666666666666734,0.5999999999999996,True,0.014,True
50,138,-0.3733333333333322,-0.6799999999999993,-0.05333333333333368,0.6266666666666656,True,0.027,True
50,139,-0.5266666666666664,-0.8666666666666671,-0.2066666666666661,0.660000000000001,True,0.0035,True
50,140,-0.43333333333333446,-0.7133333333333325,-0.140000000000001,0.5733333333333315,True,0.0075,True
50,141,-0.7133333333333334,-1.0399999999999996,-0.38000000000000034,0.6599999999999993,True,0.0005,True
50,142,-0.580000000000001,-0.8599999999999994,-0.26666666666666705,0.5933333333333324,True,0.001,True
50,143,-0.4599999999999995,-0.7266666666666666,-0.21333333333333293,0.5133333333333336,True,0.003,True
50,144,-0.3199999999999994,-0.6133333333333328,-0.006500000000001071,0.6068333333333318,True,0.0565,False
50,145,-0.5,-0.773333333333333,-0.21983333333333316,0.5534999999999999,True,0.0035,True
50,146,-0.6799999999999997,-0.9535000000000003,-0.40000000000000036,0.5535,True,0.0,True
50,147,-0.45333333333333403,-0.746833333333333,-0.13999999999999968,0.6068333333333333,True,0.0055,True
50,148,-0.6533333333333333,-0.9668333333333335,-0.35316666666666685,0.6136666666666667,True,0.0,True
50,149,-0.5533333333333328,-0.873333333333334,-0.206666666666667,0.666666666666667,True,0.004,True
50,150,-0.4666666666666659,-0.7466666666666666,-0.17983333333333398,0.5668333333333326,True,0.005,True
50,151,-0.49999999999999956,-0.7799999999999998,-0.22666666666666657,0.5533333333333332,True,0.0005,True
50,152,-0.6666666666666665,-0.9866666666666659,-0.3533333333333326,0.6333333333333333,True,0.0,True
50,153,-0.606666666666666,-0.9333333333333336,-0.27983333333333366,0.6535,True,0.0005,True
50,154,-0.46000000000000085,-0.7733333333333334,-0.12666666666666648,0.646666666666667,True,0.008,True
50,155,-0.4733333333333327,-0.793333333333333,-0.1599999999999997,0.6333333333333333,True,0.005,True
50,156,-0.4400000000000004,-0.6800000000000002,-0.19316666666666715,0.486833333333333,True,0.001,True
50,157,-0.5266666666666668,-0.8133333333333326,-0.25333333333333474,0.5599999999999978,True,0.0005,True
50,158,-0.3666666666666667,-0.6199999999999997,-0.11333333333333283,0.5066666666666668,True,0.0095,True
50,159,-0.6200000000000001,-0.8866666666666667,-0.3599999999999999,0.5266666666666668,True,0.0,True
50,160,-0.6600000000000006,-0.9668333333333335,-0.34666666666666707,0.6201666666666665,True,0.0,True
50,161,-0.4933333333333323,-0.793333333333333,-0.19333333333333336,0.5999999999999996,True,0.0015,True
50,162,-0.5866666666666664,-0.9199999999999999,-0.2865000000000004,0.6334999999999995,True,0.001,True
50,163,-0.6400000000000001,-0.9466666666666663,-0.3398333333333328,0.6068333333333336,True,0.0005,True
50,164,-0.586666666666666,-0.8733333333333335,-0.29333333333333345,0.5800000000000001,True,0.001,True
50,165,-0.7133333333333329,-1.0266666666666668,-0.4131666666666665,0.6135000000000004,True,0.0,True
50,166,-0.5533333333333328,-0.8199999999999985,-0.2799999999999998,0.5399999999999987,True,0.0,True
50,167,-0.7266666666666666,-1.08,-0.36000000000000076,0.7199999999999993,True,0.0,True
50,168,-0.5999999999999996,-0.9133333333333331,-0.27316666666666595,0.6401666666666672,True,0.0015,True
50,169,-0.413333333333334,-0.7000000000000002,-0.12666666666666737,0.5733333333333328,True,0.0065,True
50,170,-0.6733333333333333,-0.9733333333333323,-0.3866666666666676,0.5866666666666647,True,0.0,True
50,171,-0.5533333333333328,-0.8333333333333335,-0.273333333333333,0.5600000000000005,True,0.0,True
50,172,-0.6533333333333338,-0.9866666666666664,-0.33333333333333304,0.6533333333333333,True,0.001,True
50,173,-0.6800000000000002,-0.9866666666666668,-0.3599999999999999,0.6266666666666669,True,0.0,True
50,174,-0.5533333333333337,-0.8533333333333335,-0.24650000000000086,0.6068333333333327,True,0.004,True
50,175,-0.39333333333333265,-0.6733333333333325,-0.1200000000000001,0.5533333333333323,True,0.0085,True
50,176,-0.586666666666666,-0.8599999999999999,-0.2798333333333341,0.5801666666666658,True,0.0,True
50,177,-0.5666666666666678,-0.8533333333333335,-0.2800000000000007,0.5733333333333328,True,0.0005,True
50,178,-0.4399999999999995,-0.7733333333333339,-0.12666666666666648,0.6466666666666674,True,0.0105,True
50,179,-0.6133333333333333,-0.94,-0.27333333333333343,0.6666666666666665,True,0.001,True
50,180,-0.313333333333333,-0.6200000000000006,-0.006666666666666809,0.6133333333333337,True,0.046,True
50,181,-0.5,-0.7600000000000002,-0.21316666666666675,0.5468333333333335,True,0.0015,True
50,182,-0.56,-0.8266666666666671,-0.2799999999999998,0.5466666666666673,True,0.0005,True
50,183,-0.4066666666666672,-0.7133333333333334,-0.09983333333333434,0.613499999999999,True,0.0175,True
50,184,-0.6000000000000005,-0.8599999999999999,-0.3598333333333333,0.5001666666666666,True,0.0,True
50,185,-0.4733333333333336,-0.8001666666666666,-0.12666666666666648,0.6735000000000001,True,0.006,True
50,186,-0.41333333333333266,-0.7066666666666661,-0.10666666666666647,0.5999999999999996,True,0.0085,True
50,187,-0.40666666666666673,-0.6868333333333329,-0.12666666666666648,0.5601666666666664,True,0.007,True
50,188,-0.3866666666666667,-0.6933333333333329,-0.0600000000000005,0.6333333333333324,True,0.0155,True
50,189,-0.726666666666667,-1.0199999999999991,-0.4465000000000002,0.573499999999999,True,0.0,True
50,190,-0.7066666666666666,-1.0333333333333337,-0.3866666666666667,0.646666666666667,True,0.0,True
50,191,-0.586666666666666,-0.9535000000000008,-0.23333333333333384,0.720166666666667,True,0.002,True
50,192,-0.6600000000000006,-0.96,-0.36650000000000055,0.5934999999999995,True,0.0005,True
50,193,-0.5733333333333333,-0.8799999999999994,-0.24666666666666615,0.6333333333333333,True,0.002,True
50,194,-0.566666666666666,-0.873333333333334,-0.27316666666666684,0.6001666666666672,True,0.0005,True
50,195,-0.5466666666666669,-0.8401666666666666,-0.2533333333333334,0.5868333333333332,True,0.0,True
50,196,-0.4399999999999995,-0.7599999999999998,-0.1133333333333324,0.6466666666666674,True,0.01,True
50,197,-0.6733333333333333,-0.9466666666666668,-0.4131666666666674,0.5334999999999994,True,0.0,True
50,198,-0.5599999999999996,-0.8466666666666658,-0.2731666666666664,0.5734999999999995,True,0.0005,True
50,199,-0.6466666666666665,-0.9466666666666654,-0.3733333333333335,0.5733333333333319,True,0.0,True
50,200,-0.5733333333333337,-0.899999999999999,-0.2531666666666668,0.6468333333333323,True,0.002,True
50,201,-0.646666666666667,-0.9333333333333327,-0.3400000000000003,0.5933333333333324,True,0.0005,True
50,202,-0.6333333333333329,-0.9666666666666668,-0.2999999999999998,0.666666666666667,True,0.001,True
50,203,-0.6533333333333338,-0.9333333333333336,-0.36000000000000076,0.5733333333333328,True,0.0,True
50,204,-0.6599999999999997,-0.9799999999999995,-0.34000000000000025,0.6399999999999992,True,0.0,True
50,205,-0.6266666666666665,-0.9066666666666667,-0.3465000000000005,0.5601666666666663,True,0.0,True
50,206,-0.5199999999999996,-0.8199999999999994,-0.2200000000000002,0.5999999999999992,True,0.003,True
50,207,-0.5266666666666668,-0.813333333333333,-0.23316666666666722,0.5801666666666658,True,0.0015,True
50,208,-0.7000000000000011,-1.020166666666666,-0.3800000000000008,0.6401666666666652,True,0.0,True
50,209,-0.6066666666666678,-0.8933333333333326,-0.32666666666666755,0.5666666666666651,True,0.0,True
50,210,-0.4866666666666668,-0.773333333333333,-0.20666666666666655,0.5666666666666664,True,0.0005,True
50,211,-0.5933333333333324,-0.9333333333333336,-0.28000000000000025,0.6533333333333333,True,0.0,True
50,212,-0.4599999999999995,-0.7866666666666662,-0.14650000000000077,0.6401666666666654,True,0.012,True
50,213,-0.5933333333333333,-0.8868333333333339,-0.2731666666666672,0.6136666666666667,True,0.0015,True
50,214,-0.5733333333333333,-0.8533333333333335,-0.26633333333333425,0.5869999999999993,True,0.0005,True
50,215,-0.5999999999999996,-0.8866666666666672,-0.30666666666666664,0.5800000000000005,True,0.0,True
50,216,-0.41333333333333355,-0.746666666666667,-0.0800000000000005,0.6666666666666665,True,0.0255,True
50,217,-0.6066666666666665,-0.8933333333333322,-0.2998333333333336,0.5934999999999986,True,0.0005,True
50,218,-0.5533333333333337,-0.8800000000000008,-0.19333333333333336,0.6866666666666674,True,0.001,True
50,219,-0.6200000000000006,-0.9468333333333335,-0.3133333333333339,0.6334999999999996,True,0.0,True
50,220,-0.4933333333333332,-0.7801666666666675,-0.17333333333333376,0.6068333333333337,True,0.0035,True
50,221,-0.45999999999999996,-0.7066666666666657,-0.21333333333333382,0.49333333333333185,True,0.0,True
50,222,-0.5999999999999992,-0.9333333333333336,-0.26000000000000106,0.6733333333333325,True,0.0005,True
50,223,-0.5866666666666664,-0.8999999999999999,-0.2800000000000007,0.6199999999999992,True,0.0005,True
50,224,-0.6466666666666665,-0.9400000000000004,-0.3266666666666662,0.6133333333333342,True,0.0,True
50,225,-0.5333333333333332,-0.8466666666666658,-0.22666666666666702,0.6199999999999988,True,0.003,True
50,226,-0.7599999999999993,-1.0599999999999992,-0.42666666666666675,0.6333333333333324,True,0.0,True
50,227,-0.5200000000000009,-0.820166666666667,-0.21999999999999975,0.6001666666666673,True,0.002,True
50,228,-0.3733333333333331,-0.6735000000000001,-0.0666666666666673,0.6068333333333328,True,0.015,True
50,229,-0.2733333333333343,-0.5666666666666664,0.020000000000000018,0.5866666666666664,True,0.074,False
50,230,-0.4866666666666659,-0.8200000000000003,-0.16000000000000014,0.6600000000000001,True,0.0045,True
50,231,-0.7266666666666666,-1.0333333333333332,-0.42649999999999927,0.606833333333334,True,0.0,True
50,232,-0.45333333333333314,-0.753333333333333,-0.16666666666666652,0.5866666666666664,True,0.004,True
50,233,-0.6933333333333329,-0.9601666666666672,-0.4133333333333349,0.5468333333333323,True,0.0,True
50,234,-0.6600000000000001,-0.9733333333333336,-0.33983333333333327,0.6335000000000004,True,0.0,True
50,235,-0.5333333333333332,-0.8333333333333335,-0.2398333333333336,0.5934999999999999,True,0.0005,True
50,236,-0.6333333333333329,-0.96,-0.32650000000000046,0.6334999999999995,True,0.0005,True
50,237,-0.5933333333333333,-0.8999999999999995,-0.3199999999999994,0.5800000000000001,True,0.0,True
50,238,-0.3866666666666658,-0.6933333333333325,-0.11999999999999966,0.5733333333333328,True,0.0145,True
50,239,-0.30666666666666664,-0.6266666666666669,0.020000000000000462,0.6466666666666674,True,0.0805,False
50,240,-0.3933333333333322,-0.6999999999999997,-0.09333333333333325,0.6066666666666665,True,0.0165,True
50,241,-0.6266666666666665,-0.9201666666666671,-0.3400000000000003,0.5801666666666668,True,0.0005,True
50,242,-0.5733333333333333,-0.8599999999999999,-0.2866666666666666,0.5733333333333333,True,0.0,True
50,243,-0.4466666666666663,-0.7199999999999998,-0.17316666666666716,0.5468333333333326,True,0.003,True
50,244,-0.4066666666666663,-0.7334999999999993,-0.07999999999999961,0.6534999999999996,True,0.021,True
50,245,-0.6133333333333337,-0.8999999999999999,-0.3133333333333326,0.5866666666666673,True,0.0,True
50,246,-0.47333333333333405,-0.7468333333333338,-0.20000000000000062,0.5468333333333332,True,0.002,True
50,247,-0.45333333333333226,-0.7533333333333334,-0.12666666666666693,0.6266666666666665,True,0.0085,True
50,248,-0.45333333333333314,-0.7266666666666666,-0.17316666666666675,0.5534999999999999,True,0.0055,True
50,249,-0.5000000000000004,-0.7866666666666666,-0.21333333333333382,0.5733333333333328,True,0.0,True
50,250,-0.3266666666666671,-0.5999999999999992,-0.0466666666666664,0.5533333333333328,True,0.035,True
50,251,-0.5599999999999996,-0.8400000000000003,-0.2599999999999998,0.5800000000000005,True,0.001,True
50,252,-0.5333333333333341,-0.8533333333333335,-0.21316666666666723,0.6401666666666663,True,0.0,True
50,253,-0.4800000000000004,-0.7533333333333334,-0.18666666666666698,0.5666666666666664,True,0.001,True
50,254,-0.6266666666666665,-0.9266666666666667,-0.30000000000000066,0.626666666666666,True,0.0,True
50,255,-0.49333333333333274,-0.833333333333333,-0.17983333333333268,0.6535000000000004,True,0.005,True
50,256,-0.5866666666666669,-0.8599999999999994,-0.3066666666666671,0.5533333333333323,True,0.0,True
50,257,-0.6799999999999993,-0.9799999999999991,-0.3798333333333333,0.6001666666666658,True,0.0,True
50,258,-0.6000000000000001,-0.8666666666666667,-0.32666666666666666,0.54,True,0.0,True
50,259,-0.48,-0.8066666666666662,-0.16666666666666652,0.6399999999999997,True,0.006,True
50,260,-0.4800000000000004,-0.7866666666666662,-0.18666666666666742,0.5999999999999988,True,0.005,True
50,261,-0.6800000000000002,-0.9533333333333331,-0.399999999999999,0.5533333333333341,True,0.0,True
50,262,-0.6800000000000002,-0.9534999999999999,-0.39316666666666694,0.5603333333333329,True,0.0,True
50,263,-0.47999999999999954,-0.7668333333333329,-0.199833333333334,0.566999999999999,True,0.004,True
50,264,-0.54,-0.8535000000000003,-0.24666666666666748,0.6068333333333328,True,0.0015,True
50,265,-0.41333333333333355,-0.7066666666666666,-0.09316666666666709,0.6134999999999995,True,0.009,True
50,266,-0.41333333333333355,-0.7199999999999998,-0.1066666666666669,0.6133333333333328,True,0.008,True
50,267,-0.43333333333333357,-0.8001666666666661,-0.07333333333333368,0.7268333333333324,True,0.022,True
50,268,-0.6866666666666656,-0.9933333333333332,-0.393333333333334,0.5999999999999992,True,0.0005,True
50,269,-0.49333333333333407,-0.8066666666666658,-0.19983333333333445,0.6068333333333313,True,0.0025,True
50,270,-0.7200000000000002,-1.0000000000000004,-0.42666666666666675,0.5733333333333337,True,0.0,True
50,271,-0.5333333333333328,-0.8533333333333335,-0.206666666666667,0.6466666666666665,True,0.002,True
50,272,-0.5999999999999992,-0.8866666666666672,-0.3131666666666668,0.5735000000000003,True,0.0,True
50,273,-0.6466666666666665,-0.9399999999999995,-0.3599999999999999,0.5799999999999996,True,0.0,True
50,274,-0.56,-0.8866666666666667,-0.27316666666666684,0.6134999999999999,True,0.0005,True
50,275,-0.526666666666666,-0.866833333333333,-0.20666666666666741,0.6601666666666656,True,0.0035,True
50,276,-0.38666666666666627,-0.6866666666666665,-0.053166666666667924,0.6334999999999986,True,0.033,True
50,277,-0.5333333333333332,-0.8401666666666675,-0.21333333333333293,0.6268333333333346,True,0.002,True
50,278,-0.6133333333333337,-0.9066666666666663,-0.29333333333333345,0.6133333333333328,True,0.0005,True
50,279,-0.49999999999999956,-0.7866666666666666,-0.21316666666666678,0.5734999999999999,True,0.002,True
50,280,-0.6733333333333333,-0.9466666666666668,-0.3864999999999997,0.5601666666666671,True,0.0,True
50,281,-0.6600000000000001,-0.98,-0.35316666666666646,0.6268333333333336,True,0.0005,True
50,282,-0.4666666666666659,-0.8066666666666662,-0.15333333333333243,0.6533333333333338,True,0.009,True
50,283,-0.6666666666666661,-0.9266666666666667,-0.39333333333333304,0.5333333333333337,True,0.0,True
50,284,-0.6266666666666669,-0.9533333333333336,-0.2999999999999998,0.6533333333333338,True,0.0,True
50,285,-0.6933333333333342,-0.9933333333333336,-0.4066666666666663,0.5866666666666673,True,0.0,True
50,286,-0.6466666666666661,-0.9868333333333331,-0.3466666666666667,0.6401666666666664,True,0.0005,True
50,287,-0.4933333333333332,-0.8135000000000002,-0.16000000000000014,0.6535000000000001,True,0.009,True
50,288,-0.35333333333333306,-0.6866666666666665,-0.03316666666666662,0.6535,True,0.041,True
50,289,-0.7199999999999998,-1.02,-0.4198333333333346,0.6001666666666654,True,0.0,True
50,290,-0.54,-0.8401666666666666,-0.22650000000000084,0.6136666666666658,True,0.001,True
50,291,-0.5933333333333333,-0.8666666666666663,-0.29333333333333345,0.5733333333333328,True,0.0,True
50,292,-0.7066666666666661,-1.0135000000000005,-0.38000000000000034,0.6335000000000002,True,0.0,True
50,293,-0.5933333333333328,-0.8866666666666667,-0.31316666666666687,0.5734999999999999,True,0.0,True
50,294,-0.5266666666666664,-0.8066666666666671,-0.2398333333333336,0.5668333333333335,True,0.001,True
50,295,-0.359999999999999,-0.6533333333333333,-0.04000000000000002,0.6133333333333333,True,0.0305,True
50,296,-0.4400000000000004,-0.7733333333333334,-0.12666666666666648,0.646666666666667,True,0.007,True
50,297,-0.5200000000000005,-0.8199999999999994,-0.22666666666666657,0.5933333333333328,True,0.0025,True
50,298,-0.7266666666666661,-1.0000000000000004,-0.4466666666666672,0.5533333333333332,True,0.0,True
50,299,-0.5399999999999996,-0.8401666666666671,-0.23316666666666722,0.6069999999999999,True,0.0005,True
50,300,-0.6666666666666674,-1.0066666666666668,-0.32666666666666666,0.6800000000000002,True,0.0,True
50,301,-0.37999999999999945,-0.6600000000000001,-0.07333333333333325,0.5866666666666669,True,0.011,True
50,302,-0.5066666666666664,-0.7799999999999998,-0.24649999999999997,0.5334999999999999,True,0.0015,True
50,303,-0.7266666666666666,-1.0399999999999996,-0.43316666666666737,0.6068333333333322,True,0.0,True
50,304,-0.5933333333333333,-0.9200000000000004,-0.27333333333333343,0.646666666666667,True,0.0015,True
50,305,-0.4133333333333331,-0.6866666666666665,-0.1333333333333333,0.5533333333333332,True,0.0045,True
50,306,-0.47333333333333405,-0.7533333333333334,-0.2066666666666661,0.5466666666666673,True,0.0025,True
50,307,-0.6200000000000006,-0.9466666666666659,-0.31333333333333346,0.6333333333333324,True,0.0005,True
50,308,-0.6200000000000014,-0.9333333333333336,-0.30000000000000027,0.6333333333333333,True,0.0005,True
50,309,-0.5533333333333337,-0.8534999999999999,-0.273333333333333,0.5801666666666669,True,0.0015,True
50,310,-0.7399999999999993,-1.0333333333333337,-0.42666666666666675,0.6066666666666669,True,0.0005,True
50,311,-0.5933333333333337,-0.8666666666666671,-0.3266666666666658,0.5400000000000014,True,0.0,True
50,312,-0.526666666666666,-0.8466666666666653,-0.19333333333333336,0.653333333333332,True,0.0035,True
50,313,-0.5733333333333337,-0.8666666666666663,-0.2866666666666662,0.5800000000000001,True,0.0005,True
50,314,-0.4933333333333336,-0.8266666666666662,-0.16666666666666696,0.6599999999999993,True,0.0065,True
50,315,-0.6133333333333333,-0.9266666666666659,-0.29983333333333323,0.6268333333333327,True,0.0,True
50,316,-0.6733333333333325,-1.0,-0.35983333333333367,0.6401666666666663,True,0.0,True
50,317,-0.6933333333333334,-1.0133333333333336,-0.3733333333333335,0.6400000000000001,True,0.0,True
50,318,-0.6400000000000001,-0.9268333333333335,-0.34666666666666623,0.5801666666666673,True,0.0,True
50,319,-0.5266666666666664,-0.8466666666666658,-0.226666666666667,0.6199999999999988,True,0.0045,True
50,320,-0.5933333333333333,-0.8866666666666654,-0.2933333333333339,0.5933333333333315,True,0.0005,True
50,321,-0.6200000000000001,-0.9200000000000004,-0.30666666666666664,0.6133333333333337,True,0.001,True
50,322,-0.4933333333333323,-0.8066666666666666,-0.17999999999999927,0.6266666666666674,True,0.006,True
50,323,-0.46666666666666545,-0.7733333333333334,-0.17333333333333334,0.6000000000000001,True,0.0035,True
50,324,-0.5466666666666664,-0.8466666666666662,-0.2333333333333334,0.6133333333333328,True,0.0005,True
50,325,-0.6133333333333333,-0.9133333333333336,-0.33999999999999986,0.5733333333333337,True,0.0,True
50,326,-0.5533333333333337,-0.8266666666666667,-0.27333333333333343,0.5533333333333332,True,0.0,True
50,327,-0.48,-0.766666666666667,-0.18000000000000016,0.5866666666666669,True,0.0015,True
50,328,-0.5333333333333332,-0.8399999999999999,-0.21333333333333382,0.626666666666666,True,0.0015,True
50,329,-0.5133333333333341,-0.8401666666666666,-0.206666666666667,0.6334999999999996,True,0.0015,True
50,330,-0.6466666666666665,-0.9535000000000008,-0.3266666666666671,0.6268333333333337,True,0.0,True
50,331,-0.31999999999999984,-0.6133333333333333,-0.033333333333333215,0.5800000000000001,True,0.0415,True
50,332,-0.6200000000000006,-0.9399999999999995,-0.32000000000000073,0.6199999999999988,True,0.0,True
50,333,-0.5599999999999996,-0.8799999999999999,-0.24650000000000044,0.6334999999999995,True,0.0015,True
50,334,-0.6333333333333333,-0.9533333333333331,-0.30666666666666664,0.6466666666666665,True,0.0005,True
50,335,-0.5466666666666655,-0.8199999999999998,-0.27999999999999936,0.5400000000000005,True,0.0,True
50,336,-0.4266666666666663,-0.7266666666666666,-0.14650000000000032,0.5801666666666663,True,0.012,True
50,337,-0.6199999999999997,-0.9400000000000004,-0.28650000000000003,0.6535000000000004,True,0.0005,True
50,338,-0.399999999999999,-0.6801666666666678,-0.10666666666666602,0.5735000000000018,True,0.0085,True
50,339,-0.7400000000000002,-1.0668333333333342,-0.44000000000000083,0.6268333333333334,True,0.0,True
50,340,-0.4600000000000004,-0.766666666666667,-0.15333333333333288,0.6133333333333342,True,0.006,True
50,341,-0.4800000000000013,-0.7736666666666662,-0.18649999999999994,0.5871666666666662,True,0.0045,True
50,342,-0.5866666666666664,-0.8733333333333335,-0.2799999999999998,0.5933333333333337,True,0.0005,True
50,343,-0.40666666666666673,-0.7133333333333334,-0.10666666666666602,0.6066666666666674,True,0.0155,True
50,344,-0.52,-0.8199999999999998,-0.2133333333333325,0.6066666666666674,True,0.002,True
50,345,-0.5133333333333332,-0.8066666666666671,-0.239833333333334,0.5668333333333331,True,0.0025,True
50,346,-0.666666666666667,-0.9666666666666668,-0.3666666666666658,0.600000000000001,True,0.0,True
50,347,-0.45333333333333314,-0.753333333333333,-0.13999999999999968,0.6133333333333333,True,0.007,True
50,348,-0.41999999999999904,-0.7466666666666666,-0.08650000000000072,0.6601666666666659,True,0.0215,True
50,349,-0.3466666666666671,-0.6199999999999997,-0.06666666666666687,0.5533333333333328,True,0.0215,True
50,350,-0.6333333333333346,-0.8935000000000003,-0.36000000000000076,0.5334999999999995,True,0.0,True
50,351,-0.6933333333333329,-0.9866666666666655,-0.3933333333333344,0.593333333333331,True,0.0,True
50,352,-0.49999999999999956,-0.8066666666666666,-0.19999999999999973,0.6066666666666669,True,0.0015,True
50,353,-0.8866666666666672,-1.2066666666666674,-0.5666666666666664,0.640000000000001,False,0.0,True
50,354,-0.526666666666666,-0.8266666666666653,-0.2466666666666666,0.5799999999999987,True,0.0,True
50,355,-0.5066666666666664,-0.7933333333333321,-0.2066666666666661,0.586666666666666,True,0.0025,True
50,356,-0.6466666666666661,-0.9666666666666663,-0.33333333333333304,0.6333333333333333,True,0.0005,True
50,357,-0.5466666666666677,-0.8600000000000003,-0.2333333333333325,0.6266666666666678,True,0.0,True
50,358,-0.52,-0.8401666666666671,-0.18650000000000036,0.6536666666666667,True,0.007,True
50,359,-0.5199999999999996,-0.8133333333333335,-0.22000000000000153,0.5933333333333319,True,0.0005,True
50,360,-0.5333333333333328,-0.8466666666666667,-0.22000000000000064,0.626666666666666,True,0.004,True
50,361,-0.4066666666666672,-0.6866666666666661,-0.12666666666666693,0.5599999999999992,True,0.009,True
50,362,-0.4866666666666659,-0.7866666666666662,-0.1733333333333329,0.6133333333333333,True,0.0055,True
50,363,-0.6399999999999997,-0.9599999999999995,-0.32650000000000046,0.6334999999999991,True,0.0015,True
50,364,-0.42666666666666764,-0.7200000000000006,-0.15983333333333397,0.5601666666666667,True,0.0055,True
50,365,-0.6533333333333324,-0.9266666666666663,-0.3666666666666667,0.5599999999999996,True,0.0,True
50,366,-0.48666666666666636,-0.8066666666666671,-0.17333333333333423,0.6333333333333329,True,0.006,True
50,367,-0.6666666666666661,-1.0068333333333337,-0.3466666666666671,0.6601666666666666,True,0.0005,True
50,368,-0.6066666666666669,-0.8733333333333335,-0.33333333333333304,0.5400000000000005,True,0.001,True
50,369,-0.5066666666666659,-0.7935000000000011,-0.18666666666666742,0.6068333333333337,True,0.0045,True
50,370,-0.546666666666666,-0.8666666666666667,-0.2466666666666657,0.620000000000001,True,0.002,True
50,371,-0.7066666666666657,-1.0333333333333337,-0.393333333333334,0.6399999999999997,True,0.0,True
50,372,-0.4466666666666659,-0.766666666666667,-0.1333333333333342,0.6333333333333329,True,0.007,True
50,373,-0.5333333333333328,-0.8400000000000003,-0.22649999999999995,0.6135000000000004,True,0.002,True
50,374,-0.7333333333333338,-1.033333333333334,-0.41333333333333266,0.6200000000000014,True,0.0,True
50,375,-0.5066666666666664,-0.7799999999999994,-0.2200000000000002,0.5599999999999992,True,0.0,True
50,376,-0.35333333333333306,-0.6599999999999993,-0.05333333333333321,0.606666666666666,True,0.0225,True
50,377,-0.4599999999999991,-0.8066666666666666,-0.12666666666666737,0.6799999999999993,True,0.015,True
50,378,-0.6466666666666661,-0.9333333333333336,-0.33999999999999986,0.5933333333333337,True,0.0,True
50,379,-0.706666666666667,-1.0199999999999996,-0.40000000000000036,0.6199999999999992,True,0.0,True
50,380,-0.5733333333333328,-0.9133333333333331,-0.23999999999999977,0.6733333333333333,True,0.002,True
50,381,-0.5199999999999996,-0.8199999999999994,-0.2200000000000002,0.5999999999999992,True,0.001,True
50,382,-0.5333333333333332,-0.8266666666666667,-0.2400000000000002,0.5866666666666664,True,0.002,True
50,383,-0.5866666666666669,-0.893333333333334,-0.27999999999999936,0.6133333333333346,True,0.0,True
50,384,-0.41999999999999904,-0.7000000000000002,-0.14666666666666694,0.5533333333333332,True,0.004,True
50,385,-0.4866666666666668,-0.8066666666666671,-0.16666666666666652,0.6400000000000006,True,0.007,True
50,386,-0.45999999999999996,-0.7466666666666666,-0.16666666666666607,0.5800000000000005,True,0.004,True
50,387,-0.4466666666666663,-0.7799999999999998,-0.13999999999999924,0.6400000000000006,True,0.0085,True
50,388,-0.5733333333333328,-0.8600000000000003,-0.2866666666666662,0.5733333333333341,True,0.0005,True
50,389,-0.6799999999999997,-0.9733333333333332,-0.3933333333333331,0.5800000000000001,True,0.0,True
50,390,-0.6799999999999993,-0.9733333333333323,-0.38650000000000057,0.5868333333333318,True,0.0,True
50,391,-0.5333333333333337,-0.8535000000000003,-0.19999999999999973,0.6535000000000005,True,0.0015,True
50,392,-0.49333333333333407,-0.813333333333333,-0.17999999999999927,0.6333333333333337,True,0.0055,True
50,393,-0.7199999999999998,-1.0133333333333336,-0.399999999999999,0.6133333333333346,True,0.0,True
50,394,-0.7000000000000002,-1.0000000000000004,-0.3933333333333331,0.6066666666666674,True,0.0005,True
50,395,-0.6533333333333333,-0.9466666666666663,-0.38000000000000034,0.566666666666666,True,0.0005,True
50,396,-0.5466666666666655,-0.8335000000000007,-0.2331666666666681,0.6003333333333326,True,0.001,True
50,397,-0.6000000000000001,-0.9066666666666667,-0.2799999999999998,0.6266666666666669,True,0.0,True
50,398,-0.45999999999999996,-0.7333333333333334,-0.21333333333333337,0.52,True,0.0015,True
50,399,-0.43333333333333357,-0.726666666666667,-0.12000000000000098,0.606666666666666,True,0.008,True
50,400,-0.47333333333333405,-0.7400000000000002,-0.18666666666666742,0.5533333333333328,True,0.004,True
50,401,-0.3933333333333331,-0.7066666666666666,-0.11333333333333329,0.5933333333333333,True,0.0165,True
50,402,-0.526666666666666,-0.8335000000000002,-0.2333333333333334,0.6001666666666668,True,0.0015,True
50,403,-0.4666666666666668,-0.7599999999999993,-0.1533333333333333,0.606666666666666,True,0.0035,True
50,404,-0.4866666666666659,-0.7466666666666666,-0.22666666666666657,0.52,True,0.0015,True
50,405,-0.5400000000000005,-0.7936666666666675,-0.27999999999999936,0.5136666666666682,True,0.0,True
50,406,-0.7266666666666666,-1.0333333333333337,-0.41333333333333355,0.6200000000000001,True,0.0,True
50,407,-0.4199999999999995,-0.7133333333333334,-0.12650000000000033,0.5868333333333331,True,0.008,True
50,408,-0.5066666666666664,-0.7933333333333334,-0.20666666666666655,0.5866666666666669,True,0.004,True
50,409,-0.5266666666666673,-0.8466666666666671,-0.21999999999999975,0.6266666666666674,True,0.003,True
50,410,-0.4466666666666663,-0.753333333333333,-0.13983333333333395,0.613499999999999,True,0.0125,True
50,411,-0.45333333333333403,-0.6999999999999993,-0.1866666666666661,0.5133333333333332,True,0.003,True
50,412,-0.6399999999999997,-0.9333333333333327,-0.3799999999999999,0.5533333333333328,True,0.0,True
50,413,-0.5333333333333332,-0.8266666666666667,-0.25983333333333364,0.5668333333333331,True,0.0005,True
50,414,-0.6333333333333329,-0.9266666666666667,-0.3598333333333333,0.5668333333333335,True,0.0,True
50,415,-0.37333333333333396,-0.7133333333333329,-0.04000000000000048,0.6733333333333325,True,0.0385,True
50,416,-0.5800000000000001,-0.853333333333333,-0.2800000000000007,0.5733333333333324,True,0.0005,True
50,417,-0.48000000000000087,-0.7600000000000007,-0.19333333333333336,0.5666666666666673,True,0.001,True
50,418,-0.6000000000000001,-0.8666666666666658,-0.32666666666666666,0.5399999999999991,True,0.0,True
50,419,-0.41333333333333266,-0.7133333333333329,-0.11333333333333284,0.6000000000000001,True,0.008,True
50,420,-0.56,-0.8333333333333339,-0.2666666666666666,0.5666666666666673,True,0.0,True
50,421,-0.5866666666666669,-0.8601666666666671,-0.28000000000000025,0.5801666666666668,True,0.0,True
50,422,-0.5066666666666659,-0.8199999999999998,-0.19316666666666718,0.6268333333333327,True,0.006,True
50,423,-0.6399999999999997,-0.933333333333334,-0.359999999999999,0.573333333333335,True,0.0,True
50,424,-0.6200000000000001,-0.9066666666666667,-0.32000000000000073,0.586666666666666,True,0.0005,True
50,425,-0.40000000000000036,-0.7135000000000006,-0.08000000000000007,0.6335000000000005,True,0.016,True
50,426,-0.606666666666666,-0.899999999999999,-0.3400000000000003,0.5599999999999987,True,0.0,True
50,427,-0.6333333333333337,-0.9201666666666671,-0.35333333333333306,0.5668333333333341,True,0.0,True
50,428,-0.29333333333333345,-0.6000000000000001,4.440892098500626e-16,0.6000000000000005,True,0.0625,False
50,429,-0.4733333333333323,-0.7533333333333334,-0.16000000000000014,0.5933333333333333,True,0.007,True
50,430,-0.5399999999999996,-0.8266666666666671,-0.23999999999999932,0.5866666666666678,True,0.001,True
50,431,-0.5599999999999992,-0.8933333333333335,-0.22666666666666746,0.6666666666666661,True,0.0035,True
50,432,-0.8400000000000007,-1.1333333333333333,-0.5398333333333343,0.593499999999999,True,0.0,True
50,433,-0.47999999999999954,-0.7533333333333334,-0.1999999999999993,0.5533333333333341,True,0.0,True
50,434,-0.7533333333333339,-1.04,-0.44666666666666677,0.5933333333333333,True,0.0,True
50,435,-0.48666666666666636,-0.7600000000000002,-0.20666666666666744,0.5533333333333328,True,0.003,True
50,436,-0.6800000000000002,-0.9866666666666668,-0.3733333333333331,0.6133333333333337,True,0.0,True
50,437,-0.6133333333333328,-0.9066666666666658,-0.3066666666666671,0.5999999999999988,True,0.0,True
50,438,-0.22666666666666657,-0.45999999999999996,0.026666666666666394,0.48666666666666636,False,0.0795,False
50,439,-0.6333333333333324,-0.9333333333333327,-0.3333333333333335,0.5999999999999992,True,0.0,True
50,440,-0.30666666666666664,-0.5599999999999996,-0.040000000000000466,0.5199999999999991,False,0.0295,True
50,441,-0.5799999999999992,-0.8800000000000003,-0.26666666666666705,0.6133333333333333,True,0.0005,True
50,442,-0.6800000000000006,-0.9533333333333336,-0.39316666666666694,0.5601666666666667,True,0.0,True
50,443,-0.5933333333333342,-0.8933333333333326,-0.2999999999999994,0.5933333333333333,True,0.0005,True
50,444,-0.6000000000000001,-0.9133333333333336,-0.2999999999999998,0.6133333333333337,True,0.001,True
50,445,-0.6266666666666669,-0.9068333333333339,-0.3466666666666671,0.5601666666666668,True,0.0,True
50,446,-0.54,-0.8733333333333326,-0.2066666666666661,0.6666666666666665,True,0.002,True
50,447,-0.5999999999999996,-0.9201666666666676,-0.273333333333333,0.6468333333333346,True,0.001,True
50,448,-0.5266666666666668,-0.8200000000000003,-0.22666666666666702,0.5933333333333333,True,0.002,True
50,449,-0.4666666666666659,-0.7935000000000002,-0.15333333333333377,0.6401666666666664,True,0.0105,True
50,450,-0.6399999999999997,-0.9266666666666672,-0.33983333333333327,0.586833333333334,True,0.0,True
50,451,-0.606666666666666,-0.8999999999999995,-0.3131666666666677,0.5868333333333318,True,0.0,True
50,452,-0.5066666666666673,-0.8468333333333343,-0.16666666666666652,0.6801666666666678,True,0.0065,True
50,453,-0.4266666666666672,-0.7466666666666666,-0.10666666666666645,0.6400000000000001,True,0.0125,True
50,454,-0.6733333333333325,-0.9866666666666659,-0.3799999999999999,0.606666666666666,True,0.0,True
50,455,-0.6600000000000006,-0.9733333333333336,-0.3466666666666671,0.6266666666666665,True,0.0,True
50,456,-0.5866666666666664,-0.9133333333333331,-0.28666666666666746,0.6266666666666656,True,0.001,True
50,457,-0.5599999999999996,-0.8666666666666671,-0.2666666666666666,0.6000000000000005,True,0.0005,True
50,458,-0.5533333333333323,-0.8733333333333335,-0.2200000000000002,0.6533333333333333,True,0.002,True
50,459,-0.4533333333333327,-0.7468333333333338,-0.17333333333333378,0.5735,True,0.0055,True
50,460,-0.5066666666666668,-0.8199999999999998,-0.1933333333333338,0.626666666666666,True,0.0045,True
50,461,-0.600000000000001,-0.8866666666666667,-0.3133333333333339,0.5733333333333328,True,0.0005,True
50,462,-0.3666666666666658,-0.6266666666666669,-0.09333333333333281,0.5333333333333341,True,0.02,True
50,463,-0.4999999999999991,-0.8399999999999994,-0.15333333333333377,0.6866666666666656,True,0.0035,True
50,464,-0.6733333333333333,-0.9801666666666672,-0.3733333333333335,0.6068333333333337,True,0.0,True
50,465,-0.8999999999999995,-1.2000000000000002,-0.6000000000000001,0.6000000000000001,False,0.0,True
50,466,-0.726666666666667,-1.0266666666666664,-0.4199999999999986,0.6066666666666678,True,0.0,True
50,467,-0.54,-0.8400000000000003,-0.2533333333333334,0.5866666666666669,True,0.0025,True
50,468,-0.7599999999999998,-1.0601666666666674,-0.4466666666666676,0.6134999999999997,True,0.0,True
50,469,-0.6533333333333338,-0.8935000000000003,-0.41333333333333355,0.48016666666666674,True,0.0,True
50,470,-0.5866666666666664,-0.9134999999999995,-0.25333333333333297,0.6601666666666666,True,0.0005,True
50,471,-0.6066666666666665,-0.9533333333333336,-0.273333333333333,0.6800000000000006,True,0.0005,True
50,472,-0.5599999999999992,-0.853333333333333,-0.2599999999999998,0.5933333333333333,True,0.0015,True
50,473,-0.5066666666666664,-0.8401666666666666,-0.16650000000000076,0.6736666666666659,True,0.0055,True
50,474,-0.48,-0.7533333333333316,-0.21333333333333293,0.5399999999999987,True,0.002,True
50,475,-0.5866666666666664,-0.8799999999999999,-0.30000000000000027,0.5799999999999996,True,0.0,True
50,476,-0.7133333333333325,-1.0199999999999996,-0.40650000000000014,0.6134999999999995,True,0.0,True
50,477,-0.666666666666667,-0.9866666666666672,-0.36666666666666714,0.6200000000000001,True,0.0,True
50,478,-0.4599999999999995,-0.779999999999998,-0.15333333333333288,0.6266666666666652,True,0.0065,True
50,479,-0.40000000000000036,-0.6799999999999997,-0.11333333333333329,0.5666666666666664,True,0.0105,True
50,480,-0.4599999999999995,-0.7600000000000002,-0.16666666666666696,0.5933333333333333,True,0.004,True
50,481,-0.6533333333333333,-0.9333333333333331,-0.36666666666666714,0.566666666666666,True,0.0,True
50,482,-0.5733333333333333,-0.8666666666666671,-0.28000000000000025,0.5866666666666669,True,0.0005,True
50,483,-0.49999999999999956,-0.8133333333333326,-0.1800000000000006,0.633333333333332,True,0.003,True
50,484,-0.6533333333333342,-0.9533333333333336,-0.35983333333333367,0.5934999999999999,True,0.0,True
50,485,-0.5933333333333333,-0.9068333333333339,-0.26666666666666705,0.6401666666666669,True,0.001,True
50,486,-0.4733333333333327,-0.7935000000000002,-0.15333333333333332,0.6401666666666669,True,0.0045,True
50,487,-0.4199999999999995,-0.7000000000000002,-0.16000000000000014,0.54,True,0.0035,True
50,488,-0.5466666666666664,-0.8466666666666671,-0.26650000000000046,0.5801666666666667,True,0.0005,True
50,489,-0.7066666666666666,-0.96,-0.43999999999999995,0.52,True,0.0,True
50,490,-0.4066666666666672,-0.7333333333333334,-0.07983333333333434,0.6534999999999991,True,0.02,True
50,491,-0.5800000000000001,-0.8866666666666672,-0.27999999999999936,0.6066666666666678,True,0.0,True
50,492,-0.5333333333333332,-0.8399999999999994,-0.23333333333333295,0.6066666666666665,True,0.0,True
50,493,-0.49999999999999956,-0.8134999999999998,-0.17999999999999972,0.6335000000000001,True,0.004,True
50,494,-0.3799999999999999,-0.6533333333333333,-0.11333333333333284,0.5400000000000005,True,0.01,True
50,495,-0.7533333333333339,-1.0666666666666669,-0.4466666666666672,0.6199999999999997,True,0.0,True
50,496,-0.6399999999999992,-0.9468333333333327,-0.3331666666666669,0.6136666666666659,True,0.001,True
50,497,-0.54,-0.8666666666666667,-0.2465,0.6201666666666668,True,0.0025,True
50,498,-0.8066666666666662,-1.0733333333333341,-0.5133333333333336,0.5600000000000005,True,0.0,True
50,499,-0.4000000000000008,-0.713333333333332,-0.11333333333333327,0.5999999999999988,True,0.011,True
100,0,-0.5666666666666669,-0.7766666666666651,-0.3633333333333333,0.4133333333333318,True,0.0,True
100,1,-0.5666666666666673,-0.7799999999999994,-0.3499166666666672,0.43008333333333215,True,0.0,True
100,2,-0.5666666666666678,-0.7766666666666655,-0.34666666666666796,0.42999999999999755,True,0.0,True
100,3,-0.5666666666666664,-0.7899999999999996,-0.35333333333333306,0.43666666666666654,True,0.0,True
100,4,-0.566666666666666,-0.7799999999999998,-0.359999999999999,0.4200000000000008,True,0.0,True
100,5,-0.5666666666666678,-0.7866666666666666,-0.34658333333333335,0.44008333333333327,True,0.0,True
100,6,-0.5666666666666664,-0.7766666666666664,-0.3500000000000001,0.4266666666666663,True,0.0,True
100,7,-0.5666666666666655,-0.776666666666666,-0.3500000000000001,0.42666666666666586,True,0.0,True
100,8,-0.5666666666666664,-0.7766666666666668,-0.3499166666666672,0.42674999999999963,True,0.0,True
100,9,-0.5666666666666655,-0.7833333333333337,-0.35666666666666647,0.4266666666666672,True,0.0,True
100,10,-0.5666666666666669,-0.7834166666666672,-0.3565833333333332,0.426833333333334,True,0.0,True
100,11,-0.566666666666666,-0.7699999999999991,-0.3466666666666671,0.423333333333332,True,0.0,True
100,12,-0.5666666666666669,-0.7700000000000005,-0.35666666666666735,0.4133333333333331,True,0.0,True
100,13,-0.5666666666666655,-0.7799999999999994,-0.3566666666666669,0.42333333333333245,True,0.0,True
100,14,-0.5666666666666664,-0.776666666666666,-0.350000000000001,0.426666666666665,True,0.0,True
100,15,-0.5666666666666655,-0.7899999999999996,-0.350000000000001,0.4399999999999986,True,0.0,True
100,16,-0.5666666666666673,-0.7833333333333337,-0.34324999999999994,0.4400833333333337,True,0.0,True
100,17,-0.5666666666666673,-0.7799999999999998,-0.3566666666666669,0.4233333333333329,True,0.0,True
100,18,-0.5666666666666664,-0.7866666666666666,-0.3499166666666672,0.4367499999999994,True,0.0,True
100,19,-0.5666666666666655,-0.77,-0.35666666666666647,0.41333333333333355,True,0.0,True
100,20,-0.5666666666666655,-0.7766666666666651,-0.34333333333333327,0.4333333333333318,True,0.0,True
100,21,-0.5666666666666669,-0.7833333333333328,-0.36333333333333284,0.41999999999999993,True,0.0,True
100,22,-0.5666666666666664,-0.7799999999999994,-0.3500000000000001,0.42999999999999927,True,0.0,True
100,23,-0.5666666666666669,-0.7833333333333341,-0.3633333333333333,0.4200000000000008,True,0.0,True
100,24,-0.5666666666666647,-0.7766666666666668,-0.34333333333333327,0.43333333333333357,True,0.0,True
100,25,-0.5666666666666664,-0.7766666666666668,-0.359999999999999,0.41666666666666785,True,0.0,True
100,26,-0.5666666666666664,-0.7866666666666662,-0.3600000000000012,0.426666666666665,True,0.0,True
100,27,-0.5666666666666655,-0.773333333333333,-0.35666666666666735,0.41666666666666563,True,0.0,True
100,28,-0.5666666666666678,-0.7733333333333339,-0.35658333333333275,0.4167500000000011,True,0.0,True
100,29,-0.5666666666666655,-0.7766666666666673,-0.35999999999999943,0.41666666666666785,True,0.0,True
100,30,-0.5666666666666673,-0.790083333333334,-0.34333333333333327,0.44675000000000076,True,0.0,True
100,31,-0.5666666666666664,-0.7867499999999998,-0.36324999999999913,0.4235000000000007,True,0.0,True
100,32,-0.5666666666666664,-0.776666666666666,-0.3499166666666672,0.42674999999999874,True,0.0,True
100,33,-0.5666666666666673,-0.7800000000000002,-0.35333333333333306,0.4266666666666672,True,0.0,True
100,34,-0.5666666666666655,-0.7766666666666664,-0.359916666666667,0.4167499999999994,True,0.0,True
100,35,-0.5666666666666655,-0.7799999999999998,-0.33666666666666734,0.44333333333333247,True,0.0,True
100,36,-0.5666666666666655,-0.7900833333333328,-0.35000000000000053,0.44008333333333227,True,0.0,True
100,37,-0.5666666666666664,-0.7767500000000008,-0.35666666666666735,0.4200833333333335,True,0.0,True
100,38,-0.5666666666666664,-0.7933333333333334,-0.3566666666666669,0.43666666666666654,True,0.0,True
100,39,-0.5666666666666669,-0.7799999999999994,-0.3666666666666667,0.41333333333333266,True,0.0,True
100,40,-0.5666666666666664,-0.7834166666666668,-0.34991666666666676,0.4335,True,0.0,True
100,41,-0.5666666666666673,-0.776666666666666,-0.3599999999999999,0.4166666666666661,True,0.0,True
100,42,-0.5666666666666669,-0.7833333333333341,-0.33999999999999986,0.44333333333333425,True,0.0,True
100,43,-0.5666666666666669,-0.77675,-0.3599999999999999,0.4167500000000002,True,0.0,True
100,44,-0.5666666666666655,-0.7800833333333334,-0.3466666666666667,0.4334166666666667,True,0.0,True
100,45,-0.5666666666666673,-0.7834166666666672,-0.3566666666666669,0.4267500000000003,True,0.0,True
100,46,-0.5666666666666678,-0.7799999999999998,-0.3500000000000001,0.4299999999999997,True,0.0,True
100,47,-0.5666666666666664,-0.7900833333333345,-0.34333333333333327,0.4467500000000012,True,0.0,True
100,48,-0.5666666666666673,-0.7799999999999998,-0.34666666666666757,0.43333333333333224,True,0.0,True
100,49,-0.5666666666666673,-0.7899999999999991,-0.34999999999999964,0.4399999999999995,True,0.0,True
100,50,-0.5666666666666664,-0.7866666666666657,-0.35658333333333275,0.430083333333333,True,0.0,True
100,51,-0.5666666666666655,-0.7866666666666666,-0.3566666666666678,0.4299999999999988,True,0.0,True
100,52,-0.566666666666666,-0.776833333333334,-0.3532500000000006,0.4235833333333334,True,0.0,True
100,53,-0.5666666666666669,-0.7833333333333328,-0.35324999999999934,0.43008333333333343,True,0.0,True
100,54,-0.5666666666666664,-0.7800000000000002,-0.35324999999999934,0.4267500000000009,True,0.0,True
100,55,-0.566666666666666,-0.7734166666666674,-0.3499999999999992,0.4234166666666682,True,0.0,True
100,56,-0.5666666666666669,-0.7867500000000003,-0.3633333333333333,0.423416666666667,True,0.0,True
100,57,-0.566666666666666,-0.7867500000000003,-0.3499166666666672,0.4368333333333331,True,0.0,True
100,58,-0.5666666666666669,-0.770083333333334,-0.3532500000000006,0.4168333333333334,True,0.0,True
100,59,-0.5666666666666673,-0.7833333333333328,-0.3533333333333335,0.42999999999999927,True,0.0,True
100,60,-0.5666666666666664,-0.7833333333333323,-0.35666666666666647,0.42666666666666586,True,0.0,True
100,61,-0.5666666666666669,-0.7833333333333337,-0.36333333333333373,0.41999999999999993,True,0.0,True
100,62,-0.5666666666666673,-0.7866666666666662,-0.35325000000000023,0.43341666666666595,True,0.0,True
100,63,-0.5666666666666664,-0.7800833333333334,-0.34666666666666757,0.4334166666666658,True,0.0,True
100,64,-0.5666666666666673,-0.7799999999999998,-0.35658333333333275,0.42341666666666705,True,0.0,True
100,65,-0.5666666666666647,-0.7833333333333337,-0.3499166666666664,0.4334166666666673,True,0.0,True
100,66,-0.5666666666666664,-0.7933333333333334,-0.35991666666666744,0.433416666666666,True,0.0,True
100,67,-0.5666666666666678,-0.77,-0.35666666666666647,0.41333333333333355,True,0.0,True
100,68,-0.5666666666666655,-0.7799999999999994,-0.36666666666666803,0.41333333333333133,True,0.0,True
100,69,-0.5666666666666664,-0.7833333333333323,-0.33666666666666645,0.4466666666666659,True,0.0,True
100,70,-0.5666666666666678,-0.7900833333333336,-0.3566666666666678,0.4334166666666658,True,0.0,True
100,71,-0.5666666666666664,-0.7834166666666669,-0.34991666666666593,0.43350000000000094,True,0.0,True
100,72,-0.5666666666666682,-0.7800000000000002,-0.34324999999999994,0.4367500000000003,True,0.0,True
100,73,-0.5666666666666647,-0.7833333333333328,-0.36333333333333284,0.41999999999999993,True,0.0,True
100,74,-0.5666666666666664,-0.7799999999999994,-0.3566666666666678,0.42333333333333156,True,0.0,True
100,75,-0.5666666666666664,-0.7766666666666664,-0.35333333333333306,0.42333333333333334,True,0.0,True
100,76,-0.5666666666666673,-0.7866666666666653,-0.3533333333333344,0.4333333333333309,True,0.0,True
100,77,-0.5666666666666673,-0.793416666666667,-0.3499166666666672,0.4434999999999998,True,0.0,True
100,78,-0.5666666666666673,-0.7834166666666672,-0.35666666666666647,0.42675000000000074,True,0.0,True
100,79,-0.5666666666666678,-0.7899999999999996,-0.33999999999999986,0.44999999999999973,True,0.0,True
100,80,-0.5666666666666678,-0.7733333333333334,-0.35999999999999943,0.413333333333334,True,0.0,True
100,81,-0.5666666666666655,-0.7701666666666668,-0.36333333333333373,0.40683333333333305,True,0.0,True
100,82,-0.5666666666666669,-0.7834166666666676,-0.3466666666666671,0.4367500000000005,True,0.0,True
100,83,-0.5666666666666678,-0.7866666666666662,-0.3433333333333328,0.44333333333333336,True,0.0,True
100,84,-0.5666666666666673,-0.7833333333333341,-0.35333333333333394,0.43000000000000016,True,0.0,True
100,85,-0.5666666666666678,-0.7799999999999998,-0.3399166666666666,0.4400833333333332,True,0.0,True
100,86,-0.5666666666666664,-0.7800000000000007,-0.3466666666666671,0.43333333333333357,True,0.0,True
100,87,-0.5666666666666664,-0.7799999999999989,-0.35000000000000053,0.4299999999999984,True,0.0,True
100,88,-0.5666666666666664,-0.7768333333333332,-0.34333333333333327,0.4334999999999999,True,0.0,True
100,89,-0.5666666666666682,-0.7799999999999994,-0.3531666666666669,0.42683333333333245,True,0.0,True
100,90,-0.5666666666666664,-0.7866666666666657,-0.3499999999999992,0.43666666666666654,True,0.0,True
100,91,-0.566666666666666,-0.7866666666666666,-0.35325000000000106,0.43341666666666556,True,0.0,True
100,92,-0.5666666666666669,-0.7899999999999996,-0.34333333333333327,0.4466666666666663,True,0.0,True
100,93,-0.5666666666666673,-0.7833333333333337,-0.3499999999999992,0.43333333333333446,True,0.0,True
100,94,-0.5666666666666655,-0.7766666666666664,-0.36324999999999996,0.41341666666666643,True,0.0,True
100,95,-0.5666666666666673,-0.7766666666666664,-0.34333333333333327,0.4333333333333331,True,0.0,True
100,96,-0.5666666666666664,-0.7833333333333319,-0.3466666666666671,0.43666666666666476,True,0.0,True
100,97,-0.5666666666666655,-0.7867500000000006,-0.34666666666666623,0.4400833333333344,True,0.0,True
100,98,-0.5666666666666669,-0.7834166666666672,-0.35000000000000053,0.4334166666666667,True,0.0,True
100,99,-0.5666666666666664,-0.770083333333334,-0.3599999999999999,0.41008333333333413,True,0.0,True
100,100,-0.5666666666666678,-0.7833333333333332,-0.3499166666666664,0.43341666666666684,True,0.0,True
100,101,-0.566666666666666,-0.7800833333333335,-0.35324999999999973,0.42683333333333373,True,0.0,True
100,102,-0.5666666666666669,-0.7833333333333323,-0.36000000000000076,0.42333333333333156,True,0.0,True
100,103,-0.5666666666666655,-0.7833333333333328,-0.35333333333333394,0.4299999999999988,True,0.0,True
100,104,-0.5666666666666669,-0.773333333333333,-0.3600000000000016,0.4133333333333314,True,0.0,True
100,105,-0.5666666666666664,-0.7799999999999998,-0.3566666666666669,0.4233333333333329,True,0.0,True
100,106,-0.5666666666666655,-0.7866666666666653,-0.35666666666666735,0.42999999999999794,True,0.0,True
100,107,-0.5666666666666673,-0.7766666666666668,-0.3432499999999991,0.4334166666666677,True,0.0,True
100,108,-0.5666666666666669,-0.7833333333333328,-0.35000000000000053,0.43333333333333224,True,0.0,True
100,109,-0.5666666666666669,-0.7767499999999996,-0.3533333333333344,0.4234166666666652,True,0.0,True
100,110,-0.5666666666666655,-0.7766666666666664,-0.356666666666666,0.4200000000000004,True,0.0,True
100,111,-0.5666666666666678,-0.7800000000000002,-0.34324999999999994,0.4367500000000003,True,0.0,True
100,112,-0.5666666666666673,-0.773333333333333,-0.34999999999999964,0.42333333333333334,True,0.0,True
100,113,-0.5666666666666669,-0.7733333333333339,-0.3532499999999998,0.4200833333333341,True,0.0,True
100,114,-0.5666666666666664,-0.7833333333333323,-0.36324999999999996,0.42008333333333236,True,0.0,True
100,115,-0.5666666666666655,-0.773416666666667,-0.34666666666666623,0.42675000000000074,True,0.0,True
100,116,-0.5666666666666664,-0.7799999999999998,-0.33666666666666645,0.44333333333333336,True,0.0,True
100,117,-0.566666666666666,-0.7766666666666664,-0.3500000000000001,0.4266666666666663,True,0.0,True
100,118,-0.5666666666666664,-0.7766666666666655,-0.34333333333333327,0.43333333333333224,True,0.0,True
100,119,-0.5666666666666664,-0.7766666666666673,-0.34999999999999964,0.42666666666666764,True,0.0,True
100,120,-0.5666666666666673,-0.7833333333333328,-0.35324999999999934,0.43008333333333343,True,0.0,True
100,121,-0.5666666666666664,-0.7867500000000002,-0.34999999999999964,0.4367500000000005,True,0.0,True
100,122,-0.5666666666666664,-0.780083333333333,-0.34658333333333335,0.43349999999999966,True,0.0,True
100,123,-0.5666666666666678,-0.7799999999999998,-0.3500000000000001,0.4299999999999997,True,0.0,True
100,124,-0.5666666666666669,-0.7833333333333332,-0.35333333333333306,0.43000000000000016,True,0.0,True
100,125,-0.5666666666666669,-0.7833333333333341,-0.3466666666666667,0.4366666666666674,True,0.0,True
100,126,-0.5666666666666678,-0.7933333333333339,-0.3499166666666664,0.4434166666666675,True,0.0,True
100,127,-0.5666666666666664,-0.7767500000000008,-0.3500000000000001,0.42675000000000074,True,0.0,True
100,128,-0.5666666666666678,-0.7866666666666666,-0.3566666666666669,0.4299999999999997,True,0.0,True
100,129,-0.5666666666666669,-0.7800000000000002,-0.350000000000001,0.42999999999999927,True,0.0,True
100,130,-0.5666666666666664,-0.7833333333333328,-0.3532499999999998,0.430083333333333,True,0.0,True
100,131,-0.5666666666666664,-0.7800000000000002,-0.3465833333333321,0.43341666666666817,True,0.0,True
100,132,-0.5666666666666682,-0.7734166666666666,-0.3533333333333335,0.42008333333333314,True,0.0,True
100,133,-0.5666666666666669,-0.7800833333333342,-0.36333333333333323,0.416750000000001,True,0.0,True
100,134,-0.5666666666666673,-0.770083333333334,-0.34658333333333513,0.4234999999999989,True,0.0,True
100,135,-0.5666666666666673,-0.7700833333333345,-0.350000000000001,0.4200833333333335,True,0.0,True
100,136,-0.5666666666666664,-0.7899999999999996,-0.3532499999999998,0.4367499999999998,True,0.0,True
100,137,-0.5666666666666673,-0.7866666666666662,-0.34333333333333454,0.44333333333333164,True,0.0,True
100,138,-0.5666666666666673,-0.7800000000000002,-0.3533333333333335,0.42666666666666675,True,0.0,True
100,139,-0.5666666666666664,-0.7833333333333323,-0.35325000000000023,0.4300833333333321,True,0.0,True
100,140,-0.5666666666666655,-0.7799999999999998,-0.35658333333333225,0.42341666666666755,True,0.0,True
100,141,-0.5666666666666669,-0.7833333333333337,-0.353333333333333,0.43000000000000066,True,0.0,True
100,142,-0.5666666666666673,-0.7766666666666664,-0.34333333333333327,0.4333333333333331,True,0.0,True
100,143,-0.5666666666666655,-0.7800000000000011,-0.3399166666666666,0.44008333333333455,True,0.0,True
100,144,-0.5666666666666664,-0.7834166666666668,-0.3599166666666653,0.4235000000000015,True,0.0,True
100,145,-0.5666666666666655,-0.7833333333333337,-0.35658333333333364,0.42675,True,0.0,True
100,146,-0.5666666666666669,-0.7866666666666671,-0.3533333333333344,0.4333333333333327,True,0.0,True
100,147,-0.5666666666666655,-0.7800833333333347,-0.3566666666666669,0.4234166666666678,True,0.0,True
100,148,-0.5666666666666664,-0.7767500000000009,-0.3532499999999998,0.42350000000000115,True,0.0,True
100,149,-0.5666666666666673,-0.7766666666666664,-0.3466666666666671,0.42999999999999927,True,0.0,True
100,150,-0.5666666666666664,-0.7799999999999998,-0.33999999999999986,0.43999999999999995,True,0.0,True
100,151,-0.5666666666666664,-0.773333333333333,-0.36333333333333373,0.40999999999999925,True,0.0,True
100,152,-0.5666666666666664,-0.7799999999999998,-0.3499166666666663,0.4300833333333335,True,0.0,True
100,153,-0.5666666666666669,-0.7966666666666677,-0.3600000000000003,0.4366666666666674,True,0.0,True
100,154,-0.5666666666666664,-0.7833333333333332,-0.36666666666666714,0.4166666666666661,True,0.0,True
100,155,-0.5666666666666669,-0.7867499999999994,-0.3500000000000001,0.4367499999999993,True,0.0,True
100,156,-0.5666666666666673,-0.7900833333333337,-0.35666666666666647,0.4334166666666672,True,0.0,True
100,157,-0.5666666666666673,-0.7933333333333326,-0.35658333333333403,0.43674999999999853,True,0.0,True
100,158,-0.5666666666666669,-0.7800833333333334,-0.3565833333333336,0.42349999999999977,True,0.0,True
100,159,-0.5666666666666669,-0.7800833333333338,-0.3433333333333337,0.4367500000000001,True,0.0,True
100,160,-0.5666666666666678,-0.7833333333333332,-0.3466666666666667,0.43666666666666654,True,0.0,True
100,161,-0.5666666666666669,-0.7866666666666657,-0.36991666666666684,0.4167499999999989,True,0.0,True
100,162,-0.5666666666666669,-0.800083333333333,-0.3533333333333353,0.44674999999999776,True,0.0,True
100,163,-0.5666666666666673,-0.7766666666666664,-0.356666666666666,0.4200000000000004,True,0.0,True
100,164,-0.5666666666666647,-0.7899999999999991,-0.36324999999999996,0.4267499999999992,True,0.0,True
100,165,-0.5666666666666678,-0.7866666666666662,-0.3466666666666667,0.4399999999999995,True,0.0,True
100,166,-0.5666666666666678,-0.7900833333333337,-0.3533333333333335,0.4367500000000002,True,0.0,True
100,167,-0.566666666666666,-0.7866666666666666,-0.34658333333333335,0.44008333333333327,True,0.0,True
100,168,-0.5666666666666664,-0.7866666666666657,-0.35658333333333275,0.430083333333333,True,0.0,True
100,169,-0.5666666666666673,-0.7800000000000002,-0.3533333333333335,0.42666666666666675,True,0.0,True
100,170,-0.5666666666666669,-0.7866666666666666,-0.3533333333333335,0.4333333333333331,True,0.0,True
100,171,-0.5666666666666673,-0.776666666666666,-0.33658333333333273,0.4400833333333332,True,0.0,True
100,172,-0.5666666666666669,-0.7833333333333341,-0.3599166666666657,0.4234166666666684,True,0.0,True
100,173,-0.5666666666666673,-0.7866666666666662,-0.3500000000000001,0.4366666666666661,True,0.0,True
100,174,-0.5666666666666673,-0.77,-0.3566666666666669,0.4133333333333331,True,0.0,True
100,175,-0.5666666666666673,-0.7866666666666657,-0.3500000000000014,0.4366666666666643,True,0.0,True
100,176,-0.566666666666666,-0.7800833333333338,-0.3600000000000003,0.4200833333333335,True,0.0,True
100,177,-0.5666666666666678,-0.7933333333333326,-0.35666666666666774,0.4366666666666648,True,0.0,True
100,178,-0.5666666666666669,-0.7733333333333343,-0.35666666666666735,0.41666666666666696,True,0.0,True
100,179,-0.5666666666666673,-0.7734166666666671,-0.3431666666666671,0.43024999999999997,True,0.0,True
100,180,-0.5666666666666678,-0.7799999999999994,-0.3666666666666667,0.41333333333333266,True,0.0,True
100,181,-0.5666666666666669,-0.7834166666666673,-0.3532499999999998,0.43016666666666753,True,0.0,True
100,182,-0.5666666666666673,-0.7734166666666679,-0.3533333333333335,0.42008333333333436,True,0.0,True
100,183,-0.5666666666666669,-0.7866666666666666,-0.35333333333333306,0.43333333333333357,True,0.0,True
100,184,-0.5666666666666678,-0.7867500000000002,-0.35325000000000023,0.43349999999999994,True,0.0,True
100,185,-0.5666666666666647,-0.7766666666666668,-0.3499166666666664,0.42675000000000046,True,0.0,True
100,186,-0.5666666666666669,-0.7799999999999998,-0.3500000000000001,0.4299999999999997,True,0.0,True
100,187,-0.5666666666666669,-0.7766666666666664,-0.35333333333333306,0.42333333333333334,True,0.0,True
100,188,-0.5666666666666664,-0.7833333333333332,-0.35000000000000053,0.4333333333333327,True,0.0,True
100,189,-0.5666666666666682,-0.793333333333333,-0.34333333333333416,0.44999999999999885,True,0.0,True
100,190,-0.5666666666666678,-0.7866666666666671,-0.3533333333333335,0.43333333333333357,True,0.0,True
100,191,-0.5666666666666678,-0.7833333333333323,-0.3599166666666666,0.4234166666666657,True,0.0,True
100,192,-0.566666666666666,-0.7766666666666668,-0.3500000000000001,0.42666666666666675,True,0.0,True
100,193,-0.5666666666666664,-0.7767499999999996,-0.35666666666666647,0.42008333333333314,True,0.0,True
100,194,-0.5666666666666664,-0.7833333333333332,-0.34999999999999964,0.43333333333333357,True,0.0,True
100,195,-0.5666666666666669,-0.7900833333333328,-0.3565833333333332,0.4334999999999996,True,0.0,True
100,196,-0.5666666666666669,-0.773333333333333,-0.3500000000000001,0.4233333333333329,True,0.0,True
100,197,-0.5666666666666669,-0.7800833333333334,-0.3466666666666667,0.4334166666666667,True,0.0,True
100,198,-0.5666666666666678,-0.7834166666666668,-0.3565833333333336,0.4268333333333332,True,0.0,True
100,199,-0.5666666666666664,-0.7800833333333334,-0.35658333333333314,0.4235000000000002,True,0.0,True
100,200,-0.5666666666666664,-0.7833333333333314,-0.35999999999999943,0.423333333333332,True,0.0,True
100,201,-0.5666666666666673,-0.7834166666666672,-0.3533333333333335,0.4300833333333337,True,0.0,True
100,202,-0.5666666666666678,-0.7866666666666666,-0.35666666666666647,0.43000000000000016,True,0.0,True
100,203,-0.5666666666666669,-0.7800833333333334,-0.35666666666666735,0.423416666666666,True,0.0,True
100,204,-0.5666666666666678,-0.7900833333333341,-0.3566666666666678,0.43341666666666634,True,0.0,True
100,205,-0.5666666666666669,-0.7700833333333337,-0.34324999999999994,0.42683333333333373,True,0.0,True
100,206,-0.5666666666666655,-0.7866666666666662,-0.3533333333333335,0.4333333333333327,True,0.0,True
100,207,-0.5666666666666664,-0.7834166666666672,-0.3433333333333328,0.4400833333333344,True,0.0,True
100,208,-0.5666666666666647,-0.7767499999999996,-0.3466666666666671,0.4300833333333325,True,0.0,True
100,209,-0.5666666666666673,-0.7799999999999998,-0.36324999999999996,0.41674999999999984,True,0.0,True
100,210,-0.5666666666666682,-0.7833333333333332,-0.35666666666666647,0.42666666666666675,True,0.0,True
100,211,-0.5666666666666664,-0.7799999999999989,-0.34999999999999964,0.42999999999999927,True,0.0,True
100,212,-0.5666666666666669,-0.7800833333333334,-0.35333333333333394,0.4267499999999994,True,0.0,True
100,213,-0.5666666666666678,-0.7766666666666668,-0.3500000000000001,0.42666666666666675,True,0.0,True
100,214,-0.5666666666666678,-0.7767499999999999,-0.3566666666666669,0.42008333333333303,True,0.0,True
100,215,-0.5666666666666669,-0.7799999999999989,-0.35666666666666647,0.42333333333333245,True,0.0,True
100,216,-0.5666666666666664,-0.7833333333333332,-0.3566666666666669,0.4266666666666663,True,0.0,True
100,217,-0.5666666666666664,-0.7799999999999994,-0.3500000000000001,0.42999999999999927,True,0.0,True
100,218,-0.5666666666666678,-0.7833333333333332,-0.33999999999999897,0.44333333333333425,True,0.0,True
100,219,-0.5666666666666655,-0.7766666666666668,-0.35333333333333394,0.4233333333333329,True,0.0,True
100,220,-0.5666666666666655,-0.7833333333333337,-0.3465833333333329,0.43675000000000075,True,0.0,True
100,221,-0.5666666666666669,-0.7834166666666681,-0.35325000000000023,0.43016666666666786,True,0.0,True
100,222,-0.5666666666666673,-0.7799999999999998,-0.35000000000000137,0.42999999999999844,True,0.0,True
100,223,-0.5666666666666655,-0.7800000000000002,-0.3465833333333334,0.43341666666666684,True,0.0,True
100,224,-0.5666666666666655,-0.7833333333333328,-0.3466666666666667,0.4366666666666661,True,0.0,True
100,225,-0.566666666666666,-0.7833333333333328,-0.35666666666666735,0.4266666666666654,True,0.0,True
100,226,-0.5666666666666673,-0.7800000000000002,-0.35666666666666647,0.4233333333333338,True,0.0,True
100,227,-0.5666666666666664,-0.7766666666666673,-0.3566666666666678,0.4199999999999995,True,0.0,True
100,228,-0.5666666666666664,-0.7633333333333341,-0.3533333333333344,0.4099999999999997,True,0.0,True
100,229,-0.5666666666666647,-0.7867500000000007,-0.3433333333333337,0.443416666666667,True,0.0,True
100,230,-0.5666666666666678,-0.7866666666666662,-0.34333333333333327,0.4433333333333329,True,0.0,True
100,231,-0.5666666666666664,-0.7766666666666668,-0.3665833333333338,0.410083333333333,True,0.0,True
100,232,-0.5666666666666673,-0.7834166666666676,-0.3533333333333335,0.43008333333333415,True,0.0,True
100,233,-0.5666666666666673,-0.7800833333333335,-0.3466666666666671,0.43341666666666634,True,0.0,True
100,234,-0.5666666666666673,-0.77675,-0.35324999999999973,0.4235000000000003,True,0.0,True
100,235,-0.5666666666666669,-0.7767499999999996,-0.3533333333333326,0.423416666666667,True,0.0,True
100,236,-0.5666666666666678,-0.7866666666666657,-0.3500000000000001,0.43666666666666565,True,0.0,True
100,237,-0.5666666666666664,-0.7933333333333326,-0.3532499999999989,0.44008333333333366,True,0.0,True
100,238,-0.5666666666666669,-0.7799999999999998,-0.3633333333333333,0.4166666666666665,True,0.0,True
100,239,-0.5666666666666673,-0.7799999999999994,-0.3466666666666667,0.4333333333333327,True,0.0,True
100,240,-0.5666666666666673,-0.7866666666666671,-0.35333333333333306,0.433333333333334,True,0.0,True
100,241,-0.5666666666666664,-0.7799999999999985,-0.3565833333333332,0.4234166666666653,True,0.0,True
100,242,-0.5666666666666664,-0.7867500000000002,-0.3566666666666678,0.4300833333333324,True,0.0,True
100,243,-0.5666666666666655,-0.7733333333333334,-0.3500000000000001,0.42333333333333334,True,0.0,True
100,244,-0.5666666666666673,-0.7900000000000005,-0.3599166666666657,0.43008333333333476,True,0.0,True
100,245,-0.5666666666666673,-0.7734166666666679,-0.35666666666666774,0.4167500000000001,True,0.0,True
100,246,-0.5666666666666673,-0.7800000000000002,-0.3533333333333344,0.42666666666666586,True,0.0,True
100,247,-0.5666666666666673,-0.7666666666666675,-0.35333333333333394,0.41333333333333355,True,0.0,True
100,248,-0.566666666666666,-0.7866666666666671,-0.35333333333333394,0.4333333333333331,True,0.0,True
100,249,-0.5666666666666678,-0.7766666666666668,-0.3665833333333321,0.41008333333333474,True,0.0,True
100,250,-0.5666666666666664,-0.7799999999999998,-0.3500000000000001,0.4299999999999997,True,0.0,True
100,251,-0.5666666666666669,-0.7799999999999994,-0.3599166666666666,0.42008333333333275,True,0.0,True
100,252,-0.5666666666666673,-0.7834166666666668,-0.36324999999999996,0.4201666666666668,True,0.0,True
100,253,-0.5666666666666669,-0.7700833333333341,-0.35333333333333306,0.41675000000000106,True,0.0,True
100,254,-0.5666666666666669,-0.7766666666666664,-0.35324999999999934,0.42341666666666705,True,0.0,True
100,255,-0.5666666666666673,-0.7866666666666662,-0.3466666666666671,0.43999999999999906,True,0.0,True
100,256,-0.5666666666666655,-0.7766666666666664,-0.34658333333333297,0.43008333333333343,True,0.0,True
100,257,-0.5666666666666655,-0.7834166666666664,-0.3566666666666669,0.4267499999999995,True,0.0,True
100,258,-0.5666666666666669,-0.7900833333333328,-0.3566666666666678,0.433416666666665,True,0.0,True
100,259,-0.5666666666666678,-0.7666666666666662,-0.35333333333333306,0.4133333333333331,True,0.0,True
100,260,-0.5666666666666664,-0.7766666666666673,-0.34333333333333327,0.433333333333334,True,0.0,True
100,261,-0.5666666666666678,-0.7834166666666672,-0.34333333333333327,0.44008333333333394,True,0.0,True
100,262,-0.5666666666666678,-0.7699999999999996,-0.3565833333333332,0.4134166666666664,True,0.0,True
100,263,-0.5666666666666664,-0.7800000000000002,-0.35666666666666735,0.4233333333333329,True,0.0,True
100,264,-0.5666666666666664,-0.7833333333333332,-0.3433333333333346,0.4399999999999986,True,0.0,True
100,265,-0.5666666666666655,-0.7733333333333334,-0.3565833333333332,0.41675000000000023,True,0.0,True
100,266,-0.5666666666666673,-0.7899999999999991,-0.3433333333333337,0.44666666666666544,True,0.0,True
100,267,-0.5666666666666655,-0.7833333333333323,-0.3433333333333328,0.4399999999999995,True,0.0,True
100,268,-0.5666666666666673,-0.7833333333333337,-0.36000000000000115,0.4233333333333325,True,0.0,True
100,269,-0.566666666666666,-0.7766666666666664,-0.35658333333333275,0.42008333333333364,True,0.0,True
100,270,-0.5666666666666664,-0.7799999999999989,-0.34999999999999964,0.42999999999999927,True,0.0,True
100,271,-0.5666666666666669,-0.7766666666666673,-0.34991666666666593,0.42675000000000135,True,0.0,True
100,272,-0.5666666666666678,-0.7833333333333337,-0.35658333333333314,0.4267500000000005,True,0.0,True
100,273,-0.5666666666666655,-0.7866666666666662,-0.34991666666666765,0.43674999999999853,True,0.0,True
100,274,-0.5666666666666669,-0.7834166666666664,-0.3432500000000004,0.44016666666666604,True,0.0005,True
100,275,-0.5666666666666678,-0.7866666666666662,-0.34333333333333327,0.4433333333333329,True,0.0,True
100,276,-0.5666666666666669,-0.7833333333333323,-0.34999999999999964,0.4333333333333327,True,0.0,True
100,277,-0.5666666666666673,-0.7999999999999994,-0.34999999999999964,0.44999999999999973,True,0.0,True
100,278,-0.5666666666666664,-0.7799999999999994,-0.3533333333333335,0.42666666666666586,True,0.0,True
100,279,-0.5666666666666664,-0.7766666666666655,-0.3632499999999995,0.413416666666666,True,0.0,True
100,280,-0.5666666666666669,-0.7801666666666666,-0.3400000000000003,0.44016666666666626,True,0.0,True
100,281,-0.5666666666666669,-0.7834166666666672,-0.3466666666666671,0.4367500000000001,True,0.0,True
100,282,-0.5666666666666673,-0.7799999999999998,-0.35333333333333217,0.42666666666666764,True,0.0,True
100,283,-0.5666666666666669,-0.7767500000000008,-0.3600000000000003,0.4167500000000005,True,0.0,True
100,284,-0.5666666666666673,-0.7800833333333342,-0.3533333333333335,0.42675000000000074,True,0.0,True
100,285,-0.5666666666666669,-0.7899999999999996,-0.3499166666666663,0.44008333333333327,True,0.0,True
100,286,-0.5666666666666669,-0.7800000000000002,-0.3500000000000001,0.43000000000000016,True,0.0,True
100,287,-0.5666666666666655,-0.7799999999999998,-0.3565000000000003,0.4234999999999995,True,0.0,True
100,288,-0.5666666666666664,-0.7799999999999998,-0.3432499999999995,0.4367500000000003,True,0.0,True
100,289,-0.5666666666666655,-0.7833333333333332,-0.35991666666666744,0.4234166666666658,True,0.0,True
100,290,-0.5666666666666673,-0.7700833333333337,-0.35991666666666616,0.4101666666666675,True,0.0,True
100,291,-0.5666666666666673,-0.7800000000000007,-0.3432499999999995,0.4367500000000012,True,0.0,True
100,292,-0.5666666666666669,-0.7867500000000003,-0.35999999999999943,0.42675000000000085,True,0.0,True
100,293,-0.5666666666666655,-0.7734166666666662,-0.35999999999999943,0.41341666666666677,True,0.0,True
100,294,-0.5666666666666673,-0.7734166666666679,-0.3533333333333335,0.42008333333333436,True,0.0,True
100,295,-0.5666666666666664,-0.7766666666666664,-0.36325000000000046,0.41341666666666593,True,0.0,True
100,296,-0.5666666666666664,-0.7800833333333335,-0.3532499999999998,0.4268333333333337,True,0.0,True
100,297,-0.5666666666666669,-0.7833333333333337,-0.3499166666666668,0.43341666666666684,True,0.0,True
100,298,-0.5666666666666673,-0.7700833333333336,-0.3432500000000004,0.4268333333333332,True,0.0,True
100,299,-0.5666666666666673,-0.7800833333333338,-0.34658333333333335,0.43350000000000044,True,0.0,True
100,300,-0.5666666666666673,-0.7700000000000009,-0.3566666666666669,0.413333333333334,True,0.0,True
100,301,-0.5666666666666664,-0.7799999999999998,-0.35333333333333394,0.42666666666666586,True,0.0,True
100,302,-0.5666666666666673,-0.7833333333333323,-0.35000000000000053,0.4333333333333318,True,0.0,True
100,303,-0.5666666666666655,-0.7834166666666668,-0.3466666666666671,0.43674999999999964,True,0.0,True
100,304,-0.5666666666666669,-0.7767500000000008,-0.35333333333333394,0.4234166666666669,True,0.0,True
100,305,-0.5666666666666669,-0.7799999999999998,-0.35666666666666647,0.42333333333333334,True,0.0,True
100,306,-0.5666666666666669,-0.7834166666666676,-0.3533333333333326,0.43008333333333504,True,0.0,True
100,307,-0.5666666666666664,-0.7800833333333339,-0.3532499999999998,0.4268333333333341,True,0.0,True
100,308,-0.5666666666666678,-0.7766666666666668,-0.34325,0.43341666666666684,True,0.0,True
100,309,-0.5666666666666664,-0.7767499999999996,-0.34658333333333335,0.43016666666666625,True,0.0,True
100,310,-0.5666666666666664,-0.7734166666666666,-0.36000000000000076,0.4134166666666659,True,0.0,True
100,311,-0.5666666666666664,-0.780083333333333,-0.346666666666668,0.433416666666665,True,0.0,True
100,312,-0.5666666666666664,-0.7800833333333329,-0.35666666666666647,0.42341666666666644,True,0.0,True
100,313,-0.5666666666666678,-0.7833333333333328,-0.3466666666666684,0.43666666666666437,True,0.0,True
100,314,-0.5666666666666669,-0.7867500000000002,-0.3466666666666671,0.44008333333333305,True,0.0,True
100,315,-0.5666666666666669,-0.7799999999999998,-0.356666666666666,0.4233333333333338,True,0.0,True
100,316,-0.5666666666666678,-0.7733333333333343,-0.35666666666666647,0.41666666666666785,True,0.0,True
100,317,-0.5666666666666664,-0.7799999999999989,-0.35999999999999943,0.4199999999999995,True,0.0,True
100,318,-0.5666666666666655,-0.7800000000000007,-0.3565833333333345,0.4234166666666662,True,0.0,True
100,319,-0.5666666666666664,-0.7767500000000005,-0.3533333333333335,0.423416666666667,True,0.0,True
100,320,-0.5666666666666669,-0.7800000000000007,-0.3599166666666666,0.4200833333333341,True,0.0,True
100,321,-0.5666666666666664,-0.7734999999999997,-0.35666666666666647,0.4168333333333333,True,0.0,True
100,322,-0.5666666666666664,-0.79,-0.3600000000000003,0.4299999999999997,True,0.0,True
100,323,-0.5666666666666673,-0.7734166666666674,-0.3532499999999998,0.42016666666666763,True,0.0,True
100,324,-0.5666666666666673,-0.7733333333333325,-0.34333333333333416,0.4299999999999984,True,0.0,True
100,325,-0.5666666666666669,-0.7866666666666666,-0.3500000000000014,0.4366666666666652,True,0.0,True
100,326,-0.5666666666666669,-0.7767500000000005,-0.34324999999999956,0.43350000000000094,True,0.0,True
100,327,-0.5666666666666669,-0.7833333333333341,-0.3466666666666662,0.4366666666666679,True,0.0,True
100,328,-0.5666666666666655,-0.7666666666666666,-0.3498333333333335,0.4168333333333331,True,0.0,True
100,329,-0.5666666666666664,-0.7733333333333325,-0.3600000000000003,0.4133333333333322,True,0.0,True
100,330,-0.5666666666666678,-0.7767500000000005,-0.3433333333333346,0.4334166666666659,True,0.0,True
100,331,-0.5666666666666687,-0.793333333333333,-0.34991666666666676,0.44341666666666624,True,0.0,True
100,332,-0.5666666666666669,-0.7833333333333337,-0.35324999999999934,0.4300833333333343,True,0.0,True
100,333,-0.5666666666666655,-0.7767499999999999,-0.3599999999999999,0.41675000000000006,True,0.0,True
100,334,-0.566666666666666,-0.7733333333333325,-0.35333333333333394,0.4199999999999986,True,0.0,True
100,335,-0.5666666666666669,-0.7766666666666668,-0.3599999999999999,0.41666666666666696,True,0.0,True
100,336,-0.5666666666666655,-0.7800000000000002,-0.35991666666666616,0.4200833333333341,True,0.0,True
100,337,-0.5666666666666678,-0.7833333333333319,-0.36000000000000076,0.4233333333333311,True,0.0,True
100,338,-0.5666666666666673,-0.7933333333333334,-0.3532500000000002,0.44008333333333327,True,0.0,True
100,339,-0.5666666666666669,-0.7666666666666657,-0.3500000000000001,0.41666666666666563,True,0.0,True
100,340,-0.5666666666666664,-0.7867500000000002,-0.3565833333333332,0.430166666666667,True,0.0,True
100,341,-0.5666666666666669,-0.7734166666666666,-0.35666666666666647,0.4167500000000002,True,0.0,True
100,342,-0.5666666666666669,-0.7833333333333332,-0.3433333333333337,0.4399999999999995,True,0.0,True
100,343,-0.5666666666666673,-0.8033333333333328,-0.3600000000000003,0.44333333333333247,True,0.0,True
100,344,-0.5666666666666673,-0.7800833333333335,-0.35333333333333394,0.4267499999999995,True,0.0,True
100,345,-0.5666666666666669,-0.776666666666666,-0.3433333333333337,0.43333333333333224,True,0.0,True
100,346,-0.5666666666666673,-0.7799999999999989,-0.3466666666666667,0.43333333333333224,True,0.0,True
100,347,-0.5666666666666664,-0.7833333333333328,-0.3599166666666657,0.42341666666666705,True,0.0,True
100,348,-0.5666666666666664,-0.7867500000000002,-0.3599999999999999,0.4267500000000003,True,0.0,True
100,349,-0.5666666666666678,-0.7766666666666664,-0.35333333333333306,0.42333333333333334,True,0.0,True
100,350,-0.5666666666666655,-0.7899999999999991,-0.3666666666666658,0.42333333333333334,True,0.0,True
100,351,-0.5666666666666655,-0.7734166666666675,-0.35333333333333433,0.4200833333333332,True,0.0,True
100,352,-0.5666666666666669,-0.79,-0.3532499999999998,0.43675000000000025,True,0.0,True
100,353,-0.5666666666666673,-0.7767499999999996,-0.34658333333333335,0.43016666666666625,True,0.0,True
100,354,-0.5666666666666673,-0.7767500000000008,-0.35333333333333306,0.4234166666666678,True,0.0,True
100,355,-0.5666666666666655,-0.7799999999999998,-0.3533333333333335,0.4266666666666663,True,0.0,True
100,356,-0.5666666666666669,-0.7799999999999998,-0.3565833333333323,0.4234166666666675,True,0.0,True
100,357,-0.5666666666666669,-0.7967499999999992,-0.34333333333333327,0.4534166666666659,True,0.0,True
100,358,-0.5666666666666673,-0.7835000000000001,-0.36324999999999913,0.42025000000000096,True,0.0,True
100,359,-0.5666666666666673,-0.786749999999999,-0.3500000000000001,0.43674999999999886,True,0.0,True
100,360,-0.5666666666666655,-0.7766666666666668,-0.34666666666666623,0.4300000000000006,True,0.0,True
100,361,-0.5666666666666673,-0.7867500000000002,-0.35666666666666735,0.4300833333333328,True,0.0,True
100,362,-0.5666666666666673,-0.7800000000000007,-0.35666666666666647,0.4233333333333342,True,0.0,True
100,363,-0.5666666666666678,-0.7766666666666668,-0.3466666666666671,0.4299999999999997,True,0.0,True
100,364,-0.5666666666666678,-0.7866666666666666,-0.3433333333333341,0.4433333333333325,True,0.0,True
100,365,-0.5666666666666678,-0.7900833333333345,-0.356666666666666,0.43341666666666845,True,0.0,True
100,366,-0.5666666666666673,-0.7799999999999998,-0.3532500000000002,0.42674999999999963,True,0.0,True
100,367,-0.566666666666666,-0.773333333333333,-0.35666666666666647,0.4166666666666665,True,0.0,True
100,368,-0.566666666666666,-0.7866666666666653,-0.3466666666666671,0.43999999999999817,True,0.0,True
100,369,-0.5666666666666669,-0.776666666666666,-0.3533333333333335,0.42333333333333245,True,0.0,True
100,370,-0.566666666666666,-0.7733333333333334,-0.33991666666666653,0.4334166666666669,True,0.0,True
100,371,-0.5666666666666669,-0.7767500000000004,-0.36658333333333337,0.410166666666667,True,0.0,True
100,372,-0.5666666666666678,-0.7833333333333332,-0.3466666666666667,0.43666666666666654,True,0.0,True
100,373,-0.5666666666666664,-0.7833333333333328,-0.3566666666666669,0.42666666666666586,True,0.0,True
100,374,-0.5666666666666669,-0.7733333333333334,-0.34991666666666593,0.4234166666666675,True,0.0,True
100,375,-0.566666666666666,-0.7834166666666672,-0.3532499999999998,0.4301666666666674,True,0.0,True
100,376,-0.5666666666666678,-0.7833333333333337,-0.3433333333333337,0.43999999999999995,True,0.0,True
100,377,-0.5666666666666655,-0.7799999999999998,-0.35333333333333394,0.42666666666666586,True,0.0,True
100,378,-0.5666666666666664,-0.7834166666666672,-0.3465833333333334,0.4368333333333338,True,0.0,True
100,379,-0.5666666666666669,-0.7800833333333335,-0.35658333333333275,0.4235000000000007,True,0.0,True
100,380,-0.566666666666666,-0.7866666666666666,-0.3566666666666656,0.43000000000000105,True,0.0,True
100,381,-0.5666666666666673,-0.77675,-0.356666666666666,0.42008333333333403,True,0.0,True
100,382,-0.5666666666666664,-0.7700000000000005,-0.35999999999999943,0.41000000000000103,True,0.0,True
100,383,-0.5666666666666673,-0.7799999999999998,-0.3533333333333335,0.4266666666666663,True,0.0,True
100,384,-0.5666666666666664,-0.7833333333333332,-0.35000000000000053,0.4333333333333327,True,0.0,True
100,385,-0.5666666666666664,-0.7833333333333337,-0.35333333333333394,0.4299999999999997,True,0.0,True
100,386,-0.5666666666666678,-0.796666666666666,-0.3466666666666658,0.4500000000000002,True,0.0,True
100,387,-0.5666666666666673,-0.77675,-0.3499166666666668,0.42683333333333323,True,0.0,True
100,388,-0.5666666666666673,-0.7767500000000005,-0.356666666666666,0.4200833333333345,True,0.0,True
100,389,-0.5666666666666678,-0.7866666666666666,-0.3500000000000014,0.4366666666666652,True,0.0,True
100,390,-0.5666666666666669,-0.7933333333333326,-0.3532499999999998,0.44008333333333277,True,0.0,True
100,391,-0.5666666666666655,-0.7766666666666668,-0.366583333333333,0.41008333333333385,True,0.0,True
100,392,-0.5666666666666669,-0.7734166666666666,-0.34666666666666623,0.4267500000000004,True,0.0,True
100,393,-0.5666666666666655,-0.7800000000000002,-0.3500000000000001,0.43000000000000016,True,0.0,True
100,394,-0.5666666666666664,-0.7834166666666676,-0.3532500000000002,0.4301666666666675,True,0.0,True
100,395,-0.5666666666666673,-0.7766666666666673,-0.34991666666666765,0.42674999999999963,True,0.0,True
100,396,-0.5666666666666647,-0.7700833333333337,-0.3433333333333341,0.4267499999999996,True,0.0,True
100,397,-0.5666666666666669,-0.7833333333333328,-0.3533333333333335,0.42999999999999927,True,0.0,True
100,398,-0.5666666666666664,-0.773333333333333,-0.3532500000000006,0.42008333333333236,True,0.0,True
100,399,-0.5666666666666673,-0.7733333333333339,-0.3633333333333346,0.40999999999999925,True,0.0,True
100,400,-0.5666666666666655,-0.7834166666666673,-0.3532499999999998,0.43016666666666753,True,0.0,True
100,401,-0.5666666666666669,-0.7766666666666668,-0.35666666666666685,0.42,True,0.0,True
100,402,-0.5666666666666664,-0.7800000000000002,-0.359999999999999,0.42000000000000126,True,0.0,True
100,403,-0.5666666666666673,-0.7799999999999998,-0.3566666666666669,0.4233333333333329,True,0.0,True
100,404,-0.5666666666666673,-0.7633333333333336,-0.3565833333333336,0.40675000000000006,True,0.0,True
100,405,-0.5666666666666673,-0.7766666666666677,-0.34333333333333327,0.43333333333333446,True,0.0,True
100,406,-0.5666666666666673,-0.7867500000000006,-0.34991666666666676,0.43683333333333385,True,0.0,True
100,407,-0.5666666666666664,-0.7866666666666671,-0.336583333333334,0.45008333333333306,True,0.0,True
100,408,-0.5666666666666664,-0.7866666666666662,-0.3533333333333344,0.4333333333333318,True,0.0,True
100,409,-0.5666666666666669,-0.773333333333333,-0.3499166666666655,0.4234166666666675,True,0.0,True
100,410,-0.566666666666666,-0.7800833333333329,-0.3433333333333337,0.4367499999999992,True,0.0,True
100,411,-0.5666666666666655,-0.7900833333333337,-0.35333333333333394,0.43674999999999975,True,0.0,True
100,412,-0.5666666666666669,-0.7733333333333334,-0.3466666666666667,0.42666666666666675,True,0.0,True
100,413,-0.5666666666666669,-0.7866666666666662,-0.3565833333333327,0.4300833333333335,True,0.0,True
100,414,-0.5666666666666664,-0.7899999999999991,-0.3566666666666669,0.43333333333333224,True,0.0,True
100,415,-0.5666666666666669,-0.773333333333333,-0.3533333333333335,0.4199999999999995,True,0.0,True
100,416,-0.5666666666666678,-0.773333333333333,-0.3600000000000007,0.4133333333333323,True,0.0,True
100,417,-0.5666666666666669,-0.7766666666666664,-0.34333333333333416,0.43333333333333224,True,0.0,True
100,418,-0.5666666666666664,-0.7700833333333336,-0.34658333333333335,0.4235000000000002,True,0.0,True
100,419,-0.5666666666666673,-0.7833333333333328,-0.34666666666666757,0.4366666666666652,True,0.0,True
100,420,-0.5666666666666669,-0.7867500000000003,-0.3432499999999995,0.4435000000000008,True,0.0,True
100,421,-0.5666666666666678,-0.7766666666666673,-0.3433333333333328,0.43333333333333446,True,0.0,True
100,422,-0.5666666666666664,-0.7899999999999996,-0.35991666666666616,0.43008333333333343,True,0.0,True
100,423,-0.566666666666666,-0.7699999999999996,-0.3466666666666667,0.4233333333333329,True,0.0,True
100,424,-0.5666666666666664,-0.7800000000000002,-0.35000000000000053,0.4299999999999997,True,0.0,True
100,425,-0.5666666666666678,-0.7799999999999989,-0.34000000000000113,0.4399999999999978,True,0.0,True
100,426,-0.5666666666666678,-0.7733333333333321,-0.34333333333333416,0.42999999999999794,True,0.0,True
100,427,-0.5666666666666673,-0.7799999999999985,-0.3532499999999998,0.4267499999999987,True,0.0,True
100,428,-0.5666666666666673,-0.7734166666666675,-0.3532499999999989,0.42016666666666863,True,0.0,True
100,429,-0.5666666666666664,-0.7733333333333343,-0.3533333333333335,0.4200000000000008,True,0.0,True
100,430,-0.5666666666666669,-0.7833333333333341,-0.34333333333333327,0.44000000000000083,True,0.0,True
100,431,-0.5666666666666655,-0.7833333333333332,-0.3533333333333335,0.4299999999999997,True,0.0,True
100,432,-0.5666666666666678,-0.7899999999999991,-0.35333333333333306,0.4366666666666661,True,0.0,True
100,433,-0.566666666666666,-0.7699999999999991,-0.35666666666666735,0.4133333333333318,True,0.0,True
100,434,-0.5666666666666664,-0.7766666666666655,-0.35333333333333306,0.42333333333333245,True,0.0,True
100,435,-0.5666666666666664,-0.7799999999999998,-0.346666666666668,0.4333333333333318,True,0.0,True
100,436,-0.5666666666666669,-0.773333333333333,-0.3532499999999998,0.4200833333333332,True,0.0,True
100,437,-0.5666666666666669,-0.79,-0.35991666666666655,0.4300833333333335,True,0.0,True
100,438,-0.5666666666666678,-0.7800000000000007,-0.35333333333333217,0.4266666666666685,True,0.0,True
100,439,-0.5666666666666673,-0.7834166666666668,-0.3433333333333337,0.44008333333333305,True,0.0,True
100,440,-0.5666666666666678,-0.7867500000000006,-0.3400000000000016,0.44674999999999904,True,0.0,True
100,441,-0.5666666666666669,-0.7900833333333331,-0.3532499999999993,0.43683333333333385,True,0.0,True
100,442,-0.5666666666666678,-0.7801666666666666,-0.34000000000000075,0.4401666666666658,True,0.0,True
100,443,-0.5666666666666678,-0.7600000000000011,-0.3466666666666667,0.41333333333333444,True,0.0,True
100,444,-0.566666666666666,-0.7766666666666668,-0.3533333333333344,0.42333333333333245,True,0.0,True
100,445,-0.5666666666666669,-0.7800000000000002,-0.3400000000000003,0.43999999999999995,True,0.0,True
100,446,-0.5666666666666669,-0.793333333333333,-0.34999999999999964,0.44333333333333336,True,0.0,True
100,447,-0.566666666666666,-0.776666666666666,-0.35666666666666647,0.4199999999999995,True,0.0,True
100,448,-0.5666666666666673,-0.7834166666666668,-0.34999999999999964,0.4334166666666671,True,0.0,True
100,449,-0.5666666666666669,-0.7833333333333332,-0.3566666666666669,0.4266666666666663,True,0.0,True
100,450,-0.5666666666666669,-0.7867500000000003,-0.3466666666666658,0.4400833333333345,True,0.0,True
100,451,-0.5666666666666664,-0.766666666666667,-0.34666666666666623,0.4200000000000008,True,0.0,True
100,452,-0.5666666666666678,-0.773416666666667,-0.34658333333333297,0.426833333333334,True,0.0,True
100,453,-0.5666666666666664,-0.776666666666666,-0.359916666666667,0.41674999999999895,True,0.0,True
100,454,-0.5666666666666673,-0.7699999999999996,-0.3465833333333334,0.42341666666666616,True,0.0,True
100,455,-0.5666666666666655,-0.7766666666666668,-0.3366666666666669,0.43999999999999995,True,0.0,True
100,456,-0.566666666666666,-0.7799999999999998,-0.35991666666666616,0.42008333333333364,True,0.0,True
100,457,-0.5666666666666673,-0.7834166666666669,-0.34666666666666757,0.4367499999999993,True,0.0,True
100,458,-0.566666666666666,-0.7799999999999998,-0.35666666666666647,0.42333333333333334,True,0.0,True
100,459,-0.5666666666666678,-0.7833333333333332,-0.35000000000000053,0.4333333333333327,True,0.0,True
100,460,-0.5666666666666669,-0.7733333333333334,-0.34000000000000075,0.4333333333333327,True,0.0,True
100,461,-0.5666666666666673,-0.790083333333334,-0.35000000000000053,0.4400833333333335,True,0.0,True
100,462,-0.5666666666666669,-0.7866666666666666,-0.3633333333333346,0.423333333333332,True,0.0,True
100,463,-0.5666666666666655,-0.7899999999999996,-0.3499166666666664,0.4400833333333332,True,0.0,True
100,464,-0.5666666666666664,-0.7700000000000005,-0.3532500000000002,0.4167500000000003,True,0.0,True
100,465,-0.5666666666666673,-0.7866666666666666,-0.34999999999999964,0.436666666666667,True,0.0,True
100,466,-0.5666666666666669,-0.77675,-0.35666666666666735,0.4200833333333327,True,0.0,True
100,467,-0.5666666666666669,-0.7800000000000002,-0.3600000000000012,0.41999999999999904,True,0.0,True
100,468,-0.5666666666666669,-0.7833333333333332,-0.35333333333333306,0.43000000000000016,True,0.0,True
100,469,-0.5666666666666669,-0.7833333333333337,-0.34324999999999956,0.4400833333333341,True,0.0,True
100,470,-0.5666666666666669,-0.7866666666666662,-0.35666666666666647,0.4299999999999997,True,0.0,True
100,471,-0.5666666666666669,-0.776666666666666,-0.34658333333333297,0.430083333333333,True,0.0,True
100,472,-0.5666666666666664,-0.7899999999999991,-0.3500000000000001,0.43999999999999906,True,0.0,True
100,473,-0.5666666666666678,-0.77,-0.3466666666666671,0.4233333333333329,True,0.0,True
100,474,-0.5666666666666669,-0.7867500000000002,-0.3566666666666682,0.430083333333332,True,0.0,True
100,475,-0.5666666666666655,-0.7866666666666662,-0.34999999999999964,0.43666666666666654,True,0.0,True
100,476,-0.5666666666666664,-0.7866666666666662,-0.3632499999999995,0.42341666666666666,True,0.0,True
100,477,-0.5666666666666682,-0.7800833333333335,-0.35666666666666647,0.423416666666667,True,0.0,True
100,478,-0.5666666666666664,-0.7866666666666653,-0.3633333333333333,0.423333333333332,True,0.0,True
100,479,-0.5666666666666673,-0.7800833333333335,-0.3533333333333326,0.42675000000000085,True,0.0,True
100,480,-0.5666666666666664,-0.7834166666666676,-0.3566666666666669,0.42675000000000074,True,0.0,True
100,481,-0.5666666666666655,-0.7866666666666662,-0.34000000000000075,0.44666666666666544,True,0.0,True
100,482,-0.5666666666666664,-0.7866666666666662,-0.3498333333333335,0.4368333333333327,True,0.0,True
100,483,-0.566666666666666,-0.793333333333333,-0.33999999999999986,0.45333333333333314,True,0.0,True
100,484,-0.5666666666666655,-0.7867500000000006,-0.35658333333333364,0.430166666666667,True,0.0,True
100,485,-0.5666666666666655,-0.7700833333333336,-0.3499166666666672,0.42016666666666636,True,0.0,True
100,486,-0.5666666666666669,-0.7799999999999994,-0.3499166666666672,0.43008333333333215,True,0.0,True
100,487,-0.5666666666666669,-0.7800833333333347,-0.3466666666666667,0.433416666666668,True,0.0,True
100,488,-0.5666666666666655,-0.7799999999999994,-0.3466666666666671,0.43333333333333224,True,0.0,True
100,489,-0.5666666666666673,-0.7833333333333323,-0.34999999999999964,0.4333333333333327,True,0.0,True
100,490,-0.5666666666666664,-0.7734166666666674,-0.3465833333333325,0.4268333333333349,True,0.0,True
100,491,-0.5666666666666664,-0.7766666666666673,-0.3499166666666668,0.42675000000000046,True,0.0,True
100,492,-0.566666666666666,-0.7866666666666671,-0.3533333333333326,0.43333333333333446,True,0.0,True
100,493,-0.5666666666666664,-0.7766666666666664,-0.3566666666666669,0.4199999999999995,True,0.0,True
100,494,-0.5666666666666664,-0.7800000000000002,-0.3366666666666669,0.44333333333333336,True,0.0,True
100,495,-0.5666666666666664,-0.7767500000000008,-0.3633333333333333,0.41341666666666754,True,0.0,True
100,496,-0.5666666666666678,-0.776666666666666,-0.3565833333333332,0.42008333333333275,True,0.0,True
100,497,-0.5666666666666669,-0.7700833333333336,-0.3466666666666667,0.4234166666666669,True,0.0,True
100,498,-0.5666666666666669,-0.7833333333333328,-0.3599999999999998,0.42333333333333295,True,0.0,True
100,499,-0.5666666666666664,-0.7867499999999994,-0.35666666666666647,0.43008333333333293,True,0.0,True
