sample_size,trial,point_estimate,ci_lower,ci_upper,ci_width,contains_full_sample_estimate,p_value,significant_at_05
25,0,0.1200000000000001,-0.013333333333333641,0.34666666666666757,0.3600000000000012,True,0.375,False
25,1,0.013333333333332753,0.0,0.040000000000000036,0.040000000000000036,False,1.0,False
25,2,0.20000000000000018,-0.13333333333333375,0.5733333333333341,0.7066666666666679,True,0.269,False
25,3,-0.06666666666666643,-0.293333333333333,0.09333333333333371,0.3866666666666667,True,0.7785,False
25,4,0.13333333333333286,0.0,0.3866666666666667,0.3866666666666667,True,0.512,False
25,5,0.1466666666666674,-0.013333333333333641,0.413333333333334,0.42666666666666764,True,0.3505,False
25,6,-0.05333333333333368,-0.28000000000000025,0.08000000000000007,0.3600000000000003,True,1.0,False
25,7,0.026666666666667282,-0.026666666666666394,0.09333333333333371,0.1200000000000001,True,0.761,False
25,8,0.06666666666666732,-0.013333333333332753,0.16000000000000103,0.17333333333333378,True,0.2595,False
25,9,0.1200000000000001,-0.013333333333333641,0.3733333333333331,0.3866666666666667,True,0.3925,False
25,10,0.2400000000000002,0.0,0.5600000000000014,0.5600000000000014,True,0.1995,False
25,11,-0.1200000000000001,-0.3333333333333339,0.0,0.3333333333333339,False,0.491,False
25,12,-0.06666666666666554,-0.293333333333333,0.09333333333333371,0.3866666666666667,True,0.8015,False
25,13,-0.09333333333333282,-0.30666666666666664,0.05333333333333368,0.3600000000000003,True,0.7445,False
25,14,0.05333333333333368,-0.08000000000000007,0.2666666666666675,0.34666666666666757,True,1.0,False
25,15,0.09333333333333282,-0.06666666666666732,0.3200000000000003,0.3866666666666676,True,0.6145,False
25,16,0.10666666666666647,-0.053666666666666384,0.33333333333333304,0.3869999999999994,True,0.4915,False
25,17,0.05333333333333368,-0.09333333333333371,0.28000000000000025,0.37333333333333396,True,1.0,False
25,18,0.0,-0.2666666666666675,0.28000000000000114,0.5466666666666686,True,1.0,False
25,19,0.08000000000000007,-0.21333333333333382,0.4003333333333327,0.6136666666666666,True,0.583,False
25,20,0.08000000000000007,-0.2266666666666666,0.42666666666666764,0.6533333333333342,True,0.8825,False
25,21,0.1200000000000001,-0.026666666666666394,0.37333333333333396,0.40000000000000036,True,0.751,False
25,22,0.040000000000000036,-0.25333333333333297,0.3866666666666667,0.6399999999999997,True,0.7525,False
25,23,-0.05333333333333368,-0.27999999999999936,0.10666666666666735,0.3866666666666667,True,0.872,False
25,24,0.13333333333333375,-0.026666666666666394,0.413333333333334,0.4400000000000004,True,0.513,False
25,25,0.013333333333332753,-0.06666666666666732,0.09333333333333371,0.16000000000000103,True,1.0,False
25,26,0.01333333333333453,-0.040000000000000036,0.08000000000000007,0.1200000000000001,True,1.0,False
25,27,0.13333333333333375,-0.013333333333332753,0.34666666666666757,0.3600000000000003,True,0.2475,False
25,28,-0.013333333333332753,-0.040000000000000036,0.0,0.040000000000000036,False,1.0,False
25,29,0.1466666666666674,-0.013333333333332753,0.3736666666666655,0.38699999999999823,True,0.1195,False
25,30,0.06666666666666643,0.0,0.1466666666666665,0.1466666666666665,True,0.2315,False
25,31,-0.08000000000000007,-0.30666666666666753,0.0800000000000001,0.3866666666666676,True,0.6695,False
25,32,0.013333333333333641,-0.28000000000000025,0.34699999999999903,0.6269999999999993,True,0.9515,False
25,33,0.08000000000000096,-0.040000000000000036,0.28000000000000025,0.3200000000000003,True,1.0,False
25,34,0.16000000000000103,-0.013333333333332753,0.4400000000000004,0.45333333333333314,True,0.25,False
25,35,0.013333333333333641,-0.05333333333333279,0.09333333333333371,0.1466666666666665,True,0.875,False
25,36,0.026666666666667282,0.0,0.08000000000000007,0.08000000000000007,True,1.0,False
25,37,0.026666666666667282,-0.026666666666666394,0.09333333333333371,0.1200000000000001,True,0.749,False
25,38,0.09333333333333282,-0.05333333333333368,0.30666666666666664,0.3600000000000003,True,0.76,False
25,39,0.1466666666666665,0.0,0.413333333333334,0.413333333333334,True,0.506,False
25,40,0.05333333333333368,-0.013333333333333641,0.13333333333333375,0.1466666666666674,True,0.3755,False
25,41,0.05333333333333368,0.0,0.1200000000000001,0.1200000000000001,True,0.25,False
25,42,-0.026666666666666394,-0.06666666666666643,0.0,0.06666666666666643,False,0.5045,False
25,43,-0.013333333333332753,-0.09333333333333371,0.06666666666666732,0.16000000000000103,True,1.0,False
25,44,0.040000000000000036,0.0,0.10666666666666647,0.10666666666666647,True,0.5015,False
25,45,0.10666666666666647,-0.03999999999999915,0.3333333333333339,0.3733333333333331,True,0.4305,False
25,46,-0.01333333333333453,-0.08000000000000007,0.040000000000000036,0.1200000000000001,False,1.0,False
25,47,0.026666666666667282,-0.026666666666666394,0.09333333333333374,0.12000000000000013,True,0.7565,False
25,48,0.026666666666667282,-0.026666666666667282,0.09333333333333371,0.120000000000001,True,0.746,False
25,49,0.026666666666666394,-0.05333333333333368,0.10733333333332949,0.16066666666666318,True,1.0,False
25,50,0.0,0.0,0.0,0.0,False,1.0,False
25,51,-0.11999999999999922,-0.3333333333333339,0.026666666666667282,0.3600000000000012,False,0.3765,False
25,52,0.0,0.0,0.0,0.0,False,1.0,False
25,53,0.026666666666667282,-0.0533333333333319,0.12000000000000013,0.17333333333333203,True,0.5045,False
25,54,0.10666666666666647,0.0,0.30666666666666664,0.30666666666666664,True,0.513,False
25,55,0.040000000000000924,-0.026666666666666394,0.13333333333333375,0.16000000000000014,True,0.494,False
25,56,0.0,-0.08000000000000007,0.08000000000000007,0.16000000000000014,True,1.0,False
25,57,0.026666666666666394,-0.25333333333333297,0.2936666666666654,0.5469999999999984,True,0.8785,False
25,58,0.16000000000000014,-0.17333333333333378,0.5336666666666656,0.7069999999999994,True,0.3585,False
25,59,0.040000000000000036,0.0,0.10666666666666647,0.10666666666666647,True,0.4855,False
25,60,-0.06666666666666643,-0.2933333333333339,0.08000000000000007,0.37333333333333396,True,0.868,False
25,61,0.013333333333332753,-0.06666666666666732,0.09333333333333282,0.16000000000000014,True,1.0,False
25,62,0.09333333333333371,0.0,0.28000000000000025,0.28000000000000025,True,1.0,False
25,63,0.22666666666666657,0.0,0.5466666666666669,0.5466666666666669,True,0.241,False
25,64,-0.06666666666666643,-0.28000000000000025,0.08000000000000007,0.3600000000000003,True,1.0,False
25,65,0.16000000000000014,0.0,0.4400000000000004,0.4400000000000004,True,0.2575,False
25,66,0.10666666666666647,0.0,0.3199999999999994,0.3199999999999994,True,0.508,False
25,67,0.040000000000000924,-0.026666666666666394,0.120000000000001,0.1466666666666674,True,0.508,False
25,68,0.25333333333333297,0.0,0.5733333333333333,0.5733333333333333,True,0.161,False
25,69,8.881784197001252e-16,-0.05333333333333279,0.06666666666666732,0.1200000000000001,True,1.0,False
25,70,0.013333333333332753,-0.293333333333333,0.33366666666666545,0.6269999999999984,True,1.0,False
25,71,0.0,-0.040000000000000036,0.040000000000000036,0.08000000000000007,False,1.0,False
25,72,0.040000000000000036,0.0,0.10666666666666647,0.10666666666666647,True,0.5025,False
25,73,0.026666666666666394,-0.05333333333333368,0.10666666666666647,0.16000000000000014,True,0.747,False
25,74,0.1466666666666665,0.0,0.41399999999999704,0.41399999999999704,True,0.512,False
25,75,0.05333333333333368,-0.22666666666666746,0.3866666666666667,0.6133333333333342,True,0.8165,False
25,76,0.0,0.0,0.0,0.0,False,1.0,False
25,77,0.10666666666666647,-0.040000000000000036,0.3200000000000003,0.3600000000000003,True,0.4185,False
25,78,0.0,-0.08000000000000096,0.09333333333333282,0.17333333333333378,True,1.0,False
25,79,0.10666666666666735,-0.23999999999999935,0.4933333333333332,0.7333333333333325,True,0.6315,False
25,80,0.026666666666667282,-0.026666666666666394,0.10666666666666647,0.13333333333333286,True,0.7575,False
25,81,-0.13333333333333286,-0.33333333333333304,0.0,0.33333333333333304,False,0.267,False
25,82,-0.013333333333332753,-0.09333333333333282,0.06666666666666646,0.15999999999999928,True,1.0,False
25,83,-0.026666666666665506,-0.10666666666666647,0.05333333333333368,0.16000000000000014,True,0.7355,False
25,84,0.25333333333333385,0.013333333333333641,0.5599999999999996,0.546666666666666,True,0.115,False
25,85,-0.08000000000000096,-0.28000000000000025,0.040000000000000036,0.3200000000000003,False,1.0,False
25,86,-0.026666666666666394,-0.10666666666666647,0.040000000000000036,0.1466666666666665,False,0.706,False
25,87,0.2400000000000002,0.013333333333332753,0.5733333333333341,0.5600000000000014,True,0.1255,False
25,88,0.026666666666667282,-0.040000000000000036,0.10699999999999886,0.1469999999999989,True,0.487,False
25,89,0.1200000000000001,0.026666666666667282,0.22666666666666657,0.1999999999999993,True,0.057,False
25,90,0.026666666666667282,0.0,0.08000000000000096,0.08000000000000096,True,1.0,False
25,91,0.06666666666666732,-0.013333333333332753,0.16000000000000014,0.1733333333333329,True,0.252,False
25,92,0.026666666666667282,0.0,0.08000000000000007,0.08000000000000007,True,1.0,False
25,93,0.08000000000000096,0.0,0.17333333333333378,0.17333333333333378,True,0.196,False
25,94,0.05333333333333368,-0.25333333333333297,0.3466666666666667,0.5999999999999996,True,0.8125,False
25,95,0.10666666666666735,-0.040000000000000036,0.3600000000000003,0.40000000000000036,True,1.0,False
25,96,-0.026666666666666394,-0.09333333333333371,0.040000000000000036,0.13333333333333375,False,0.68,False
25,97,0.1466666666666674,-0.013333333333333641,0.42666666666666675,0.4400000000000004,True,0.38,False
25,98,-0.09333333333333282,-0.28000000000000025,0.0,0.28000000000000025,False,1.0,False
25,99,0.1466666666666665,0.0,0.413333333333334,0.413333333333334,True,0.51,False
25,100,-0.026666666666666394,-0.06666666666666643,0.0,0.06666666666666643,False,0.5195,False
25,101,-0.026666666666666394,-0.08000000000000007,0.026666666666666394,0.10666666666666647,False,0.6215,False
25,102,0.040000000000000036,0.0,0.10666666666666647,0.10666666666666647,True,0.498,False
25,103,0.1466666666666674,0.0,0.3600000000000003,0.3600000000000003,True,0.1805,False
25,104,0.1466666666666674,-0.013333333333333641,0.413333333333334,0.42666666666666764,True,0.3615,False
25,105,0.09333333333333371,-0.040000000000000036,0.30666666666666753,0.34666666666666757,True,0.4895,False
25,106,0.05333333333333368,-0.01366666666666635,0.13333333333333375,0.1470000000000001,True,0.3535,False
25,107,0.22666666666666657,-0.026666666666667282,0.5466666666666669,0.5733333333333341,True,0.2555,False
25,108,0.08000000000000007,0.013333333333332753,0.16000000000000014,0.1466666666666674,True,0.135,False
25,109,0.05333333333333368,0.0,0.13333333333333375,0.13333333333333375,True,0.5075,False
25,110,0.13333333333333286,-0.05333333333333368,0.40000000000000124,0.4533333333333349,True,0.5175,False
25,111,0.013333333333333641,-0.2666666666666666,0.28000000000000025,0.5466666666666669,True,1.0,False
25,112,0.06666666666666643,0.0,0.1466666666666665,0.1466666666666665,True,0.251,False
25,113,0.013333333333332753,0.0,0.040000000000000036,0.040000000000000036,False,1.0,False
25,114,0.13333333333333286,0.0,0.3466666666666667,0.3466666666666667,True,0.243,False
25,115,0.0666666666666682,-0.013333333333332753,0.16000000000000014,0.1733333333333329,True,0.254,False
25,116,0.18666666666666654,0.040000000000000036,0.40000000000000036,0.3600000000000003,True,0.0605,False
25,117,0.013333333333332753,0.0,0.040000000000000036,0.040000000000000036,False,1.0,False
25,118,0.18666666666666654,-0.12033333333333371,0.5466666666666669,0.6670000000000006,True,0.31,False
25,119,0.0,-0.08000000000000007,0.07999999999999918,0.15999999999999925,True,1.0,False
25,120,0.0,-0.040000000000000036,0.040000000000000036,0.08000000000000007,False,1.0,False
25,121,0.040000000000000036,-0.23999999999999932,0.3200000000000003,0.5599999999999996,True,0.7505,False
25,122,-0.013333333333332753,-0.040000000000000036,0.0,0.040000000000000036,False,1.0,False
25,123,0.06666666666666643,0.0,0.1466666666666665,0.1466666666666665,True,0.244,False
25,124,-0.05333333333333279,-0.280333333333333,0.10666666666666647,0.38699999999999946,True,0.87,False
25,125,-0.1200000000000001,-0.3333333333333339,0.0,0.3333333333333339,False,0.493,False
25,126,0.026666666666667282,-0.026666666666666394,0.09333333333333371,0.1200000000000001,True,0.757,False
25,127,0.17333333333333378,0.0,0.4400000000000004,0.4400000000000004,True,0.192,False
25,128,0.06666666666666643,-0.08000000000000007,0.28000000000000025,0.3600000000000003,True,1.0,False
25,129,-0.06666666666666643,-0.2933333333333339,0.09333333333333371,0.3866666666666676,True,0.8265,False
25,130,-0.013333333333332753,-0.040000000000000036,0.0,0.040000000000000036,False,1.0,False
25,131,0.17333333333333378,0.0,0.4400000000000004,0.4400000000000004,True,0.179,False
25,132,0.18666666666666654,0.013333333333332753,0.45333333333333403,0.4400000000000013,True,0.118,False
25,133,-0.05333333333333279,-0.28000000000000025,0.09333333333333371,0.37333333333333396,True,0.9445,False
25,134,0.026666666666666394,-0.27999999999999936,0.35999999999999943,0.6399999999999988,True,1.0,False
25,135,0.13333333333333375,-0.05333333333333368,0.413333333333334,0.4666666666666677,True,0.4865,False
25,136,0.16000000000000014,0.0,0.42666666666666675,0.42666666666666675,True,0.2525,False
25,137,0.1466666666666674,0.0,0.3600000000000003,0.3600000000000003,True,0.1805,False
25,138,-0.09333333333333371,-0.28000000000000025,0.0,0.28000000000000025,False,1.0,False
25,139,0.13333333333333286,-0.040000000000000924,0.35999999999999943,0.40000000000000036,True,0.293,False
25,140,0.01333333333333453,-0.040000000000000036,0.08000000000000007,0.1200000000000001,True,1.0,False
25,141,0.013333333333332753,-0.06666666666666732,0.09333333333333282,0.16000000000000014,True,1.0,False
25,142,-0.026666666666666394,-0.30666666666666664,0.25333333333333297,0.5599999999999996,True,1.0,False
25,143,0.16000000000000014,0.0,0.42666666666666675,0.42666666666666675,True,0.2455,False
25,144,0.040000000000000036,0.0,0.10666666666666647,0.10666666666666647,True,0.4885,False
25,145,-0.1200000000000001,-0.3200000000000003,0.0,0.3200000000000003,False,0.2335,False
25,146,0.09333333333333371,0.0,0.28000000000000025,0.28000000000000025,True,1.0,False
25,147,-0.13333333333333286,-0.3600000000000003,0.0,0.3600000000000003,False,0.2405,False
25,148,0.040000000000000036,-0.2666666666666666,0.37333333333333396,0.6400000000000006,True,0.7315,False
25,149,0.0,-0.040000000000000036,0.040000000000000036,0.08000000000000007,False,1.0,False
25,150,0.026666666666667282,-0.026666666666667282,0.09333333333333371,0.120000000000001,True,0.766,False
25,151,-0.040000000000000036,-0.2666666666666675,0.1466666666666665,0.413333333333334,True,0.894,False
25,152,-0.026666666666666394,-0.06666666666666643,0.0,0.06666666666666643,False,0.5035,False
25,153,-0.026666666666666394,-0.2666666666666657,0.14666666666666653,0.4133333333333322,True,0.931,False
25,154,0.1466666666666665,0.0,0.4133333333333331,0.4133333333333331,True,0.255,False
25,155,0.09333333333333282,-0.05333333333333368,0.30666666666666664,0.3600000000000003,True,0.747,False
25,156,0.01333333333333453,-0.040000000000000036,0.08000000000000007,0.1200000000000001,True,1.0,False
25,157,0.2933333333333339,0.05333333333333279,0.6266666666666669,0.5733333333333341,False,0.0215,True
25,158,-0.13333333333333375,-0.33366666666666667,0.0,0.33366666666666667,False,0.225,False
25,159,-0.040000000000000924,-0.25333333333333385,0.10666666666666647,0.3600000000000003,True,1.0,False
25,160,0.03999999999999915,-0.05333333333333279,0.13333333333333375,0.18666666666666654,True,0.622,False
25,161,-0.09333333333333371,-0.28000000000000025,0.0,0.28000000000000025,False,1.0,False
25,162,0.09333333333333371,-0.026666666666666394,0.2933333333333339,0.3200000000000003,True,0.747,False
25,163,0.013333333333332753,-0.06700000000000003,0.10666666666666647,0.1736666666666665,True,1.0,False
25,164,0.09333333333333371,-0.2400000000000002,0.4666666666666659,0.7066666666666661,True,0.867,False
25,165,-0.040000000000000036,-0.30666666666666753,0.2400000000000011,0.5466666666666686,True,0.751,False
25,166,0.06666666666666643,-0.21333333333333382,0.3466666666666667,0.5600000000000005,True,0.5615,False
25,167,0.040000000000000036,0.0,0.10666666666666647,0.10666666666666647,True,0.49,False
25,168,0.013333333333332753,-0.06666666666666732,0.09333333333333371,0.16000000000000103,True,1.0,False
25,169,0.026666666666666394,-0.2666666666666666,0.3600000000000003,0.6266666666666669,True,0.753,False
25,170,0.18666666666666654,0.013333333333332753,0.45333333333333403,0.4400000000000013,True,0.1225,False
25,171,-0.08000000000000096,-0.28000000000000025,0.040000000000000036,0.3200000000000003,False,1.0,False
25,172,0.20000000000000018,-0.026666666666667282,0.5333333333333341,0.5600000000000014,True,0.457,False
25,173,0.05333333333333368,-0.22666666666666746,0.37333333333333396,0.6000000000000014,True,0.6805,False
25,174,-0.10666666666666558,-0.33366666666666667,0.05333333333333368,0.38700000000000034,True,0.4965,False
25,175,0.1466666666666665,0.0,0.413333333333334,0.413333333333334,True,0.483,False
25,176,0.013333333333333641,-0.026666666666667282,0.06666666666666643,0.09333333333333371,True,1.0,False
25,177,0.09333333333333371,0.0,0.28000000000000025,0.28000000000000025,True,1.0,False
25,178,0.0,0.0,0.0,0.0,False,1.0,False
25,179,0.18666666666666654,0.013333333333332753,0.45333333333333403,0.4400000000000013,True,0.1395,False
25,180,0.026666666666666394,0.0,0.06666666666666643,0.06666666666666643,True,0.5165,False
25,181,8.881784197001252e-16,-0.05333333333333279,0.06666666666666732,0.1200000000000001,True,1.0,False
25,182,0.03999999999999915,-0.05333333333333368,0.13333333333333375,0.18666666666666742,True,0.613,False
25,183,-0.03999999999999915,-0.30666666666666664,0.22666666666666746,0.5333333333333341,True,0.7495,False
25,184,-0.013333333333332753,-0.040000000000000036,0.0,0.040000000000000036,False,1.0,False
25,185,0.0,0.0,0.0,0.0,False,1.0,False
25,186,0.040000000000000036,-0.05333333333333368,0.1466666666666665,0.20000000000000018,True,0.6105,False
25,187,-0.06666666666666643,-0.2803333333333338,0.08000000000000007,0.3603333333333339,True,0.867,False
25,188,0.026666666666667282,0.0,0.08000000000000007,0.08000000000000007,True,1.0,False
25,189,-0.040000000000000036,-0.28000000000000025,0.1200000000000001,0.40000000000000036,True,0.9465,False
25,190,0.03999999999999915,-0.25333333333333385,0.3733333333333331,0.6266666666666669,True,0.7435,False
25,191,0.026666666666667282,-0.026666666666666394,0.09333333333333371,0.1200000000000001,True,0.7405,False
25,192,0.08000000000000096,0.0,0.17333333333333378,0.17333333333333378,True,0.186,False
25,193,0.13333333333333375,0.0,0.3333333333333339,0.3333333333333339,True,0.239,False
25,194,0.1200000000000001,-0.040000000000000036,0.3866666666666676,0.42666666666666764,True,0.484,False
25,195,-0.013333333333333641,-0.25333333333333297,0.13333333333333375,0.3866666666666667,True,1.0,False
25,196,-0.040000000000000036,-0.10666666666666647,0.0,0.10666666666666647,False,0.52,False
25,197,-0.013333333333332753,-0.25333333333333297,0.16000000000000014,0.4133333333333331,True,1.0,False
25,198,-0.013333333333332753,-0.09333333333333371,0.06666666666666732,0.16000000000000103,True,1.0,False
25,199,-0.13333333333333286,-0.3333333333333339,0.0,0.3333333333333339,False,0.244,False
25,200,0.28000000000000025,0.040000000000000036,0.5869999999999984,0.5469999999999984,True,0.054,False
25,201,0.13333333333333375,-0.19999999999999932,0.5066666666666668,0.7066666666666661,True,0.505,False
25,202,0.013333333333333641,-0.06666666666666643,0.09333333333333371,0.16000000000000014,True,0.8495,False
25,203,0.16000000000000103,0.013333333333332753,0.3736666666666655,0.36033333333333273,True,0.126,False
25,204,0.013333333333332753,-0.06666666666666732,0.09333333333333282,0.16000000000000014,True,1.0,False
25,205,-8.881784197001252e-16,-0.0666666666666682,0.05333333333333279,0.120000000000001,True,1.0,False
25,206,0.1466666666666674,-0.013333333333333641,0.41366666666666546,0.4269999999999991,True,0.375,False
25,207,-0.013333333333332753,-0.25333333333333297,0.16000000000000014,0.4133333333333331,True,1.0,False
25,208,-0.06666666666666643,-0.28000000000000025,0.08000000000000007,0.3600000000000003,True,1.0,False
25,209,0.25333333333333385,0.013333333333332753,0.5866666666666669,0.5733333333333341,True,0.12,False
25,210,0.040000000000000036,0.0,0.09333333333333371,0.09333333333333371,True,0.5125,False
25,211,0.026666666666666394,-0.06666666666666643,0.13333333333333286,0.1999999999999993,True,0.7885,False
25,212,0.1200000000000001,0.0,0.3600000000000003,0.3600000000000003,True,1.0,False
25,213,-0.013333333333333641,-0.06666666666666643,0.026666666666667282,0.09333333333333371,False,1.0,False
25,214,0.013333333333333641,-0.0533333333333319,0.09333333333333371,0.1466666666666656,True,0.8725,False
25,215,-0.013333333333333641,-0.25333333333333297,0.1466666666666674,0.40000000000000036,True,0.9865,False
25,216,0.040000000000000036,0.0,0.10666666666666647,0.10666666666666647,True,0.5,False
25,217,0.026666666666666394,-0.08000000000000007,0.13333333333333375,0.21333333333333382,True,0.7695,False
25,218,0.08000000000000007,-0.07999999999999921,0.30666666666666753,0.3866666666666667,True,0.732,False
25,219,0.040000000000000924,-0.026666666666666394,0.13333333333333375,0.16000000000000014,True,0.49,False
25,220,-0.09333333333333282,-0.33333333333333304,0.05333333333333368,0.3866666666666667,True,0.757,False
25,221,-0.08000000000000096,-0.28000000000000025,0.040000000000000036,0.3200000000000003,False,1.0,False
25,222,0.13333333333333375,-0.03999999999999915,0.413333333333334,0.45333333333333314,True,0.4315,False
25,223,0.1466666666666674,-0.013333333333333641,0.42666666666666764,0.4400000000000013,True,0.376,False
25,224,0.05333333333333368,-0.25333333333333297,0.3866666666666676,0.6400000000000006,True,0.691,False
25,225,0.03999999999999915,-0.2666666666666675,0.3733333333333331,0.6400000000000006,True,0.7505,False
25,226,-0.07999999999999918,-0.2933333333333339,0.053666666666666044,0.3469999999999999,True,0.742,False
25,227,0.026666666666667282,-0.026666666666667282,0.09333333333333371,0.120000000000001,True,0.7425,False
25,228,0.013333333333333641,-0.026666666666667282,0.05333333333333368,0.08000000000000096,True,1.0,False
25,229,-0.013333333333332753,-0.07999999999999918,0.053333333333334565,0.13333333333333375,True,1.0,False
25,230,-0.040000000000000036,-0.10666666666666647,0.0,0.10666666666666647,False,0.491,False
25,231,0.040000000000000036,0.0,0.10666666666666647,0.10666666666666647,True,0.494,False
25,232,-0.06666666666666643,-0.28000000000000025,0.08000000000000007,0.3600000000000003,True,0.8785,False
25,233,0.09333333333333371,0.0,0.28000000000000025,0.28000000000000025,True,1.0,False
25,234,0.026666666666666394,-0.05333333333333368,0.10666666666666647,0.16000000000000014,True,1.0,False
25,235,-0.05333333333333368,-0.28000000000000025,0.09333333333333371,0.37333333333333396,True,0.944,False
25,236,0.013333333333332753,0.0,0.040000000000000036,0.040000000000000036,False,1.0,False
25,237,0.013333333333333641,-0.06666666666666557,0.10666666666666647,0.17333333333333203,True,0.6265,False
25,238,0.013333333333332753,-0.06666666666666732,0.09333333333333371,0.16000000000000103,True,1.0,False
25,239,0.013333333333332753,0.0,0.040000000000000036,0.040000000000000036,False,1.0,False
25,240,8.881784197001252e-16,-0.05333333333333279,0.06666666666666732,0.1200000000000001,True,1.0,False
25,241,0.026666666666667282,-0.026666666666667282,0.09333333333333371,0.120000000000001,True,0.7555,False
25,242,-0.06666666666666643,-0.293333333333333,0.08000000000000007,0.3733333333333331,True,0.872,False
25,243,0.06666666666666732,-0.2400000000000002,0.3866666666666667,0.6266666666666669,True,0.614,False
25,244,0.01333333333333453,-0.040000000000000036,0.08000000000000007,0.1200000000000001,True,1.0,False
25,245,0.026666666666667282,-0.026666666666666394,0.09333333333333371,0.1200000000000001,True,0.745,False
25,246,0.10666666666666735,-0.026666666666666394,0.30666666666666753,0.3333333333333339,True,0.5075,False
25,247,0.10666666666666647,0.026666666666667282,0.20000000000000018,0.1733333333333329,True,0.06,False
25,248,-0.013333333333332753,-0.2933333333333339,0.2400000000000002,0.5333333333333341,True,0.9375,False
25,249,0.16000000000000014,0.0,0.4400000000000004,0.4400000000000004,True,0.2455,False
25,250,-0.08000000000000096,-0.30666666666666753,0.08000000000000007,0.3866666666666676,True,0.6985,False
25,251,0.0,0.0,0.0,0.0,False,1.0,False
25,252,0.22666666666666746,-0.013333333333332753,0.5600000000000014,0.5733333333333341,True,0.27,False
25,253,0.03999999999999915,-0.040000000000000924,0.1200000000000001,0.16000000000000103,True,0.577,False
25,254,0.013333333333333641,-0.05333333333333279,0.08033333333333244,0.1336666666666652,True,0.868,False
25,255,0.16000000000000014,0.0,0.4400000000000004,0.4400000000000004,True,0.2475,False
25,256,0.22666666666666657,0.0,0.5599999999999996,0.5599999999999996,True,0.2435,False
25,257,0.040000000000000924,-0.026666666666666394,0.120000000000001,0.1466666666666674,True,0.5,False
25,258,0.10666666666666735,-0.040000000000000036,0.3600000000000003,0.40000000000000036,True,1.0,False
25,259,0.0,0.0,0.0,0.0,False,1.0,False
25,260,0.026666666666667282,0.0,0.08000000000000007,0.08000000000000007,True,1.0,False
25,261,0.16000000000000014,-0.013333333333333641,0.45333333333333314,0.4666666666666668,True,0.2215,False
25,262,0.026666666666666394,-0.040000000000000036,0.10666666666666647,0.1466666666666665,True,0.678,False
25,263,0.040000000000000036,-0.040000000000000036,0.13333333333333375,0.17333333333333378,True,0.44,False
25,264,-0.013333333333332753,-0.040000000000000036,0.0,0.040000000000000036,False,1.0,False
25,265,0.22666666666666657,-0.026666666666666394,0.5736666666666657,0.600333333333332,True,0.224,False
25,266,8.881784197001252e-16,-0.05333333333333279,0.0666666666666682,0.120000000000001,True,1.0,False
25,267,0.1466666666666665,-0.05333333333333279,0.4136666666666655,0.4669999999999983,True,0.4935,False
25,268,-0.06666666666666643,-0.2933333333333321,0.09333333333333371,0.3866666666666658,True,0.809,False
25,269,-0.05333333333333368,-0.293333333333333,0.1066666666666665,0.39999999999999947,True,0.8755,False
25,270,0.013333333333332753,0.0,0.040000000000000036,0.040000000000000036,False,1.0,False
25,271,-0.040000000000000036,-0.25333333333333385,0.10666666666666735,0.3600000000000012,True,0.9755,False
25,272,0.040000000000000036,0.0,0.10666666666666647,0.10666666666666647,True,0.502,False
25,273,-0.013333333333332753,-0.25333333333333297,0.1466666666666674,0.40000000000000036,True,1.0,False
25,274,0.06666666666666732,-0.05333333333333279,0.2666666666666675,0.3200000000000003,True,1.0,False
25,275,-0.013333333333333641,-0.05333333333333368,0.026666666666667282,0.08000000000000096,False,1.0,False
25,276,-0.08000000000000007,-0.2933333333333339,0.05333333333333279,0.3466666666666667,True,0.8725,False
25,277,0.13333333333333286,-0.05333333333333368,0.40000000000000036,0.45333333333333403,True,0.489,False
25,278,-0.013333333333332753,-0.293333333333333,0.2666666666666675,0.5600000000000005,True,1.0,False
25,279,0.06666666666666732,-0.22666666666666657,0.3866666666666667,0.6133333333333333,True,0.607,False
25,280,0.013333333333333641,-0.026666666666667282,0.05333333333333368,0.08000000000000096,True,1.0,False
25,281,0.013333333333332753,0.0,0.040000000000000036,0.040000000000000036,False,1.0,False
25,282,0.026666666666666394,-0.040000000000000036,0.10666666666666647,0.1466666666666665,True,0.6805,False
25,283,0.1200000000000001,-0.040000000000000036,0.3866666666666667,0.42666666666666675,True,0.683,False
25,284,-0.06666666666666643,-0.28000000000000025,0.08000000000000007,0.3600000000000003,True,1.0,False
25,285,-0.08000000000000096,-0.28000000000000025,0.026666666666666394,0.30666666666666664,False,1.0,False
25,286,0.16000000000000103,-0.013333333333332753,0.4400000000000004,0.45333333333333314,True,0.2535,False
25,287,-0.040000000000000036,-0.10666666666666647,0.0,0.10666666666666647,False,0.514,False
25,288,0.013333333333333641,-0.28000000000000025,0.34666666666666757,0.6266666666666678,True,1.0,False
25,289,0.16000000000000014,0.0,0.42666666666666675,0.42666666666666675,True,0.251,False
25,290,0.026666666666666394,-0.2400000000000002,0.2933333333333339,0.5333333333333341,True,0.878,False
25,291,0.026666666666666394,-0.2666666666666666,0.3600000000000003,0.6266666666666669,True,0.9115,False
25,292,-0.040000000000000036,-0.10666666666666647,0.0,0.10666666666666647,False,0.493,False
25,293,-0.06666666666666643,-0.28000000000000025,0.08000000000000007,0.3600000000000003,True,0.8775,False
25,294,-0.040000000000000036,-0.10666666666666647,0.0,0.10666666666666647,False,0.505,False
25,295,0.1466666666666674,0.0,0.3600000000000003,0.3600000000000003,True,0.183,False
25,296,-0.1200000000000001,-0.3333333333333339,0.0,0.3333333333333339,False,0.477,False
25,297,-0.013333333333332753,-0.040000000000000036,0.0,0.040000000000000036,False,1.0,False
25,298,0.026666666666666394,-0.2666666666666666,0.3600000000000003,0.6266666666666669,True,0.8725,False
25,299,0.05333333333333368,-0.026666666666666394,0.13333333333333375,0.16000000000000014,True,0.3635,False
25,300,8.881784197001252e-16,-0.05333333333333279,0.08000000000000007,0.13333333333333286,True,1.0,False
25,301,0.10666666666666735,-0.026666666666666394,0.3333333333333339,0.3600000000000003,True,0.4825,False
25,302,-0.013333333333332753,-0.293333333333333,0.27999999999999936,0.5733333333333324,True,1.0,False
25,303,0.026666666666667282,0.0,0.08000000000000007,0.08000000000000007,True,1.0,False
25,304,-0.1466666666666665,-0.3600000000000003,-0.013333333333332753,0.34666666666666757,False,0.116,False
25,305,-0.06666666666666643,-0.28000000000000114,0.08000000000000007,0.3600000000000012,True,0.8625,False
25,306,0.16000000000000014,0.013333333333332753,0.37333333333333396,0.3600000000000012,True,0.1135,False
25,307,0.0,-0.040000000000000036,0.040000000000000036,0.08000000000000007,False,1.0,False
25,308,-0.07999999999999918,-0.30666666666666664,0.06666666666666732,0.37333333333333396,True,0.7435,False
25,309,-0.09333333333333371,-0.2933333333333339,0.026666666666667282,0.3200000000000012,False,0.751,False
25,310,0.040000000000000036,-0.25333333333333297,0.37333333333333396,0.6266666666666669,True,0.758,False
25,311,0.2400000000000002,0.0,0.5736666666666657,0.5736666666666657,True,0.183,False
25,312,-0.05333333333333368,-0.293333333333333,0.1200000000000001,0.4133333333333331,True,0.867,False
25,313,0.16000000000000014,0.0,0.41366666666666546,0.41366666666666546,True,0.2495,False
25,314,0.1466666666666674,-0.013333333333333641,0.413333333333334,0.42666666666666764,True,0.362,False
25,315,-0.1200000000000001,-0.3466666666666667,0.040000000000000924,0.3866666666666676,False,0.4215,False
25,316,-0.05333333333333279,-0.28000000000000025,0.10666666666666647,0.3866666666666667,True,0.875,False
25,317,0.0,-0.28000000000000025,0.28000000000000025,0.5600000000000005,True,1.0,False
25,318,0.01333333333333453,-0.040000000000000036,0.08000000000000007,0.1200000000000001,True,1.0,False
25,319,-0.013333333333332753,-0.040000000000000036,0.0,0.040000000000000036,False,1.0,False
25,320,-0.026666666666665506,-0.10666666666666647,0.05333333333333368,0.16000000000000014,True,0.729,False
25,321,0.013333333333333641,-0.026666666666667282,0.06666666666666643,0.09333333333333371,True,1.0,False
25,322,0.20000000000000018,0.02666666666666726,0.4933333333333332,0.4666666666666659,True,0.0805,False
25,323,0.03999999999999915,-0.05333333333333368,0.13333333333333286,0.18666666666666654,True,0.616,False
25,324,0.06666666666666732,-0.013333333333332753,0.1466666666666674,0.16000000000000014,True,0.2435,False
25,325,0.013333333333333641,-0.026666666666667282,0.06666666666666643,0.09333333333333371,True,1.0,False
25,326,0.05333333333333368,0.0,0.13333333333333375,0.13333333333333375,True,0.508,False
25,327,0.0,-0.2933333333333339,0.3333333333333339,0.6266666666666678,True,1.0,False
25,328,0.10666666666666647,-0.17333333333333378,0.42666666666666675,0.6000000000000005,True,0.538,False
25,329,0.1200000000000001,-0.026666666666666394,0.37333333333333396,0.40000000000000036,True,0.756,False
25,330,0.013333333333332753,0.0,0.040000000000000036,0.040000000000000036,False,1.0,False
25,331,0.20000000000000018,0.026666666666667282,0.4666666666666668,0.4399999999999995,True,0.127,False
25,332,0.10666666666666735,-0.026666666666666394,0.30666666666666664,0.33333333333333304,True,0.4985,False
25,333,0.13333333333333286,0.0,0.3866666666666667,0.3866666666666667,True,0.4905,False
25,334,0.01333333333333453,-0.040000000000000036,0.08000000000000007,0.1200000000000001,True,1.0,False
25,335,0.013333333333333641,-0.293333333333333,0.3333333333333339,0.6266666666666669,True,0.9495,False
25,336,0.1200000000000001,0.0,0.3333333333333339,0.3333333333333339,True,0.499,False
25,337,-0.07999999999999918,-0.2933333333333339,0.06666666666666732,0.3600000000000012,True,0.739,False
25,338,0.040000000000000036,-0.25333333333333297,0.30666666666666664,0.5599999999999996,True,0.8025,False
25,339,0.120000000000001,0.0,0.3600000000000003,0.3600000000000003,True,0.4955,False
25,340,0.05333333333333279,-0.22666666666666657,0.3203333333333318,0.5469999999999984,True,0.7315,False
25,341,0.13333333333333375,-0.013333333333332753,0.3466666666666667,0.35999999999999943,True,0.245,False
25,342,0.20000000000000107,0.026666666666666394,0.4800000000000004,0.45333333333333403,True,0.0845,False
25,343,0.05333333333333368,-0.09333333333333282,0.28000000000000025,0.3733333333333331,True,1.0,False
25,344,0.07999999999999918,-0.06700000000000005,0.2933333333333339,0.36033333333333395,True,0.752,False
25,345,0.17333333333333378,0.0,0.4400000000000004,0.4400000000000004,True,0.261,False
25,346,0.1200000000000001,-0.040000000000000036,0.40000000000000124,0.4400000000000013,True,0.468,False
25,347,0.1466666666666665,0.013333333333332753,0.3600000000000003,0.34666666666666757,True,0.124,False
25,348,0.013333333333332753,0.0,0.040000000000000036,0.040000000000000036,False,1.0,False
25,349,-0.06666666666666643,-0.28000000000000025,0.08000000000000007,0.3600000000000003,True,1.0,False
25,350,-0.01333333333333453,-0.08000000000000007,0.03999999999999915,0.11999999999999922,False,1.0,False
25,351,0.0,0.0,0.0,0.0,False,1.0,False
25,352,0.05333333333333368,-0.03999999999999915,0.16000000000000014,0.1999999999999993,True,0.252,False
25,353,-0.06666666666666643,-0.28000000000000025,0.05333333333333368,0.3333333333333339,True,1.0,False
25,354,0.10666666666666558,-0.06666666666666732,0.3733333333333331,0.4400000000000004,True,0.763,False
25,355,0.16000000000000014,-0.19999999999999932,0.5333333333333341,0.7333333333333334,True,0.3515,False
25,356,0.040000000000000036,-0.25333333333333385,0.3200000000000003,0.5733333333333341,True,0.8305,False
25,357,-0.07999999999999918,-0.2933333333333339,0.053666666666666064,0.347,True,0.7335,False
25,358,-0.05333333333333279,-0.28000000000000025,0.08033333333333244,0.3603333333333327,True,1.0,False
25,359,0.026666666666667282,-0.026666666666666394,0.09333333333333371,0.1200000000000001,True,0.749,False
25,360,-0.09333333333333282,-0.3333333333333339,0.05333333333333368,0.3866666666666676,True,0.746,False
25,361,-0.05333333333333279,-0.28033333333333293,0.10666666666666647,0.3869999999999994,True,0.8815,False
25,362,0.05333333333333368,-0.026666666666666394,0.1466666666666674,0.17333333333333378,True,0.328,False
25,363,0.1200000000000001,0.0,0.3333333333333339,0.3333333333333339,True,0.4975,False
25,364,0.1466666666666665,-0.03999999999999915,0.4400000000000004,0.47999999999999954,True,0.263,False
25,365,0.040000000000000036,0.0,0.10666666666666647,0.10666666666666647,True,0.4985,False
25,366,0.013333333333332753,0.0,0.040000000000000036,0.040000000000000036,False,1.0,False
25,367,0.03999999999999915,-0.05333333333333279,0.13333333333333375,0.18666666666666654,True,0.6225,False
25,368,0.01333333333333453,-0.03999999999999915,0.08000000000000007,0.11999999999999922,True,1.0,False
25,369,0.013333333333332753,0.0,0.040000000000000036,0.040000000000000036,False,1.0,False
25,370,-0.040000000000000036,-0.10666666666666647,0.0,0.10666666666666647,False,0.5005,False
25,371,0.06666666666666643,0.0,0.1466666666666665,0.1466666666666665,True,0.2345,False
25,372,8.881784197001252e-16,-0.05333333333333279,0.06666666666666732,0.1200000000000001,True,1.0,False
25,373,-0.013333333333332753,-0.28000000000000025,0.2666666666666675,0.5466666666666677,True,1.0,False
25,374,0.040000000000000036,0.0,0.10666666666666647,0.10666666666666647,True,0.5095,False
25,375,0.1466666666666656,-0.040000000000000036,0.42666666666666675,0.4666666666666668,True,0.3605,False
25,376,0.013333333333333641,-0.05333333333333279,0.08000000000000096,0.13333333333333375,True,0.8715,False
25,377,0.01333333333333453,-0.040000000000000036,0.08000000000000007,0.1200000000000001,True,1.0,False
25,378,0.040000000000000924,-0.026666666666666394,0.120000000000001,0.1466666666666674,True,0.506,False
25,379,0.013333333333332753,-0.2666666666666675,0.28000000000000025,0.5466666666666677,True,1.0,False
25,380,-0.026666666666666394,-0.06666666666666643,0.0,0.06666666666666643,False,0.487,False
25,381,0.08000000000000007,-0.07999999999999918,0.2933333333333339,0.3733333333333331,True,0.761,False
25,382,0.1200000000000001,-0.026666666666667282,0.37333333333333396,0.40000000000000124,True,0.758,False
25,383,-0.026666666666667282,-0.08000000000000007,0.0,0.08000000000000007,False,1.0,False
25,384,0.013333333333333641,-0.026666666666667282,0.05333333333333368,0.08000000000000096,True,1.0,False
25,385,0.040000000000000036,0.0,0.10666666666666647,0.10666666666666647,True,0.495,False
25,386,0.21333333333333382,0.0,0.5733333333333341,0.5733333333333341,True,0.494,False
25,387,0.013333333333332753,-0.28000000000000025,0.34666666666666757,0.6266666666666678,True,0.9425,False
25,388,0.040000000000000036,-0.03999999999999915,0.13333333333333375,0.1733333333333329,True,0.4515,False
25,389,0.07999999999999918,-0.06666666666666732,0.2933333333333339,0.3600000000000012,True,0.7555,False
25,390,-0.05333333333333279,-0.293333333333333,0.10666666666666735,0.40000000000000036,True,0.8655,False
25,391,0.1466666666666674,-0.013333333333333641,0.413333333333334,0.42666666666666764,True,0.3615,False
25,392,0.0,-0.040000000000000036,0.040000000000000036,0.08000000000000007,False,1.0,False
25,393,0.05333333333333368,0.0,0.13333333333333375,0.13333333333333375,True,0.4905,False
25,394,0.2666666666666675,0.026666666666667282,0.5866666666666669,0.5599999999999996,True,0.0815,False
25,395,0.20000000000000018,0.026666666666666394,0.4800000000000013,0.4533333333333349,True,0.082,False
25,396,-0.10666666666666558,-0.33333333333333304,0.05333333333333279,0.3866666666666658,True,0.5145,False
25,397,0.0,-0.040000000000000036,0.040000000000000036,0.08000000000000007,False,1.0,False
25,398,0.040000000000000036,-0.10666666666666647,0.2666666666666675,0.37333333333333396,True,1.0,False
25,399,0.01333333333333453,-0.040000000000000036,0.08000000000000007,0.1200000000000001,True,1.0,False
25,400,0.06666666666666643,-0.040000000000000036,0.18666666666666654,0.22666666666666657,True,0.37,False
25,401,0.06666666666666732,-0.013333333333332753,0.16000000000000014,0.1733333333333329,True,0.232,False
25,402,0.040000000000000036,0.0,0.10666666666666647,0.10666666666666647,True,0.498,False
25,403,0.10666666666666647,-0.05333333333333368,0.33333333333333304,0.3866666666666667,True,0.493,False
25,404,-0.013333333333332753,-0.09333333333333282,0.06666666666666732,0.16000000000000014,True,1.0,False
25,405,0.13333333333333286,0.0,0.3866666666666667,0.3866666666666667,True,0.521,False
25,406,0.1466666666666674,-0.026666666666666394,0.413333333333334,0.4400000000000004,True,0.3435,False
25,407,0.040000000000000036,0.0,0.10666666666666647,0.10666666666666647,True,0.5045,False
25,408,0.026666666666667282,-0.026666666666666394,0.09333333333333371,0.1200000000000001,True,0.7435,False
25,409,0.17333333333333378,0.0,0.4400000000000004,0.4400000000000004,True,0.2475,False
25,410,0.06666666666666732,-0.013333333333332753,0.16000000000000014,0.1733333333333329,True,0.26,False
25,411,0.13333333333333286,0.0,0.3466666666666667,0.3466666666666667,True,0.241,False
25,412,0.1733333333333329,-0.01333333333333453,0.45333333333333403,0.46666666666666856,True,0.2105,False
25,413,0.0,0.0,0.0,0.0,False,1.0,False
25,414,-0.026666666666667282,-0.09333333333333371,0.026666666666666394,0.1200000000000001,False,0.75,False
25,415,0.1200000000000001,-0.013333333333333641,0.3333333333333339,0.34666666666666757,True,0.3955,False
25,416,0.013333333333333641,-0.2666666666666675,0.293333333333333,0.5600000000000005,True,1.0,False
25,417,-0.06666666666666643,-0.28000000000000025,0.08000000000000007,0.3600000000000003,True,1.0,False
25,418,0.013333333333332753,0.0,0.040000000000000036,0.040000000000000036,False,1.0,False
25,419,-0.013333333333333641,-0.2666666666666666,0.16000000000000014,0.42666666666666675,True,0.982,False
25,420,0.16000000000000014,0.013333333333332753,0.3866666666666667,0.37333333333333396,True,0.137,False
25,421,0.1200000000000001,0.0,0.3600000000000003,0.3600000000000003,True,1.0,False
25,422,0.13333333333333286,0.0,0.3866666666666667,0.3866666666666667,True,0.513,False
25,423,0.05333333333333279,0.0,0.1200000000000001,0.1200000000000001,True,0.25,False
25,424,-0.026666666666667282,-0.08000000000000007,0.0,0.08000000000000007,False,1.0,False
25,425,0.05333333333333279,-0.25333333333333385,0.3866666666666667,0.6400000000000006,True,0.6235,False
25,426,0.06666666666666643,0.0,0.1466666666666665,0.1466666666666665,True,0.257,False
25,427,0.06666666666666643,-0.08000000000000007,0.2933333333333339,0.37333333333333396,True,0.875,False
25,428,-0.09333333333333371,-0.3200000000000003,0.06666666666666643,0.3866666666666667,True,0.6275,False
25,429,0.026666666666667282,-0.026666666666666394,0.09333333333333371,0.1200000000000001,True,0.756,False
25,430,0.06666666666666732,-0.05333333333333279,0.28000000000000025,0.33333333333333304,True,1.0,False
25,431,0.25333333333333385,0.013333333333333641,0.5733333333333341,0.5600000000000005,True,0.1295,False
25,432,0.16000000000000014,0.0,0.413333333333334,0.413333333333334,True,0.242,False
25,433,-0.026666666666667282,-0.09333333333333371,0.026666666666666394,0.1200000000000001,False,0.7695,False
25,434,0.10666666666666735,-0.026666666666666394,0.3200000000000003,0.3466666666666667,True,0.4985,False
25,435,0.05333333333333368,-0.026666666666665506,0.1466666666666674,0.1733333333333329,True,0.341,False
25,436,-0.026666666666667282,-0.08000000000000007,0.026666666666666394,0.10666666666666647,False,0.638,False
25,437,0.10666666666666647,0.0,0.30666666666666664,0.30666666666666664,True,0.4845,False
25,438,0.01333333333333453,-0.040000000000000036,0.08000000000000007,0.1200000000000001,True,1.0,False
25,439,0.18666666666666654,-2.2204460492464003e-17,0.4666666666666668,0.4666666666666668,True,0.176,False
25,440,0.013333333333332753,-0.2666666666666675,0.293333333333333,0.5600000000000005,True,1.0,False
25,441,0.1200000000000001,-0.040000000000000036,0.40000000000000124,0.4400000000000013,True,0.493,False
25,442,-0.06666666666666732,-0.2803333333333338,0.08000000000000096,0.3603333333333348,True,0.843,False
25,443,0.013333333333332753,-0.2666666666666675,0.28000000000000025,0.5466666666666677,True,1.0,False
25,444,0.06666666666666643,-0.08000000000000007,0.28000000000000114,0.3600000000000012,True,0.8885,False
25,445,0.0,-0.040000000000000036,0.040000000000000036,0.08000000000000007,False,1.0,False
25,446,0.16000000000000103,-0.013333333333331887,0.4400000000000004,0.45333333333333226,True,0.253,False
25,447,0.1200000000000001,-0.013333333333333641,0.3466666666666667,0.3600000000000003,True,0.3775,False
25,448,-0.013333333333332753,-0.2933333333333339,0.2666666666666675,0.5600000000000014,True,1.0,False
25,449,0.0,0.0,0.0,0.0,False,1.0,False
25,450,0.06666666666666643,0.0,0.1466666666666665,0.1466666666666665,True,0.2295,False
25,451,-0.10666666666666735,-0.30666666666666753,0.026666666666666394,0.3333333333333339,False,0.4995,False
25,452,0.06666666666666732,-0.013333333333332753,0.16000000000000014,0.1733333333333329,True,0.236,False
25,453,0.03999999999999915,-0.22666666666666657,0.3199999999999994,0.546666666666666,True,0.7475,False
25,454,0.01333333333333453,-0.040000000000000036,0.08000000000000007,0.1200000000000001,True,1.0,False
25,455,0.040000000000000036,0.0,0.10666666666666647,0.10666666666666647,True,0.49,False
25,456,0.05333333333333368,-0.026666666666666415,0.1466666666666674,0.1733333333333338,True,0.342,False
25,457,0.0,-0.28000000000000025,0.2666666666666675,0.5466666666666677,True,1.0,False
25,458,0.013333333333332753,0.0,0.040000000000000036,0.040000000000000036,False,1.0,False
25,459,0.040000000000000036,0.0,0.10666666666666647,0.10666666666666647,True,0.502,False
25,460,0.0,0.0,0.0,0.0,False,1.0,False
25,461,0.040000000000000036,-0.013333333333333641,0.1200000000000001,0.13333333333333375,True,0.51,False
25,462,0.013333333333332753,0.0,0.040000000000000036,0.040000000000000036,False,1.0,False
25,463,0.013333333333332753,0.0,0.040000000000000036,0.040000000000000036,False,1.0,False
25,464,0.10666666666666735,-0.06666666666666643,0.3466666666666667,0.4133333333333331,True,0.4555,False
25,465,0.06666666666666643,0.0,0.146999999999998,0.146999999999998,True,0.2675,False
25,466,0.13333333333333286,0.0,0.3600000000000003,0.3600000000000003,True,0.247,False
25,467,0.040000000000000036,0.0,0.10666666666666647,0.10666666666666647,True,0.488,False
25,468,0.013333333333332753,-0.2666666666666657,0.2933333333333339,0.5599999999999996,True,0.935,False
25,469,-0.08000000000000007,-0.30666666666666753,0.07999999999999918,0.3866666666666667,True,0.769,False
25,470,0.05333333333333368,-0.09333333333333371,0.28000000000000025,0.37333333333333396,True,0.9375,False
25,471,-0.026666666666667282,-0.08000000000000007,0.026666666666666394,0.10666666666666647,False,0.6235,False
25,472,-0.06666666666666643,-0.28000000000000025,0.08000000000000007,0.3600000000000003,True,1.0,False
25,473,0.1466666666666665,-0.18700000000000014,0.5199999999999996,0.7069999999999997,True,0.4405,False
25,474,0.1200000000000001,-0.05333333333333279,0.34699999999999903,0.4003333333333318,True,0.417,False
25,475,-0.013333333333333641,-0.08000000000000096,0.05333333333333279,0.13333333333333375,True,0.861,False
25,476,0.20000000000000018,0.026666666666667282,0.4666666666666668,0.4399999999999995,True,0.0635,False
25,477,-0.026666666666666394,-0.27999999999999936,0.1466666666666674,0.42666666666666675,True,0.9385,False
25,478,0.2666666666666666,0.026666666666667282,0.5866666666666669,0.5599999999999996,True,0.133,False
25,479,0.013333333333333641,-0.2666666666666666,0.30666666666666664,0.5733333333333333,True,1.0,False
25,480,-0.026666666666667282,-0.09333333333333371,0.026666666666667282,0.120000000000001,False,0.7485,False
25,481,0.0,-0.0800000000000001,0.08000000000000007,0.16000000000000017,True,1.0,False
25,482,0.1200000000000001,0.0,0.3600000000000003,0.3600000000000003,True,1.0,False
25,483,0.01333333333333453,-0.040000000000000036,0.08000000000000007,0.1200000000000001,True,1.0,False
25,484,0.01333333333333453,-0.040000000000000036,0.08000000000000007,0.1200000000000001,True,1.0,False
25,485,0.026666666666667282,0.0,0.08000000000000007,0.08000000000000007,True,1.0,False
25,486,-0.06666666666666643,-0.293333333333333,0.08000000000000007,0.3733333333333331,True,0.8675,False
25,487,0.013333333333332753,0.0,0.040000000000000036,0.040000000000000036,False,1.0,False
25,488,-0.09333333333333371,-0.3070000000000003,0.040000000000000036,0.3470000000000003,False,0.7,False
25,489,0.0,-0.08000000000000007,0.08000000000000007,0.16000000000000014,True,1.0,False
25,490,0.08000000000000007,-0.08000000000000007,0.30666666666666664,0.3866666666666667,True,0.7495,False
25,491,0.013333333333332753,-0.06666666666666732,0.09333333333333282,0.16000000000000014,True,1.0,False
25,492,0.10666666666666735,-0.026666666666666394,0.3200000000000012,0.34666666666666757,True,0.51,False
25,493,0.16000000000000014,0.0,0.42666666666666586,0.42666666666666586,True,0.254,False
25,494,0.05333333333333368,-0.1200000000000001,0.3333333333333339,0.45333333333333403,True,1.0,False
25,495,0.026666666666667282,0.0,0.08000000000000096,0.08000000000000096,True,1.0,False
25,496,0.16000000000000014,0.013333333333332753,0.3866666666666667,0.37333333333333396,True,0.124,False
25,497,0.1466666666666665,-0.026666666666666394,0.42666666666666675,0.45333333333333314,True,0.3595,False
25,498,0.013333333333332753,-0.06666666666666732,0.09333333333333371,0.16000000000000103,True,1.0,False
25,499,0.10666666666666647,-0.05333333333333368,0.3333333333333339,0.3866666666666676,True,0.496,False
50,0,-0.019999999999999574,-0.12666666666666782,0.05333333333333279,0.1800000000000006,True,1.0,False
50,1,0.09333333333333282,-0.07333333333333239,0.28000000000000025,0.3533333333333326,True,0.2985,False
50,2,0.01333333333333453,-0.019999999999999574,0.05333333333333368,0.07333333333333325,True,0.6825,False
50,3,0.026666666666666394,-0.11333333333333329,0.16000000000000103,0.2733333333333343,True,0.674,False
50,4,0.05333333333333368,-0.02666666666666817,0.17999999999999974,0.20666666666666791,True,0.443,False
50,5,0.08000000000000007,-0.086666666666666,0.2666666666666675,0.3533333333333335,True,0.3685,False
50,6,0.07333333333333236,-0.09999999999999967,0.2601666666666664,0.3601666666666661,True,0.426,False
50,7,0.06666666666666643,-0.026666666666665527,0.18666666666666742,0.21333333333333296,True,0.2725,False
50,8,0.08666666666666689,8.881784197001252e-16,0.21333333333333382,0.21333333333333293,True,0.0895,False
50,9,0.020000000000000462,-0.013333333333332753,0.06016666666666624,0.07349999999999898,True,0.502,False
50,10,0.10666666666666735,-0.013333333333333641,0.28666666666666707,0.3000000000000007,True,0.3335,False
50,11,-0.05333333333333368,-0.16000000000000014,0.013333333333332753,0.1733333333333329,False,0.5125,False
50,12,0.006666666666666821,-0.0333333333333341,0.05333333333333279,0.08666666666666689,True,1.0,False
50,13,0.08000000000000007,0.006666666666666821,0.19333333333333336,0.18666666666666654,True,0.1245,False
50,14,0.0666666666666682,-0.0066666666666659324,0.1800000000000006,0.18666666666666654,True,0.2425,False
50,15,0.0666666666666682,-0.0066666666666659324,0.17333333333333378,0.17999999999999972,True,0.2415,False
50,16,0.013333333333333641,-0.12016666666666732,0.15333333333333332,0.27350000000000063,True,0.8905,False
50,17,0.0333333333333341,-0.013333333333333641,0.08666666666666689,0.10000000000000053,True,0.2215,False
50,18,0.0,-0.1335000000000001,0.12666666666666693,0.260166666666667,True,1.0,False
50,19,-0.013333333333332753,-0.1333333333333329,0.07333333333333325,0.20666666666666614,True,0.9585,False
50,20,0.01333333333333453,-0.020000000000000462,0.05333333333333368,0.07333333333333414,True,0.6775,False
50,21,0.013333333333333641,-0.12666666666666693,0.15333333333333332,0.28000000000000025,True,0.863,False
50,22,-0.03333333333333233,-0.1533333333333342,0.05333333333333279,0.206666666666667,True,0.7835,False
50,23,0.05333333333333279,-0.02000000000000135,0.16666666666666696,0.1866666666666683,True,0.519,False
50,24,0.06666666666666732,-0.026666666666667282,0.206666666666667,0.23333333333333428,True,0.5075,False
50,25,-0.020000000000000462,-0.13999999999999968,0.0666666666666682,0.2066666666666679,True,0.8885,False
50,26,0.05999999999999872,-0.026666666666666415,0.1733333333333329,0.19999999999999932,True,0.3755,False
50,27,0.09333333333333371,0.013333333333333641,0.2066666666666679,0.19333333333333425,True,0.0665,False
50,28,0.10666666666666735,0.013333333333333641,0.2599999999999998,0.24666666666666615,True,0.0675,False
50,29,0.046666666666666856,-0.046666666666666856,0.19333333333333336,0.2400000000000002,True,0.8435,False
50,30,-0.04666666666666597,-0.15999999999999928,0.040000000000000036,0.19999999999999932,False,0.606,False
50,31,0.033333333333333215,-0.10016666666666689,0.1733333333333329,0.2734999999999998,True,0.6175,False
50,32,0.013333333333333641,-0.11333333333333243,0.10666666666666647,0.2199999999999989,True,0.846,False
50,33,0.08666666666666689,-0.013333333333333641,0.2333333333333334,0.24666666666666703,True,0.2345,False
50,34,0.10000000000000053,-0.0066666666666659324,0.25333333333333385,0.2599999999999998,True,0.15,False
50,35,0.05333333333333368,-0.006666666666666821,0.16016666666666673,0.16683333333333356,True,0.497,False
50,36,-0.026666666666666394,-0.1466666666666665,0.06666666666666732,0.21333333333333382,True,0.7905,False
50,37,0.026666666666667282,-0.026666666666666394,0.08000000000000007,0.10666666666666647,True,0.5085,False
50,38,0.020000000000000462,-0.12666666666666607,0.16000000000000014,0.2866666666666662,True,0.7555,False
50,39,-0.026666666666666394,-0.15333333333333332,0.05999999999999963,0.21333333333333296,True,0.831,False
50,40,0.046666666666666856,-0.10000000000000053,0.21333333333333293,0.31333333333333346,True,0.5655,False
50,41,0.046666666666666856,0.0,0.10000000000000053,0.10000000000000053,True,0.1115,False
50,42,0.06666666666666732,-0.026666666666665506,0.19333333333333336,0.21999999999999886,True,0.2845,False
50,43,-0.03333333333333233,-0.14683333333333373,0.05333333333333368,0.2001666666666674,True,0.7875,False
50,44,-0.013333333333333641,-0.15333333333333332,0.1200000000000001,0.27333333333333343,True,0.886,False
50,45,0.020000000000000462,-0.12683333333333327,0.19333333333333336,0.3201666666666666,True,0.796,False
50,46,0.05333333333333279,-0.033333333333333215,0.16666666666666696,0.20000000000000018,True,0.4575,False
50,47,0.09999999999999964,0.0,0.2533333333333321,0.2533333333333321,True,0.132,False
50,48,0.040000000000000924,-0.006666666666666821,0.09333333333333371,0.10000000000000053,True,0.174,False
50,49,0.06666666666666643,-0.013333333333333664,0.17999999999999974,0.1933333333333334,True,0.3095,False
50,50,0.020000000000000462,-0.13333333333333375,0.18666666666666654,0.3200000000000003,True,0.749,False
50,51,0.0,-0.14000000000000057,0.13333333333333375,0.2733333333333343,True,1.0,False
50,52,0.006666666666666821,-0.026666666666666394,0.040000000000000924,0.06666666666666732,False,0.868,False
50,53,0.0066666666666659324,-0.11999999999999922,0.09999999999999964,0.21999999999999886,True,0.9245,False
50,54,-0.026666666666666394,-0.1466666666666665,0.046666666666667744,0.19333333333333425,False,0.9295,False
50,55,0.0,-0.13333333333333375,0.13333333333333375,0.2666666666666675,True,1.0,False
50,56,0.05333333333333368,-0.1200000000000001,0.23333333333333342,0.3533333333333335,True,0.684,False
50,57,0.07333333333333325,-0.09333333333333371,0.26683333333333237,0.3601666666666661,True,0.4445,False
50,58,0.08666666666666689,-0.08000000000000007,0.2733333333333343,0.3533333333333344,True,0.2885,False
50,59,0.0333333333333341,0.0066666666666659324,0.07333333333333325,0.06666666666666732,True,0.1285,False
50,60,0.006666666666666821,-0.0333333333333341,0.05333333333333281,0.08666666666666692,True,1.0,False
50,61,0.0333333333333341,-0.1066666666666656,0.1800000000000006,0.2866666666666662,True,0.5775,False
50,62,0.0666666666666682,-0.0066666666666659324,0.18016666666666634,0.18683333333333227,True,0.2545,False
50,63,0.09333333333333371,0.013333333333333641,0.206666666666667,0.19333333333333336,True,0.062,False
50,64,0.020000000000000462,-0.13333333333333375,0.18666666666666742,0.3200000000000012,True,0.756,False
50,65,0.006666666666667709,-0.13333333333333375,0.13333333333333375,0.2666666666666675,True,1.0,False
50,66,0.09333333333333371,8.881784197001252e-16,0.2268333333333332,0.2268333333333323,True,0.1285,False
50,67,0.020000000000000462,-0.020000000000000462,0.0666666666666682,0.08666666666666867,True,0.434,False
50,68,0.013333333333331865,-0.14000000000000057,0.18666666666666654,0.3266666666666671,True,0.896,False
50,69,0.046666666666666856,0.0066666666666659324,0.09333333333333371,0.08666666666666778,True,0.135,False
50,70,0.1533333333333342,0.02000000000000135,0.3266666666666671,0.30666666666666575,True,0.0345,True
50,71,0.08000000000000007,-0.019999999999999574,0.2266666666666666,0.24666666666666617,True,0.2735,False
50,72,0.05333333333333368,-0.03333333333333235,0.16683333333333358,0.20016666666666594,True,0.452,False
50,73,0.0,-0.046666666666666856,0.046666666666666856,0.09333333333333371,False,1.0,False
50,74,-0.006666666666666821,-0.13999999999999968,0.13349999999999948,0.2734999999999992,True,1.0,False
50,75,0.040000000000000036,-0.10666666666666735,0.19999999999999932,0.30666666666666664,True,0.571,False
50,76,0.020000000000000462,-0.11333333333333329,0.1533333333333342,0.2666666666666675,True,0.7165,False
50,77,0.006666666666666821,-0.1333333333333329,0.1466666666666674,0.28000000000000025,True,1.0,False
50,78,0.08666666666666778,0.0,0.2266666666666666,0.2266666666666666,True,0.198,False
50,79,0.07333333333333414,-0.01333333333333453,0.19333333333333425,0.20666666666666877,True,0.2585,False
50,80,0.013333333333333641,-0.12666666666666607,0.15333333333333332,0.27999999999999936,True,0.9015,False
50,81,0.006666666666666821,-0.12666666666666693,0.14000000000000057,0.2666666666666675,True,1.0,False
50,82,0.1200000000000001,-0.013333333333333641,0.2933333333333339,0.30666666666666753,True,0.188,False
50,83,0.086666666666666,-0.013333333333333641,0.24666666666666703,0.2600000000000007,True,0.319,False
50,84,-0.019999999999999574,-0.13999999999999968,0.0600000000000005,0.20000000000000018,True,0.9135,False
50,85,0.06666666666666643,-0.019999999999999594,0.18666666666666654,0.20666666666666614,True,0.2965,False
50,86,0.033333333333333215,-0.013333333333333641,0.08666666666666689,0.10000000000000053,True,0.2415,False
50,87,0.13333333333333375,0.006666666666666821,0.3200000000000003,0.31333333333333346,True,0.125,False
50,88,0.09333333333333371,0.006666666666667709,0.2066666666666679,0.20000000000000018,True,0.0655,False
50,89,0.0,-0.040000000000000924,0.040000000000000924,0.08000000000000185,False,1.0,False
50,90,0.11333333333333329,-0.0066666666666659324,0.28016666666666684,0.2868333333333328,True,0.263,False
50,91,0.07333333333333414,-0.013333333333333641,0.20000000000000018,0.21333333333333382,True,0.222,False
50,92,-0.033333333333333215,-0.1466666666666674,0.040000000000000056,0.18666666666666745,False,0.831,False
50,93,0.0600000000000005,-0.026666666666666394,0.1800000000000006,0.206666666666667,True,0.3665,False
50,94,0.09999999999999964,-0.06666666666666643,0.2933333333333339,0.3600000000000003,True,0.286,False
50,95,0.11333333333333417,-0.0066666666666659324,0.28666666666666707,0.293333333333333,True,0.2445,False
50,96,-0.006666666666667709,-0.14000000000000057,0.13333333333333375,0.2733333333333343,True,1.0,False
50,97,0.046666666666666856,-0.10666666666666647,0.21333333333333382,0.3200000000000003,True,0.5535,False
50,98,0.08666666666666689,-0.040000000000000036,0.25333333333333385,0.2933333333333339,True,0.4475,False
50,99,0.07333333333333325,-0.09333333333333371,0.25333333333333385,0.34666666666666757,True,0.381,False
50,100,0.07333333333333325,-0.013333333333333664,0.19333333333333336,0.20666666666666703,True,0.2175,False
50,101,0.08666666666666689,0.0,0.2400000000000002,0.2400000000000002,True,0.1755,False
50,102,0.0333333333333341,-0.0066666666666659324,0.08666666666666778,0.09333333333333371,True,0.252,False
50,103,0.11333333333333329,-0.019999999999999574,0.28000000000000025,0.2999999999999998,True,0.2205,False
50,104,0.10666666666666647,-0.02000000000000135,0.2735,0.29350000000000137,True,0.3045,False
50,105,-8.881784197001252e-16,-0.04666666666666597,0.046666666666666856,0.09333333333333282,False,1.0,False
50,106,0.11333333333333329,0.020000000000000462,0.2599999999999998,0.23999999999999932,True,0.0435,True
50,107,0.0333333333333341,-0.013333333333332753,0.08666666666666778,0.10000000000000053,True,0.229,False
50,108,0.14000000000000057,0.013333333333333641,0.31333333333333346,0.2999999999999998,True,0.0665,False
50,109,-0.026666666666667282,-0.06666666666666643,0.006666666666666821,0.07333333333333325,False,0.2935,False
50,110,0.08000000000000007,-0.09333333333333282,0.2600000000000007,0.3533333333333335,True,0.3445,False
50,111,0.11333333333333329,-0.019999999999999574,0.28666666666666707,0.30666666666666664,True,0.2565,False
50,112,-0.026666666666666394,-0.1466666666666665,0.05999999999999961,0.2066666666666661,True,0.8255,False
50,113,0.0,-0.1200000000000001,0.09333333333333371,0.21333333333333382,True,0.9665,False
50,114,0.040000000000000924,-0.09999999999999964,0.17999999999999972,0.27999999999999936,True,0.5725,False
50,115,0.14000000000000057,0.01983333333333324,0.31333333333333346,0.2935000000000002,True,0.063,False
50,116,0.08000000000000007,-0.08666666666666692,0.2666666666666675,0.3533333333333344,True,0.4005,False
50,117,0.03999999999999915,-0.10666666666666735,0.1800000000000006,0.28666666666666796,True,0.596,False
50,118,8.881784197001252e-16,-0.05333333333333279,0.05333333333333368,0.10666666666666647,True,1.0,False
50,119,-0.046666666666666856,-0.16000000000000014,0.040000000000000036,0.20000000000000018,False,0.583,False
50,120,-0.013333333333333641,-0.05333333333333368,0.026666666666667282,0.08000000000000096,False,0.761,False
50,121,0.07333333333333325,0.0,0.19333333333333336,0.19333333333333336,True,0.1745,False
50,122,0.08666666666666689,-0.019999999999999574,0.23333333333333342,0.25333333333333297,True,0.2005,False
50,123,0.08000000000000007,-0.006666666666666821,0.20000000000000018,0.206666666666667,True,0.1875,False
50,124,0.053333333333334565,-0.026666666666666394,0.16666666666666696,0.19333333333333336,True,0.4855,False
50,125,0.0333333333333341,-0.11333333333333329,0.20000000000000018,0.31333333333333346,True,0.616,False
50,126,0.10666666666666735,-0.006666666666666821,0.28000000000000025,0.28666666666666707,True,0.3695,False
50,127,0.05999999999999961,-0.020000000000000483,0.1733333333333329,0.19333333333333338,True,0.4245,False
50,128,0.026666666666667282,-0.12016666666666646,0.19333333333333336,0.31349999999999983,True,0.6415,False
50,129,0.07999999999999918,-0.020000000000000462,0.2268333333333332,0.24683333333333365,True,0.2735,False
50,130,0.0600000000000005,-0.0333333333333341,0.20000000000000018,0.23333333333333428,True,0.6215,False
50,131,0.0,-0.14000000000000057,0.13349999999999948,0.2735000000000001,True,1.0,False
50,132,0.040000000000000036,-0.006666666666666821,0.09333333333333371,0.10000000000000053,True,0.1895,False
50,133,-0.040000000000000036,-0.15333333333333332,0.03999999999999915,0.19333333333333247,False,0.7545,False
50,134,0.0600000000000005,-0.02000000000000135,0.17333333333333378,0.19333333333333513,True,0.407,False
50,135,-0.026666666666666394,-0.1466666666666665,0.0600000000000005,0.206666666666667,True,0.849,False
50,136,0.12666666666666693,8.881784197001252e-16,0.2933333333333339,0.293333333333333,True,0.1035,False
50,137,0.046666666666666856,-0.09333333333333371,0.18666666666666654,0.28000000000000025,True,0.536,False
50,138,0.09333333333333371,-0.07333333333333325,0.280166666666666,0.35349999999999926,True,0.314,False
50,139,0.11333333333333417,0.013333333333333641,0.2600000000000007,0.24666666666666703,True,0.0435,True
50,140,0.053333333333334565,-0.026666666666666394,0.17333333333333378,0.20000000000000018,True,0.3,False
50,141,0.006666666666666821,-0.11333333333333329,0.09333333333333371,0.206666666666667,True,0.956,False
50,142,0.013333333333333641,-0.1399999999999988,0.1466666666666665,0.2866666666666653,True,0.899,False
50,143,0.08000000000000007,-0.09333333333333371,0.2733333333333343,0.36666666666666803,True,0.363,False
50,144,0.006666666666667709,-0.14000000000000057,0.13333333333333375,0.2733333333333343,True,1.0,False
50,145,0.0600000000000005,-0.11333333333333417,0.2400000000000002,0.3533333333333344,True,0.5975,False
50,146,0.020000000000000462,-0.1133333333333324,0.16000000000000014,0.27333333333333254,True,0.7055,False
50,147,0.040000000000000036,-0.09999999999999967,0.21333333333333293,0.3133333333333326,True,0.578,False
50,148,0.053333333333334565,-0.020000000000000462,0.166666666666667,0.18666666666666745,True,0.411,False
50,149,0.026666666666666394,-0.13333333333333375,0.20000000000000018,0.3333333333333339,True,0.6855,False
50,150,0.12666666666666693,-0.0066666666666659324,0.2999999999999998,0.30666666666666575,True,0.1595,False
50,151,0.05333333333333279,-0.11333333333333329,0.2400000000000002,0.3533333333333335,True,0.5915,False
50,152,0.033333333333333215,-0.1200000000000001,0.19333333333333425,0.31333333333333435,True,0.6075,False
50,153,0.10666666666666647,0.0066666666666659324,0.25333333333333297,0.24666666666666703,True,0.107,False
50,154,0.006666666666667709,-0.033333333333333215,0.05333333333333368,0.08666666666666689,True,0.6325,False
50,155,0.1200000000000001,-0.006666666666666821,0.28666666666666707,0.2933333333333339,True,0.1275,False
50,156,0.046666666666666856,-0.0333333333333341,0.1533333333333342,0.1866666666666683,True,0.5925,False
50,157,0.0600000000000005,-0.020000000000000462,0.17999999999999974,0.2000000000000002,True,0.399,False
50,158,0.033333333333333215,-0.09999999999999964,0.16666666666666607,0.2666666666666657,True,0.6015,False
50,159,-8.881784197001252e-16,-0.13333333333333375,0.14000000000000057,0.2733333333333343,True,1.0,False
50,160,0.10000000000000053,-0.08000000000000007,0.28016666666666684,0.3601666666666669,True,0.2815,False
50,161,0.06666666666666732,0.0,0.18666666666666742,0.18666666666666742,True,0.247,False
50,162,0.08000000000000007,0.0066666666666659324,0.19333333333333425,0.1866666666666683,True,0.1265,False
50,163,0.026666666666666394,-0.026666666666667282,0.08666666666666689,0.11333333333333417,True,0.453,False
50,164,0.1466666666666674,0.01333333333333453,0.31333333333333346,0.29999999999999893,True,0.0355,True
50,165,0.07333333333333325,-0.09333333333333282,0.2666666666666657,0.35999999999999854,True,0.459,False
50,166,0.1466666666666674,0.02000000000000135,0.32016666666666693,0.3001666666666656,True,0.036,True
50,167,0.020000000000000462,-0.026666666666667303,0.0666666666666682,0.09333333333333552,True,0.618,False
50,168,0.02000000000000135,-0.13333333333333286,0.18666666666666742,0.3200000000000003,True,0.762,False
50,169,0.033333333333333215,-0.026666666666666394,0.09333333333333371,0.1200000000000001,True,0.382,False
50,170,0.013333333333333641,-0.12666666666666604,0.1466666666666674,0.27333333333333343,True,0.7765,False
50,171,0.006666666666666821,-0.12666666666666693,0.1466666666666665,0.27333333333333343,True,1.0,False
50,172,0.053333333333334565,-0.026666666666667282,0.16666666666666696,0.19333333333333425,True,0.489,False
50,173,0.046666666666666856,-0.10666666666666647,0.20000000000000107,0.30666666666666753,True,0.5475,False
50,174,0.07333333333333236,-0.09333333333333371,0.2666666666666657,0.35999999999999943,True,0.4535,False
50,175,0.026666666666667282,-0.12666666666666693,0.19333333333333336,0.3200000000000003,True,0.7575,False
50,176,0.026666666666667282,-0.11333333333333417,0.16683333333333356,0.28016666666666773,True,0.675,False
50,177,0.07333333333333325,-0.08666666666666689,0.2599999999999998,0.3466666666666667,True,0.4385,False
50,178,0.05333333333333368,0.006666666666666821,0.10666666666666735,0.10000000000000053,True,0.0815,False
50,179,0.019999999999999574,-0.1200000000000001,0.16000000000000014,0.28000000000000025,True,0.764,False
50,180,0.07333333333333325,-0.006666666666666821,0.18683333333333316,0.19349999999999998,True,0.176,False
50,181,0.07333333333333325,-0.013333333333333641,0.19333333333333425,0.2066666666666679,True,0.237,False
50,182,-0.040000000000000036,-0.16016666666666737,0.046666666666666856,0.20683333333333423,False,0.6905,False
50,183,0.12666666666666693,0.0,0.3001666666666664,0.3001666666666664,True,0.156,False
50,184,0.0600000000000005,-0.10000000000000053,0.24666666666666703,0.34666666666666757,True,0.5975,False
50,185,0.08000000000000096,0.0,0.20000000000000018,0.20000000000000018,True,0.0825,False
50,186,0.046666666666666856,-0.040000000000000036,0.16016666666666676,0.2001666666666668,True,0.559,False
50,187,0.0600000000000005,-0.033333333333333215,0.20000000000000018,0.2333333333333334,True,0.6235,False
50,188,0.10666666666666735,-0.020000000000000462,0.28683333333333283,0.3068333333333333,True,0.3155,False
50,189,0.08666666666666689,-0.006666666666666821,0.22683333333333316,0.23349999999999999,True,0.1835,False
50,190,0.0,-0.15333333333333332,0.1733333333333329,0.3266666666666662,True,1.0,False
50,191,0.09333333333333371,0.013333333333332753,0.20666666666666614,0.19333333333333338,True,0.0595,False
50,192,0.08000000000000007,-0.019999999999999574,0.22666666666666746,0.24666666666666703,True,0.3195,False
50,193,0.12666666666666693,0.0,0.28666666666666707,0.28666666666666707,True,0.1275,False
50,194,0.026666666666666394,-0.11333333333333417,0.166666666666667,0.28000000000000114,True,0.667,False
50,195,0.12666666666666604,0.033333333333333215,0.27333333333333343,0.2400000000000002,True,0.0145,True
50,196,0.08000000000000007,-0.019999999999999574,0.22666666666666657,0.24666666666666615,True,0.3155,False
50,197,0.046666666666666856,-0.10666666666666647,0.21999999999999975,0.3266666666666662,True,0.5345,False
50,198,0.086666666666666,-0.0001666666666672206,0.2400000000000002,0.24016666666666744,True,0.19,False
50,199,0.08666666666666689,-0.0066666666666659324,0.20000000000000018,0.2066666666666661,True,0.0775,False
50,200,0.1466666666666674,0.026666666666666394,0.3135000000000001,0.2868333333333337,True,0.0485,True
50,201,-0.013333333333333641,-0.1466666666666674,0.1200000000000001,0.2666666666666675,True,0.8865,False
50,202,0.013333333333333641,-0.12016666666666646,0.15333333333333332,0.2734999999999998,True,0.847,False
50,203,0.026666666666666394,-0.11333333333333329,0.1733333333333338,0.28666666666666707,True,0.7515,False
50,204,0.16000000000000014,0.0333333333333341,0.3333333333333339,0.2999999999999998,True,0.0165,True
50,205,0.1200000000000001,0.0,0.3000000000000007,0.3000000000000007,True,0.1795,False
50,206,-0.0066666666666659324,-0.12666666666666693,0.08666666666666689,0.21333333333333382,True,1.0,False
50,207,0.086666666666666,0.0066666666666659324,0.21999999999999975,0.21333333333333382,True,0.138,False
50,208,-0.0600000000000005,-0.16666666666666696,0.013333333333333641,0.1800000000000006,False,0.3645,False
50,209,0.006666666666665044,-0.12666666666666693,0.15333333333333332,0.28000000000000025,True,0.95,False
50,210,0.026666666666667282,-0.013333333333333641,0.07333333333333414,0.08666666666666778,True,0.3545,False
50,211,-0.0066666666666659324,-0.13333333333333286,0.08000000000000007,0.21333333333333293,True,1.0,False
50,212,0.08666666666666778,-0.07999999999999918,0.27333333333333343,0.3533333333333326,True,0.356,False
50,213,-0.01333333333333453,-0.16000000000000014,0.1200000000000001,0.28000000000000025,True,0.84,False
50,214,0.07333333333333414,-0.013333333333332753,0.19349999999999995,0.2068333333333327,True,0.253,False
50,215,0.046666666666666856,-0.10666666666666735,0.206666666666667,0.31333333333333435,True,0.567,False
50,216,0.0,-0.046666666666666856,0.046666666666666856,0.09333333333333371,False,1.0,False
50,217,0.07333333333333325,-0.026666666666665527,0.21999999999999975,0.24666666666666529,True,0.327,False
50,218,-0.06666666666666643,-0.18666666666666654,0.013333333333333641,0.20000000000000018,False,0.289,False
50,219,0.05333333333333368,-0.09333333333333371,0.22000000000000064,0.31333333333333435,True,0.5635,False
50,220,0.09333333333333371,0.0,0.2401666666666668,0.2401666666666668,True,0.1035,False
50,221,0.06666666666666732,-0.10666666666666735,0.2666666666666675,0.37333333333333485,True,0.4945,False
50,222,-0.006666666666666821,-0.14000000000000057,0.13333333333333375,0.2733333333333343,True,1.0,False
50,223,0.040000000000000924,-0.04666666666666597,0.16000000000000014,0.2066666666666661,True,0.5385,False
50,224,-0.03999999999999915,-0.1466666666666665,0.026666666666667282,0.17333333333333378,False,0.7525,False
50,225,0.14000000000000057,0.0,0.31333333333333435,0.31333333333333435,True,0.09,False
50,226,0.03999999999999915,-0.040000000000000036,0.15999999999999928,0.19999999999999932,True,0.685,False
50,227,0.08000000000000007,-0.020000000000000462,0.21999999999999975,0.2400000000000002,True,0.3035,False
50,228,0.04666666666666597,-0.09333333333333282,0.17999999999999972,0.27333333333333254,True,0.5105,False
50,229,0.1466666666666674,0.013333333333333641,0.3266666666666671,0.31333333333333346,True,0.0635,False
50,230,0.09999999999999876,-0.026666666666666394,0.27333333333333254,0.29999999999999893,True,0.3515,False
50,231,-0.040000000000000924,-0.15333333333333332,0.0333333333333341,0.18666666666666742,False,0.742,False
50,232,0.07333333333333414,-0.006666666666666821,0.19333333333333338,0.2000000000000002,True,0.1745,False
50,233,0.033333333333333215,-0.10683333333333368,0.2001666666666659,0.3069999999999996,True,0.6875,False
50,234,0.10000000000000053,-0.019999999999999574,0.2733333333333343,0.2933333333333339,True,0.2745,False
50,235,-0.03333333333333233,-0.15333333333333332,0.05333333333333281,0.20666666666666614,True,0.7875,False
50,236,-0.026666666666666394,-0.14683333333333284,0.0600000000000005,0.20683333333333334,True,0.8045,False
50,237,0.08666666666666689,8.881784197001252e-16,0.20000000000000018,0.1999999999999993,True,0.0805,False
50,238,0.13333333333333375,0.006666666666667709,0.2933333333333339,0.2866666666666662,True,0.0975,False
50,239,0.033333333333333215,-0.1133333333333324,0.18666666666666742,0.2999999999999998,True,0.6325,False
50,240,0.046666666666666856,-0.1133333333333324,0.21999999999999975,0.33333333333333215,True,0.5885,False
50,241,0.08666666666666689,-0.013333333333333641,0.22666666666666657,0.2400000000000002,True,0.244,False
50,242,0.14000000000000057,0.013333333333334507,0.31333333333333346,0.29999999999999893,True,0.0535,False
50,243,-0.020000000000000462,-0.13999999999999968,0.0666666666666682,0.2066666666666679,True,0.857,False
50,244,0.08666666666666689,-0.006666666666666821,0.206666666666667,0.21333333333333382,True,0.144,False
50,245,-0.006666666666666821,-0.1466666666666665,0.12666666666666695,0.27333333333333343,True,1.0,False
50,246,0.07333333333333414,-0.08683333333333411,0.26016666666666644,0.34700000000000053,True,0.4285,False
50,247,0.086666666666666,-0.07333333333333325,0.2666666666666675,0.34000000000000075,True,0.356,False
50,248,0.06666666666666732,-0.09999999999999964,0.2666666666666666,0.36666666666666625,True,0.407,False
50,249,0.1200000000000001,-0.006666666666667709,0.2933333333333339,0.3000000000000016,True,0.2035,False
50,250,0.06666666666666643,-0.08666666666666603,0.22666666666666657,0.3133333333333326,True,0.4725,False
50,251,0.08666666666666689,-0.019999999999998706,0.2400000000000002,0.2599999999999989,True,0.174,False
50,252,0.09333333333333282,-0.0333333333333341,0.27333333333333343,0.30666666666666753,True,0.367,False
50,253,0.1200000000000001,-0.05333333333333368,0.31333333333333435,0.36666666666666803,True,0.23,False
50,254,-0.0066666666666659324,-0.12666666666666693,0.0800000000000001,0.20666666666666703,True,1.0,False
50,255,0.053333333333334565,-0.026666666666666394,0.16666666666666696,0.19333333333333336,True,0.302,False
50,256,0.06666666666666732,-0.10683333333333282,0.24683333333333363,0.35366666666666646,True,0.4705,False
50,257,0.06666666666666643,-0.020000000000000462,0.206666666666667,0.22666666666666746,True,0.42,False
50,258,0.026666666666667282,-0.033333333333333215,0.086666666666666,0.11999999999999922,True,0.462,False
50,259,0.08666666666666689,-0.08666666666666689,0.2666666666666666,0.3533333333333335,True,0.3435,False
50,260,0.06666666666666643,-0.019999999999999594,0.19333333333333336,0.21333333333333296,True,0.319,False
50,261,0.013333333333333641,-0.04016666666666639,0.07333333333333325,0.11349999999999964,True,0.648,False
50,262,0.026666666666666394,-0.13333333333333375,0.19333333333333336,0.3266666666666671,True,0.731,False
50,263,0.08000000000000007,-0.09333333333333371,0.26683333333333326,0.36016666666666697,True,0.379,False
50,264,0.08000000000000007,-0.020000000000000462,0.21333333333333382,0.23333333333333428,True,0.3155,False
50,265,0.120000000000001,0.0,0.28000000000000025,0.28000000000000025,True,0.197,False
50,266,0.013333333333333641,-0.12666666666666604,0.1533333333333342,0.28000000000000025,True,0.9015,False
50,267,0.01333333333333453,-0.12666666666666604,0.1466666666666674,0.27333333333333343,True,0.7585,False
50,268,-0.006666666666667709,-0.12666666666666693,0.09333333333333371,0.22000000000000064,True,0.9995,False
50,269,-0.006666666666666821,-0.12666666666666693,0.07333333333333414,0.20000000000000107,True,0.984,False
50,270,0.01333333333333453,-0.13333333333333286,0.18666666666666742,0.3200000000000003,True,0.766,False
50,271,0.09333333333333371,0.0066666666666659324,0.23999999999999935,0.23333333333333342,True,0.1315,False
50,272,0.01333333333333453,-0.1333333333333329,0.17999999999999972,0.3133333333333326,True,1.0,False
50,273,0.08000000000000007,0.006666666666666821,0.19333333333333336,0.18666666666666654,True,0.1245,False
50,274,0.11333333333333417,-0.0066666666666659324,0.27333333333333343,0.27999999999999936,True,0.2565,False
50,275,0.020000000000000462,-0.006666666666666843,0.05333333333333368,0.06000000000000052,True,0.486,False
50,276,-0.019999999999999574,-0.13999999999999968,0.06666666666666643,0.2066666666666661,True,0.929,False
50,277,0.14000000000000057,0.020000000000000462,0.3266666666666671,0.30666666666666664,True,0.066,False
50,278,0.11999999999999922,-8.881784197001252e-16,0.2999999999999998,0.3000000000000007,True,0.197,False
50,279,0.12666666666666693,-0.0001666666666672206,0.2999999999999998,0.300166666666667,True,0.164,False
50,280,-0.033333333333333215,-0.13999999999999968,0.04016666666666664,0.1801666666666663,False,0.8775,False
50,281,0.013333333333332753,-0.12666666666666693,0.17333333333333378,0.3000000000000007,True,0.8065,False
50,282,0.08000000000000007,-0.020000000000000462,0.2333333333333334,0.25333333333333385,True,0.2845,False
50,283,0.03333333333333233,-0.09333333333333374,0.17349999999999952,0.26683333333333326,True,0.6225,False
50,284,0.040000000000000036,-0.10666666666666735,0.20000000000000018,0.30666666666666753,True,0.584,False
50,285,0.026666666666666394,-0.1200000000000001,0.17333333333333378,0.2933333333333339,True,0.69,False
50,286,0.09333333333333371,-0.07333333333333328,0.28000000000000025,0.3533333333333335,True,0.307,False
50,287,0.08000000000000096,-0.019999999999998706,0.22666666666666657,0.24666666666666529,True,0.3045,False
50,288,0.11333333333333329,0.019999999999999574,0.2534999999999996,0.23350000000000004,True,0.035,True
50,289,0.0600000000000005,-0.03350000000000043,0.21333333333333382,0.24683333333333424,True,0.4995,False
50,290,0.0533333333333319,-0.1200000000000001,0.2400000000000002,0.3600000000000003,True,0.6425,False
50,291,-0.006666666666666821,-0.1200000000000001,0.08683333333333262,0.20683333333333273,True,1.0,False
50,292,0.1200000000000001,-0.006666666666666821,0.2933333333333339,0.3000000000000007,True,0.208,False
50,293,0.046666666666666856,-0.0333333333333341,0.166666666666667,0.2000000000000011,True,0.5905,False
50,294,-0.04666666666666597,-0.16000000000000017,0.040000000000000924,0.2000000000000011,False,0.591,False
50,295,0.08000000000000007,8.881784197001252e-16,0.20000000000000018,0.1999999999999993,True,0.121,False
50,296,0.08666666666666778,0.0,0.23333333333333342,0.23333333333333342,True,0.143,False
50,297,0.040000000000000036,0.0,0.09333333333333371,0.09333333333333371,True,0.185,False
50,298,0.07333333333333325,-0.09999999999999964,0.26683333333333326,0.3668333333333329,True,0.4425,False
50,299,0.02000000000000135,-0.1200000000000001,0.16000000000000014,0.28000000000000025,True,0.733,False
50,300,0.040000000000000036,-0.10666666666666647,0.21999999999999975,0.3266666666666662,True,0.673,False
50,301,0.0,-0.046666666666666856,0.046666666666666856,0.09333333333333371,False,1.0,False
50,302,0.11333333333333417,-0.06666666666666643,0.30666666666666664,0.3733333333333331,True,0.239,False
50,303,-0.020000000000000462,-0.14000000000000057,0.07333333333333239,0.21333333333333296,True,0.876,False
50,304,0.040000000000000924,-0.033333333333333215,0.15333333333333332,0.18666666666666654,True,0.5685,False
50,305,0.08000000000000007,-0.01333333333333453,0.21999999999999975,0.23333333333333428,True,0.309,False
50,306,-0.019999999999999574,-0.13999999999999968,0.0600000000000005,0.20000000000000018,True,0.945,False
50,307,0.05333333333333279,-0.08000000000000096,0.19333333333333336,0.2733333333333343,True,0.493,False
50,308,0.07333333333333414,-0.09333333333333196,0.27333333333333254,0.3666666666666645,True,0.4575,False
50,309,0.046666666666666856,-0.026833333333334482,0.15999999999999928,0.18683333333333377,True,0.6265,False
50,310,0.08666666666666689,-0.013333333333333641,0.22666666666666657,0.2400000000000002,True,0.238,False
50,311,0.06666666666666643,-0.09333333333333371,0.2600000000000007,0.3533333333333344,True,0.466,False
50,312,0.033333333333333215,-0.026666666666667282,0.09333333333333371,0.120000000000001,True,0.332,False
50,313,0.08000000000000007,-0.08666666666666692,0.2599999999999998,0.3466666666666667,True,0.3495,False
50,314,0.120000000000001,-0.006666666666667709,0.2999999999999998,0.30666666666666753,True,0.186,False
50,315,0.08666666666666689,-0.07999999999999918,0.28000000000000025,0.35999999999999943,True,0.368,False
50,316,0.08000000000000007,0.0066666666666659324,0.19333333333333336,0.18666666666666742,True,0.1255,False
50,317,0.033333333333333215,-0.09999999999999964,0.1733333333333329,0.27333333333333254,True,0.6205,False
50,318,0.0533333333333319,-0.11999999999999925,0.24666666666666703,0.36666666666666625,True,0.651,False
50,319,0.0066666666666659324,-0.13333333333333375,0.1466666666666674,0.28000000000000114,True,0.9545,False
50,320,0.019999999999999574,-0.013333333333332753,0.05999999999999961,0.07333333333333236,True,0.502,False
50,321,0.033333333333333215,-0.12666666666666604,0.20000000000000018,0.3266666666666662,True,0.697,False
50,322,0.006666666666666821,-0.13333333333333286,0.14000000000000057,0.27333333333333343,True,0.94,False
50,323,0.06666666666666732,-0.006666666666666821,0.19333333333333425,0.20000000000000107,True,0.223,False
50,324,0.08000000000000007,0.0,0.2000000000000002,0.2000000000000002,True,0.1095,False
50,325,0.08666666666666778,-0.08000000000000007,0.28000000000000025,0.3600000000000003,True,0.303,False
50,326,0.013333333333333641,-0.13333333333333375,0.1800000000000006,0.31333333333333435,True,0.909,False
50,327,0.006666666666667709,-0.040000000000000036,0.053499999999999416,0.09349999999999944,True,1.0,False
50,328,0.15333333333333332,0.020000000000000462,0.3333333333333339,0.31333333333333346,True,0.025,True
50,329,0.006666666666666821,-0.0333333333333341,0.05333333333333279,0.08666666666666689,True,1.0,False
50,330,0.05999999999999961,-0.033333333333333215,0.2066666666666661,0.23999999999999932,True,0.577,False
50,331,0.12666666666666693,-0.006666666666665955,0.28666666666666707,0.293333333333333,True,0.1435,False
50,332,0.10666666666666735,-0.019999999999998706,0.2866666666666662,0.30666666666666487,True,0.321,False
50,333,0.020000000000000462,-0.020000000000000462,0.06666666666666643,0.08666666666666689,True,0.4505,False
50,334,0.026666666666667282,-0.1133333333333324,0.16666666666666696,0.27999999999999936,True,0.646,False
50,335,0.06666666666666643,-0.10000000000000053,0.2666666666666666,0.36666666666666714,True,0.456,False
50,336,0.16666666666666696,0.040000000000000036,0.3333333333333339,0.2933333333333339,True,0.015,True
50,337,0.08000000000000096,0.0,0.19333333333333336,0.19333333333333336,True,0.1015,False
50,338,0.07333333333333325,-0.10666666666666647,0.2666666666666666,0.3733333333333331,True,0.4245,False
50,339,0.09333333333333371,-0.086666666666666,0.293333333333333,0.379999999999999,True,0.3005,False
50,340,0.013333333333333641,-0.040000000000000036,0.06666666666666735,0.10666666666666738,True,0.7495,False
50,341,0.053333333333334565,-0.033333333333333215,0.16666666666666696,0.20000000000000018,True,0.5165,False
50,342,0.040000000000000036,-0.1200000000000001,0.21333333333333382,0.3333333333333339,True,0.6095,False
50,343,0.13333333333333375,0.013333333333333641,0.30016666666666647,0.28683333333333283,True,0.0835,False
50,344,-0.019999999999999574,-0.13999999999999968,0.0600000000000005,0.20000000000000018,True,0.8715,False
50,345,0.06666666666666554,-0.09999999999999964,0.25333333333333385,0.3533333333333335,True,0.471,False
50,346,0.07333333333333325,-0.026666666666666394,0.22666666666666657,0.25333333333333297,True,0.425,False
50,347,0.09999999999999964,0.0,0.25333333333333297,0.25333333333333297,True,0.134,False
50,348,0.08000000000000096,8.881784197001252e-16,0.20000000000000018,0.1999999999999993,True,0.095,False
50,349,0.06666666666666732,-0.09999999999999967,0.2600000000000007,0.3600000000000003,True,0.492,False
50,350,0.046666666666666856,-0.12666666666666693,0.23333333333333342,0.3600000000000003,True,0.7065,False
50,351,0.09333333333333371,0.013333333333333641,0.206666666666667,0.19333333333333336,True,0.06,False
50,352,8.881784197001252e-16,-0.13333333333333375,0.13333333333333378,0.2666666666666675,True,1.0,False
50,353,0.120000000000001,-0.0066666666666659324,0.2801666666666669,0.28683333333333283,True,0.124,False
50,354,0.0600000000000005,-0.019999999999999574,0.1800000000000006,0.20000000000000018,True,0.2685,False
50,355,0.09333333333333371,-0.006666666666666821,0.23333333333333428,0.2400000000000011,True,0.18,False
50,356,0.08000000000000007,0.0,0.20000000000000018,0.20000000000000018,True,0.0965,False
50,357,0.09333333333333371,0.013333333333333641,0.206666666666667,0.19333333333333336,True,0.0625,False
50,358,0.046666666666666856,-0.026666666666667282,0.16666666666666696,0.19333333333333425,True,0.496,False
50,359,0.16000000000000103,0.0333333333333341,0.33333333333333304,0.29999999999999893,True,0.023,True
50,360,0.0333333333333341,-0.013333333333332753,0.08666666666666778,0.10000000000000053,True,0.216,False
50,361,0.0,-0.13333333333333375,0.14000000000000057,0.2733333333333343,True,1.0,False
50,362,0.08000000000000007,0.0,0.19333333333333336,0.19333333333333336,True,0.1355,False
50,363,0.07333333333333325,-0.10666666666666647,0.25333333333333385,0.3600000000000003,True,0.4745,False
50,364,8.881784197001252e-16,-0.12016666666666732,0.0868333333333335,0.20700000000000082,True,1.0,False
50,365,0.08666666666666778,0.0,0.22666666666666746,0.22666666666666746,True,0.188,False
50,366,0.0600000000000005,-0.013333333333332753,0.17333333333333378,0.18666666666666654,True,0.3615,False
50,367,0.10000000000000053,-0.006666666666666821,0.25333333333333385,0.2600000000000007,True,0.1345,False
50,368,0.07333333333333325,-0.026666666666666394,0.2199999999999989,0.24666666666666529,True,0.379,False
50,369,-0.006666666666666821,-0.1466666666666674,0.12666666666666693,0.2733333333333343,True,0.935,False
50,370,-0.046666666666666856,-0.16000000000000014,0.03333333333333233,0.19333333333333247,False,0.633,False
50,371,-0.026666666666667282,-0.14000000000000057,0.060000000000001386,0.20000000000000195,True,0.832,False
50,372,-0.03999999999999915,-0.16000000000000014,0.046666666666667744,0.2066666666666679,False,0.6745,False
50,373,0.05999999999999961,-0.08666666666666689,0.22666666666666657,0.31333333333333346,True,0.5035,False
50,374,0.16000000000000014,0.040000000000000036,0.3266666666666671,0.28666666666666707,True,0.015,True
50,375,0.07333333333333325,-0.026666666666667303,0.22666666666666746,0.25333333333333474,True,0.386,False
50,376,0.13333333333333375,0.0066666666666659324,0.3200000000000003,0.31333333333333435,True,0.1095,False
50,377,0.08000000000000007,-0.09999999999999964,0.2733333333333343,0.37333333333333396,True,0.439,False
50,378,0.08000000000000007,0.0066666666666659324,0.20000000000000018,0.19333333333333425,True,0.129,False
50,379,-0.006666666666666821,-0.15333333333333332,0.16016666666666587,0.3134999999999992,True,0.9085,False
50,380,0.033333333333333215,-0.013333333333332776,0.08666666666666689,0.09999999999999967,True,0.2185,False
50,381,0.09333333333333371,0.013333333333333619,0.206666666666667,0.19333333333333338,True,0.064,False
50,382,0.14000000000000057,0.01333333333333453,0.30666666666666664,0.2933333333333321,True,0.0585,False
50,383,-0.0066666666666659324,-0.046666666666666856,0.0333333333333341,0.08000000000000096,False,1.0,False
50,384,0.1200000000000001,-0.006666666666666821,0.2933333333333339,0.3000000000000007,True,0.1995,False
50,385,0.1200000000000001,0.020000000000000462,0.27333333333333343,0.25333333333333297,True,0.038,True
50,386,0.11333333333333417,0.020000000000000462,0.2599999999999998,0.23999999999999932,True,0.038,True
50,387,0.07999999999999918,-0.013333333333332753,0.2000000000000002,0.21333333333333296,True,0.172,False
50,388,0.07333333333333325,-0.09999999999999964,0.27333333333333343,0.3733333333333331,True,0.479,False
50,389,0.046666666666666856,-0.013333333333332753,0.1466666666666665,0.15999999999999925,True,0.751,False
50,390,0.13333333333333375,0.006666666666666821,0.28666666666666707,0.28000000000000025,True,0.1195,False
50,391,0.03333333333333233,-0.026666666666666394,0.09999999999999964,0.12666666666666604,True,0.3255,False
50,392,0.0,-0.026666666666666394,0.026666666666667282,0.05333333333333368,False,1.0,False
50,393,0.14000000000000057,0.019999999999999574,0.31333333333333435,0.2933333333333348,True,0.058,False
50,394,0.02000000000000135,-0.019999999999999574,0.06666666666666732,0.08666666666666689,True,0.447,False
50,395,0.06666666666666643,-0.03333333333333235,0.21333333333333296,0.2466666666666653,True,0.493,False
50,396,0.06666666666666643,-0.026666666666667282,0.21999999999999975,0.24666666666666703,True,0.521,False
50,397,0.07333333333333325,-0.019999999999999574,0.2066666666666661,0.22666666666666568,True,0.1945,False
50,398,0.0066666666666659324,-0.13999999999999968,0.18666666666666654,0.3266666666666662,True,0.953,False
50,399,0.05999999999999961,-0.026666666666667282,0.17333333333333378,0.20000000000000107,True,0.3725,False
50,400,0.08000000000000007,-0.08000000000000007,0.2599999999999998,0.33999999999999986,True,0.319,False
50,401,0.02666666666666817,-0.11333333333333329,0.16666666666666696,0.28000000000000025,True,0.6135,False
50,402,-0.013333333333332753,-0.12666666666666693,0.07333333333333325,0.20000000000000018,True,0.9665,False
50,403,0.10666666666666735,-0.019999999999999594,0.28000000000000025,0.2999999999999998,True,0.296,False
50,404,0.05333333333333368,-0.026666666666667282,0.1668333333333327,0.19349999999999998,True,0.4945,False
50,405,0.09333333333333371,0.006666666666666821,0.2335,0.2268333333333332,True,0.1195,False
50,406,0.019999999999999574,-0.13333333333333286,0.18666666666666742,0.3200000000000003,True,0.784,False
50,407,8.881784197001252e-16,-0.1200000000000001,0.09333333333333282,0.21333333333333293,True,1.0,False
50,408,0.07333333333333414,0.0,0.1800000000000006,0.1800000000000006,True,0.15,False
50,409,0.06666666666666732,-0.03333333333333233,0.21999999999999975,0.2533333333333321,True,0.442,False
50,410,0.11333333333333417,0.02000000000000044,0.25333333333333385,0.23333333333333342,True,0.03,True
50,411,0.09333333333333371,-0.0333333333333341,0.2666666666666675,0.3000000000000016,True,0.4355,False
50,412,0.020000000000000462,-0.13333333333333286,0.19333333333333336,0.3266666666666662,True,0.7245,False
50,413,0.1466666666666665,0.013333333333333641,0.3266666666666671,0.31333333333333346,True,0.064,False
50,414,0.05333333333333279,-0.033333333333333215,0.1733333333333329,0.2066666666666661,True,0.4385,False
50,415,-0.026666666666665506,-0.13999999999999968,0.05333333333333368,0.19333333333333336,True,0.871,False
50,416,0.05333333333333368,-0.09333333333333371,0.19333333333333336,0.28666666666666707,True,0.4795,False
50,417,0.08666666666666689,-0.08000000000000007,0.27333333333333343,0.3533333333333335,True,0.321,False
50,418,0.05999999999999961,-0.026666666666667282,0.17999999999999972,0.206666666666667,True,0.3905,False
50,419,0.15333333333333332,0.019999999999999574,0.3333333333333339,0.31333333333333435,True,0.032,True
50,420,0.013333333333332753,-0.10666666666666558,0.09999999999999964,0.20666666666666522,True,0.9075,False
50,421,0.08666666666666689,-0.0333333333333341,0.24666666666666703,0.28000000000000114,True,0.47,False
50,422,0.040000000000000924,-0.006666666666666821,0.09333333333333371,0.10000000000000053,True,0.168,False
50,423,0.046666666666666856,-0.040000000000000924,0.18016666666666634,0.22016666666666726,True,0.8445,False
50,424,0.013333333333333641,-0.0333333333333341,0.05999999999999961,0.09333333333333371,True,0.775,False
50,425,0.09333333333333371,-0.06683333333333365,0.28000000000000025,0.3468333333333339,True,0.3615,False
50,426,0.08666666666666689,-0.07999999999999918,0.2733333333333343,0.3533333333333335,True,0.343,False
50,427,0.06666666666666732,-0.10666666666666735,0.2599999999999998,0.36666666666666714,True,0.486,False
50,428,0.0,-0.040000000000000036,0.040000000000000924,0.08000000000000096,False,1.0,False
50,429,0.08000000000000007,-0.09333333333333371,0.27333333333333343,0.36666666666666714,True,0.4275,False
50,430,0.14000000000000057,0.02000000000000135,0.3200000000000012,0.2999999999999998,True,0.066,False
50,431,0.16000000000000103,0.033333333333333215,0.3200000000000012,0.28666666666666796,True,0.022,True
50,432,0.0600000000000005,-0.026666666666667282,0.20000000000000018,0.22666666666666746,True,0.511,False
50,433,0.026666666666666394,-0.026666666666666394,0.08000000000000007,0.10666666666666647,True,0.4595,False
50,434,0.09333333333333371,0.0,0.20666666666666703,0.20666666666666703,True,0.1075,False
50,435,0.026666666666667282,-0.1200000000000001,0.17999999999999972,0.2999999999999998,True,0.732,False
50,436,0.10000000000000053,0.006666666666666821,0.2400000000000002,0.2333333333333334,True,0.0815,False
50,437,0.08666666666666689,-0.09333333333333282,0.293333333333333,0.3866666666666658,True,0.3845,False
50,438,0.026666666666667282,-0.013333333333333641,0.07333333333333414,0.08666666666666778,True,0.336,False
50,439,-0.02000000000000135,-0.16000000000000014,0.11333333333333329,0.27333333333333343,True,0.743,False
50,440,0.08000000000000007,-0.08683333333333322,0.25333333333333385,0.34016666666666706,True,0.4235,False
50,441,0.07333333333333325,-0.09333333333333282,0.2668333333333332,0.360166666666666,True,0.4125,False
50,442,0.10666666666666735,-0.013333333333332753,0.28000000000000114,0.2933333333333339,True,0.2425,False
50,443,0.07999999999999918,-0.026666666666666394,0.2333333333333334,0.2599999999999998,True,0.272,False
50,444,0.09333333333333371,-0.07333333333333325,0.2733333333333343,0.34666666666666757,True,0.307,False
50,445,-0.019999999999999574,-0.04666666666666597,0.0,0.04666666666666597,False,0.236,False
50,446,0.09999999999999964,0.019999999999999574,0.206666666666667,0.18666666666666742,True,0.028,True
50,447,0.09333333333333371,-0.026666666666666394,0.2599999999999998,0.2866666666666662,True,0.505,False
50,448,0.11333333333333417,-0.05999999999999961,0.2999999999999998,0.35999999999999943,True,0.2505,False
50,449,0.09333333333333371,-0.006666666666667709,0.24666666666666703,0.25333333333333474,True,0.187,False
50,450,0.040000000000000924,-0.0066666666666659324,0.09999999999999964,0.10666666666666558,True,0.162,False
50,451,-0.006666666666666821,-0.12666666666666693,0.08666666666666689,0.21333333333333382,True,0.992,False
50,452,0.0600000000000005,0.006666666666666821,0.120000000000001,0.11333333333333417,True,0.051,False
50,453,0.08000000000000007,8.881784197001252e-16,0.20000000000000018,0.1999999999999993,True,0.121,False
50,454,-0.013333333333333641,-0.13333333333333286,0.07333333333333414,0.206666666666667,True,0.9395,False
50,455,0.0,-0.019999999999999574,0.019999999999999574,0.03999999999999915,False,1.0,False
50,456,0.05333333333333368,-0.019999999999999574,0.16666666666666696,0.18666666666666654,True,0.462,False
50,457,0.06666666666666732,-0.026666666666666394,0.21349999999999955,0.24016666666666595,True,0.5005,False
50,458,0.026666666666667282,-0.013333333333333641,0.07333333333333414,0.08666666666666778,True,0.34,False
50,459,0.10000000000000053,-0.026666666666666394,0.2600000000000007,0.28666666666666707,True,0.3705,False
50,460,0.040000000000000924,-0.10666666666666647,0.20000000000000018,0.30666666666666664,True,0.5995,False
50,461,-0.03999999999999915,-0.16000000000000014,0.046666666666666856,0.206666666666667,False,0.7125,False
50,462,0.16000000000000103,0.0333333333333341,0.34000000000000075,0.30666666666666664,True,0.0205,True
50,463,0.10000000000000053,-0.0066666666666659324,0.24666666666666615,0.2533333333333321,True,0.13,False
50,464,0.040000000000000036,-0.0066666666666659324,0.09333333333333371,0.09999999999999964,True,0.162,False
50,465,-0.04666666666666597,-0.16666666666666607,0.02000000000000135,0.18666666666666742,False,0.613,False
50,466,0.07333333333333414,-0.09333333333333371,0.2600000000000007,0.3533333333333344,True,0.439,False
50,467,0.046666666666666856,-0.033333333333333215,0.16666666666666696,0.20000000000000018,True,0.592,False
50,468,0.0333333333333341,-0.12016666666666646,0.206666666666667,0.3268333333333335,True,0.6045,False
50,469,0.12666666666666604,0.0,0.2999999999999998,0.2999999999999998,True,0.1535,False
50,470,0.08666666666666689,-0.006666666666666821,0.2400000000000002,0.24666666666666703,True,0.175,False
50,471,0.1200000000000001,-0.006666666666667709,0.2933333333333339,0.3000000000000016,True,0.1855,False
50,472,0.01333333333333453,-0.0333333333333341,0.06666666666666643,0.10000000000000053,True,0.811,False
50,473,0.09333333333333371,-0.08000000000000007,0.27333333333333343,0.3533333333333335,True,0.3075,False
50,474,0.09333333333333371,-0.026666666666667282,0.26016666666666644,0.2868333333333337,True,0.4475,False
50,475,0.013333333333332753,-0.1200000000000001,0.15333333333333332,0.27333333333333343,True,0.87,False
50,476,0.03999999999999915,-0.1200000000000001,0.20016666666666677,0.3201666666666669,True,0.6215,False
50,477,0.120000000000001,0.0,0.293333333333333,0.293333333333333,True,0.195,False
50,478,0.1200000000000001,-0.006666666666667709,0.293333333333333,0.3000000000000007,True,0.2075,False
50,479,0.11333333333333417,-0.013333333333332753,0.28000000000000025,0.293333333333333,True,0.2205,False
50,480,0.033333333333333215,-0.026666666666666394,0.09333333333333371,0.1200000000000001,True,0.3895,False
50,481,0.12666666666666693,8.659739592076612e-16,0.30666666666666753,0.30666666666666664,True,0.088,False
50,482,0.053333333333334565,-0.09333333333333282,0.22666666666666657,0.3199999999999994,True,0.548,False
50,483,0.026666666666667282,-0.11333333333333243,0.16000000000000014,0.27333333333333254,True,0.716,False
50,484,0.040000000000000924,-0.0066666666666659324,0.09333333333333371,0.09999999999999964,True,0.1875,False
50,485,0.046666666666666856,-0.013333333333332753,0.11333333333333331,0.12666666666666607,True,0.2165,False
50,486,0.040000000000000036,-0.006666666666666821,0.09333333333333371,0.10000000000000053,True,0.1865,False
50,487,0.08666666666666778,0.006666666666667709,0.20000000000000018,0.19333333333333247,True,0.085,False
50,488,0.07333333333333325,-0.013333333333333641,0.206666666666667,0.22000000000000064,True,0.3415,False
50,489,0.026666666666666394,-0.12016666666666646,0.18666666666666742,0.3068333333333339,True,0.7555,False
50,490,0.0333333333333341,-0.10666666666666647,0.16666666666666696,0.27333333333333343,True,0.591,False
50,491,0.019999999999999574,-0.13999999999999968,0.20000000000000018,0.33999999999999986,True,0.7725,False
50,492,-0.006666666666666821,-0.04683333333333407,0.0333333333333341,0.08016666666666818,False,1.0,False
50,493,-0.013333333333332753,-0.13999999999999882,0.06666666666666732,0.20666666666666614,True,0.931,False
50,494,0.040000000000000036,-0.09999999999999964,0.19333333333333336,0.293333333333333,True,0.6435,False
50,495,0.006666666666667709,-0.033333333333333215,0.05333333333333368,0.08666666666666689,True,0.621,False
50,496,0.05999999999999961,-0.006666666666666821,0.16683333333333356,0.17350000000000038,True,0.369,False
50,497,0.08000000000000096,-0.006666666666666821,0.22666666666666746,0.23333333333333428,True,0.2255,False
50,498,0.10000000000000053,-0.020166666666667662,0.2733333333333343,0.293500000000002,True,0.3405,False
50,499,-0.046666666666666856,-0.16000000000000014,0.033333333333333215,0.19333333333333336,False,0.6315,False
100,0,0.04999999999999982,-0.040000000000000036,0.1499999999999995,0.18999999999999953,True,0.303,False
100,1,0.04999999999999982,-0.03675000000000023,0.15333333333333243,0.19008333333333266,True,0.2995,False
100,2,0.04999999999999982,-0.040000000000000036,0.14333333333333442,0.18333333333333446,True,0.296,False
100,3,0.05000000000000071,-0.03675000000000025,0.15000000000000038,0.18675000000000064,True,0.302,False
100,4,0.04999999999999982,-0.043333333333333,0.1466666666666674,0.1900000000000004,True,0.3455,False
100,5,0.04999999999999982,-0.04333333333333302,0.1466666666666674,0.19000000000000042,True,0.2915,False
100,6,0.04999999999999982,-0.03666666666666707,0.1566666666666663,0.19333333333333336,True,0.3095,False
100,7,0.05000000000000071,-0.03675000000000109,0.14999999999999947,0.18675000000000055,True,0.297,False
100,8,0.04999999999999982,-0.040000000000000036,0.14341666666666725,0.18341666666666728,True,0.2835,False
100,9,0.04999999999999982,-0.03341666666666726,0.15000000000000036,0.18341666666666762,True,0.292,False
100,10,0.04999999999999982,-0.03666666666666618,0.14341666666666641,0.1800833333333326,True,0.311,False
100,11,0.04999999999999982,-0.03666666666666618,0.15000000000000036,0.18666666666666654,True,0.3385,False
100,12,0.04999999999999982,-0.03666666666666707,0.15000000000000036,0.18666666666666742,True,0.315,False
100,13,0.05000000000000071,-0.03999999999999917,0.1566666666666663,0.19666666666666546,True,0.3195,False
100,14,0.05000000000000071,-0.03666666666666707,0.14333333333333442,0.1800000000000015,True,0.31,False
100,15,0.05000000000000071,-0.03666666666666707,0.15000000000000036,0.18666666666666742,True,0.309,False
100,16,0.05000000000000071,-0.043333333333333,0.15000000000000124,0.19333333333333425,True,0.308,False
100,17,0.04999999999999982,-0.040000000000000036,0.14675000000000024,0.18675000000000028,True,0.32,False
100,18,0.04999999999999982,-0.03666666666666707,0.15000000000000036,0.18666666666666742,True,0.2865,False
100,19,0.05000000000000071,-0.040000000000000036,0.14333333333333179,0.18333333333333182,True,0.3225,False
100,20,0.04999999999999982,-0.03666666666666707,0.14666666666666653,0.1833333333333336,True,0.3115,False
100,21,0.04999999999999982,-0.040000000000000924,0.14675000000000024,0.18675000000000117,True,0.3175,False
100,22,0.04999999999999982,-0.0366666666666662,0.14333333333333356,0.17999999999999977,True,0.295,False
100,23,0.05000000000000071,-0.040000000000000036,0.1466666666666674,0.18666666666666742,True,0.3125,False
100,24,0.04999999999999982,-0.03666666666666707,0.1566666666666663,0.19333333333333336,True,0.2895,False
100,25,0.05000000000000071,-0.04008333333333408,0.1466666666666674,0.18675000000000147,True,0.308,False
100,26,0.04999999999999982,-0.03341666666666723,0.1466666666666665,0.18008333333333373,True,0.327,False
100,27,0.04999999999999982,-0.040000000000000036,0.14666666666666564,0.18666666666666568,True,0.3125,False
100,28,0.0500000000000016,-0.040000000000000036,0.14333333333333353,0.18333333333333357,True,0.329,False
100,29,0.04999999999999982,-0.04333333333333389,0.15008333333333324,0.19341666666666713,True,0.3,False
100,30,0.04999999999999982,-0.040000000000000056,0.14666666666666653,0.1866666666666666,True,0.2765,False
100,31,0.04999999999999982,-0.040000000000000036,0.15000000000000036,0.1900000000000004,True,0.323,False
100,32,0.04999999999999982,-0.03666666666666707,0.15000000000000036,0.18666666666666742,True,0.3,False
100,33,0.04999999999999982,-0.033333333333333215,0.1499999999999995,0.1833333333333327,True,0.32,False
100,34,0.04999999999999982,-0.040000000000000036,0.15000000000000036,0.1900000000000004,True,0.2865,False
100,35,0.04999999999999982,-0.0366666666666662,0.14666666666666653,0.18333333333333274,True,0.285,False
100,36,0.04999999999999982,-0.03666666666666618,0.15000000000000036,0.18666666666666654,True,0.2975,False
100,37,0.04999999999999982,-0.03675000000000023,0.1466666666666665,0.18341666666666673,True,0.29,False
100,38,0.04999999999999982,-0.040000000000000036,0.1466666666666674,0.18666666666666742,True,0.29,False
100,39,0.05000000000000071,-0.046666666666666856,0.15000000000000036,0.1966666666666672,True,0.3175,False
100,40,0.05000000000000071,-0.03666666666666709,0.14666666666666653,0.18333333333333363,True,0.3135,False
100,41,0.04999999999999982,-0.040000000000000036,0.1466666666666665,0.18666666666666654,True,0.3135,False
100,42,0.05000000000000071,-0.040000000000000036,0.1500833333333332,0.19008333333333324,True,0.312,False
100,43,0.04999999999999982,-0.040000000000000036,0.14666666666666653,0.18666666666666656,True,0.3055,False
100,44,0.05000000000000071,-0.03341666666666726,0.15666666666666543,0.1900833333333327,True,0.307,False
100,45,0.05000000000000071,-0.040000000000000036,0.14333333333333356,0.1833333333333336,True,0.297,False
100,46,0.04999999999999982,-0.040000000000000036,0.15333333333333332,0.19333333333333336,True,0.31,False
100,47,0.04999999999999982,-0.03666666666666618,0.15333333333333335,0.18999999999999953,True,0.2945,False
100,48,0.04999999999999982,-0.033333333333333215,0.14999999999999947,0.18333333333333268,True,0.318,False
100,49,0.04999999999999982,-0.03999999999999917,0.14341666666666728,0.18341666666666645,True,0.2845,False
100,50,0.04999999999999982,-0.03999999999999915,0.14333333333333353,0.18333333333333268,True,0.308,False
100,51,0.04999999999999982,-0.043333333333333,0.15333333333333332,0.19666666666666632,True,0.293,False
100,52,0.04999999999999982,-0.040000000000000036,0.14333333333333353,0.18333333333333357,True,0.296,False
100,53,0.04999999999999982,-0.03666666666666707,0.15333333333333243,0.1899999999999995,True,0.335,False
100,54,0.04999999999999982,-0.040000000000000036,0.14333333333333265,0.18333333333333268,True,0.308,False
100,55,0.04999999999999982,-0.03999999999999917,0.1466666666666665,0.18666666666666568,True,0.296,False
100,56,0.04999999999999982,-0.03666666666666707,0.1466666666666674,0.18333333333333446,True,0.291,False
100,57,0.04999999999999982,-0.03666666666666707,0.14333333333333442,0.1800000000000015,True,0.2995,False
100,58,0.04999999999999982,-0.0333333333333341,0.14675000000000024,0.18008333333333434,True,0.322,False
100,59,0.04999999999999982,-0.03999999999999917,0.1466666666666674,0.18666666666666656,True,0.31,False
100,60,0.04999999999999982,-0.0366666666666662,0.1466666666666665,0.1833333333333327,True,0.2835,False
100,61,0.04999999999999982,-0.03666666666666618,0.1466666666666674,0.18333333333333357,True,0.3265,False
100,62,0.04999999999999982,-0.03341666666666723,0.14333333333333265,0.17674999999999988,True,0.3185,False
100,63,0.05000000000000071,-0.03666666666666618,0.15000000000000036,0.18666666666666654,True,0.325,False
100,64,0.04999999999999982,-0.043333333333333,0.14675000000000024,0.19008333333333324,True,0.331,False
100,65,0.04999999999999982,-0.03666666666666707,0.14000000000000057,0.17666666666666764,True,0.305,False
100,66,0.04999999999999982,-0.04666666666666597,0.14000000000000057,0.18666666666666654,True,0.3195,False
100,67,0.04999999999999982,-0.04333333333333389,0.14666666666666653,0.19000000000000042,True,0.3005,False
100,68,0.049999999999998934,-0.04333333333333389,0.1466666666666665,0.1900000000000004,True,0.3275,False
100,69,0.05000000000000071,-0.03666666666666618,0.14333333333333353,0.17999999999999972,True,0.3325,False
100,70,0.04999999999999982,-0.03666666666666618,0.14666666666666653,0.1833333333333327,True,0.315,False
100,71,0.04999999999999982,-0.040000000000000036,0.1434166666666664,0.18341666666666642,True,0.313,False
100,72,0.04999999999999982,-0.03666666666666707,0.1466666666666665,0.18333333333333357,True,0.3275,False
100,73,0.049999999999998934,-0.040000000000000056,0.14333333333333356,0.18333333333333363,True,0.304,False
100,74,0.04999999999999982,-0.03341666666666639,0.14333333333333353,0.17674999999999993,True,0.3155,False
100,75,0.049999999999998934,-0.03666666666666618,0.14333333333333353,0.17999999999999972,True,0.319,False
100,76,0.04999999999999982,-0.03341666666666726,0.15333333333333424,0.1867500000000015,True,0.2895,False
100,77,0.04999999999999982,-0.03666666666666707,0.15000000000000036,0.18666666666666742,True,0.294,False
100,78,0.04999999999999982,-0.040000000000000036,0.14666666666666653,0.18666666666666656,True,0.323,False
100,79,0.05000000000000071,-0.0366666666666662,0.15000000000000036,0.18666666666666656,True,0.3135,False
100,80,0.04999999999999982,-0.04341666666666705,0.15000000000000036,0.1934166666666674,True,0.3115,False
100,81,0.05000000000000071,-0.040000000000000056,0.15333333333333332,0.19333333333333338,True,0.289,False
100,82,0.04999999999999982,-0.033333333333333215,0.15000000000000036,0.18333333333333357,True,0.2995,False
100,83,0.04999999999999982,-0.03675000000000109,0.15333333333333335,0.19008333333333444,True,0.28,False
100,84,0.04999999999999982,-0.04333333333333389,0.1566666666666672,0.2000000000000011,True,0.284,False
100,85,0.04999999999999982,-0.03666666666666618,0.1466666666666674,0.18333333333333357,True,0.3235,False
100,86,0.04999999999999982,-0.04333333333333389,0.15333333333333335,0.19666666666666724,True,0.3135,False
100,87,0.04999999999999982,-0.040000000000000056,0.15000000000000036,0.19000000000000042,True,0.2995,False
100,88,0.05000000000000071,-0.03999999999999915,0.14333333333333353,0.18333333333333268,True,0.315,False
100,89,0.0500000000000016,-0.03666666666666707,0.1500833333333332,0.18675000000000028,True,0.298,False
100,90,0.04999999999999982,-0.043333333333333,0.1466666666666674,0.1900000000000004,True,0.3075,False
100,91,0.05000000000000071,-0.03666666666666618,0.15333333333333332,0.1899999999999995,True,0.3185,False
100,92,0.04999999999999982,-0.040000000000000036,0.14333333333333356,0.1833333333333336,True,0.312,False
100,93,0.04999999999999982,-0.03666666666666618,0.15008333333333324,0.18674999999999942,True,0.317,False
100,94,0.04999999999999982,-0.03666666666666618,0.1466666666666674,0.18333333333333357,True,0.308,False
100,95,0.05000000000000071,-0.040000000000000036,0.1466666666666665,0.18666666666666654,True,0.3035,False
100,96,0.04999999999999982,-0.0366666666666662,0.1466666666666665,0.1833333333333327,True,0.3265,False
100,97,0.04999999999999982,-0.040000000000000036,0.14999999999999947,0.1899999999999995,True,0.319,False
100,98,0.04999999999999982,-0.043333333333333,0.14675000000000024,0.19008333333333324,True,0.307,False
100,99,0.04999999999999982,-0.03341666666666726,0.1466666666666665,0.18008333333333376,True,0.3015,False
100,100,0.04999999999999982,-0.0333333333333341,0.14999999999999947,0.18333333333333357,True,0.316,False
100,101,0.05000000000000071,-0.03666666666666618,0.14341666666666725,0.18008333333333343,True,0.2865,False
100,102,0.04999999999999982,-0.03666666666666707,0.14333333333333353,0.1800000000000006,True,0.2975,False
100,103,0.04999999999999982,-0.03666666666666707,0.14666666666666564,0.1833333333333327,True,0.3195,False
100,104,0.04999999999999982,-0.040000000000000036,0.15333333333333335,0.19333333333333338,True,0.3255,False
100,105,0.04999999999999982,-0.03999999999999917,0.1499999999999995,0.18999999999999867,True,0.3,False
100,106,0.04999999999999982,-0.040000000000000036,0.15000000000000036,0.1900000000000004,True,0.2905,False
100,107,0.04999999999999982,-0.03666666666666618,0.14675000000000024,0.18341666666666642,True,0.2915,False
100,108,0.04999999999999982,-0.03666666666666618,0.1466666666666674,0.18333333333333357,True,0.2875,False
100,109,0.04999999999999982,-0.03666666666666618,0.1500833333333341,0.18675000000000028,True,0.311,False
100,110,0.04999999999999982,-0.040000000000000036,0.1499999999999995,0.18999999999999953,True,0.3115,False
100,111,0.04999999999999982,-0.03666666666666618,0.14333333333333353,0.17999999999999972,True,0.2915,False
100,112,0.05000000000000071,-0.03341666666666726,0.14666666666666653,0.1800833333333338,True,0.3075,False
100,113,0.04999999999999982,-0.04333333333333389,0.14675000000000024,0.19008333333333413,True,0.3035,False
100,114,0.04999999999999982,-0.043333333333332134,0.1466666666666674,0.18999999999999953,True,0.2965,False
100,115,0.05000000000000071,-0.040000000000000036,0.15341666666666706,0.1934166666666671,True,0.3105,False
100,116,0.05000000000000071,-0.03666666666666618,0.14999999999999947,0.18666666666666565,True,0.3235,False
100,117,0.04999999999999982,-0.03341666666666726,0.15000000000000036,0.18341666666666762,True,0.3305,False
100,118,0.05000000000000071,-0.03666666666666707,0.14666666666666564,0.1833333333333327,True,0.2875,False
100,119,0.04999999999999982,-0.040000000000000036,0.15666666666666718,0.1966666666666672,True,0.311,False
100,120,0.04999999999999982,-0.040000000000000036,0.14000000000000057,0.1800000000000006,True,0.297,False
100,121,0.04999999999999982,-0.040000000000000056,0.14675000000000024,0.1867500000000003,True,0.317,False
100,122,0.04999999999999982,-0.03999999999999917,0.1466666666666674,0.18666666666666656,True,0.3155,False
100,123,0.049999999999998934,-0.04666666666666597,0.15000000000000036,0.19666666666666632,True,0.301,False
100,124,0.04999999999999982,-0.040000000000000036,0.15666666666666632,0.19666666666666635,True,0.298,False
100,125,0.04999999999999982,-0.03666666666666618,0.1466666666666674,0.18333333333333357,True,0.292,False
100,126,0.05000000000000071,-0.040000000000000036,0.14008333333333342,0.18008333333333346,True,0.3065,False
100,127,0.04999999999999982,-0.03999999999999917,0.14666666666666653,0.1866666666666657,True,0.3115,False
100,128,0.05000000000000071,-0.03999999999999915,0.15666666666666632,0.19666666666666546,True,0.3235,False
100,129,0.04999999999999982,-0.03999999999999915,0.14333333333333353,0.18333333333333268,True,0.298,False
100,130,0.04999999999999982,-0.033333333333333215,0.1466666666666665,0.17999999999999972,True,0.3065,False
100,131,0.04999999999999982,-0.040000000000000036,0.1466666666666674,0.18666666666666742,True,0.312,False
100,132,0.05000000000000071,-0.0366666666666662,0.15333333333333332,0.18999999999999953,True,0.313,False
100,133,0.04999999999999982,-0.03999999999999917,0.15000000000000038,0.18999999999999956,True,0.2975,False
100,134,0.05000000000000071,-0.040000000000000036,0.15000000000000036,0.1900000000000004,True,0.3155,False
100,135,0.04999999999999982,-0.040000000000000036,0.15000000000000036,0.1900000000000004,True,0.307,False
100,136,0.04999999999999982,-0.03675000000000109,0.14675000000000024,0.18350000000000133,True,0.2925,False
100,137,0.04999999999999982,-0.04333333333333389,0.15333333333333332,0.1966666666666672,True,0.292,False
100,138,0.04999999999999982,-0.03008333333333427,0.15000000000000036,0.18008333333333462,True,0.285,False
100,139,0.04999999999999982,-0.03666666666666707,0.14675000000000024,0.1834166666666673,True,0.314,False
100,140,0.04999999999999982,-0.03666666666666618,0.14999999999999947,0.18666666666666565,True,0.2995,False
100,141,0.04999999999999982,-0.040000000000000036,0.15000000000000036,0.1900000000000004,True,0.319,False
100,142,0.04999999999999982,-0.03666666666666618,0.14675000000000027,0.18341666666666645,True,0.3045,False
100,143,0.04999999999999982,-0.040000000000000036,0.14675000000000024,0.18675000000000028,True,0.2805,False
100,144,0.04999999999999982,-0.043333333333333,0.1466666666666665,0.1899999999999995,True,0.3125,False
100,145,0.04999999999999982,-0.03666666666666707,0.14999999999999947,0.18666666666666654,True,0.312,False
100,146,0.04999999999999982,-0.03666666666666618,0.1566666666666663,0.19333333333333247,True,0.298,False
100,147,0.04999999999999982,-0.040000000000000036,0.15333333333333246,0.1933333333333325,True,0.3065,False
100,148,0.04999999999999982,-0.03666666666666618,0.1466666666666665,0.18333333333333268,True,0.3215,False
100,149,0.05000000000000071,-0.040000000000000036,0.15000000000000038,0.19000000000000042,True,0.3005,False
100,150,0.04999999999999982,-0.0333333333333341,0.15999999999999925,0.19333333333333336,True,0.3245,False
100,151,0.049999999999998934,-0.04008333333333408,0.15341666666666706,0.19350000000000114,True,0.3015,False
100,152,0.04999999999999982,-0.03666666666666618,0.15333333333333246,0.18999999999999864,True,0.286,False
100,153,0.04999999999999982,-0.040000000000000056,0.15333333333333332,0.19333333333333338,True,0.295,False
100,154,0.04999999999999982,-0.03666666666666618,0.1466666666666674,0.18333333333333357,True,0.325,False
100,155,0.05000000000000071,-0.033333333333333236,0.1533333333333342,0.18666666666666745,True,0.3105,False
100,156,0.05000000000000071,-0.03666666666666618,0.1466666666666674,0.18333333333333357,True,0.297,False
100,157,0.05000000000000071,-0.040083333333334054,0.1466666666666674,0.18675000000000144,True,0.3005,False
100,158,0.04999999999999982,-0.033333333333333215,0.14333333333333356,0.17666666666666678,True,0.3155,False
100,159,0.04999999999999982,-0.03675000000000109,0.15333333333333332,0.1900833333333344,True,0.284,False
100,160,0.04999999999999982,-0.040000000000000036,0.15333333333333332,0.19333333333333336,True,0.2935,False
100,161,0.04999999999999982,-0.040000000000000036,0.15333333333333246,0.1933333333333325,True,0.311,False
100,162,0.05000000000000071,-0.03675000000000023,0.15008333333333407,0.1868333333333343,True,0.331,False
100,163,0.04999999999999982,-0.040000000000000036,0.15000000000000036,0.1900000000000004,True,0.305,False
100,164,0.04999999999999982,-0.03666666666666618,0.1499999999999995,0.18666666666666568,True,0.315,False
100,165,0.04999999999999982,-0.033333333333333236,0.15000000000000036,0.1833333333333336,True,0.2965,False
100,166,0.04999999999999982,-0.040000000000000036,0.1499999999999995,0.18999999999999953,True,0.3315,False
100,167,0.04999999999999982,-0.04333333333333389,0.14675000000000024,0.19008333333333413,True,0.312,False
100,168,0.05000000000000071,-0.03666666666666618,0.15000000000000036,0.18666666666666654,True,0.328,False
100,169,0.05000000000000071,-0.04333333333333302,0.1466666666666674,0.19000000000000042,True,0.3245,False
100,170,0.04999999999999982,-0.03666666666666707,0.14666666666666653,0.1833333333333336,True,0.2995,False
100,171,0.04999999999999982,-0.036666666666665314,0.15000000000000036,0.18666666666666568,True,0.3215,False
100,172,0.05000000000000071,-0.03666666666666707,0.15333333333333332,0.1900000000000004,True,0.302,False
100,173,0.04999999999999982,-0.0366666666666662,0.14333333333333356,0.17999999999999977,True,0.2945,False
100,174,0.04999999999999982,-0.03999999999999915,0.1466666666666674,0.18666666666666654,True,0.3255,False
100,175,0.04999999999999982,-0.03666666666666618,0.1466666666666674,0.18333333333333357,True,0.307,False
100,176,0.04999999999999982,-0.03675000000000023,0.14333333333333442,0.18008333333333465,True,0.3015,False
100,177,0.04999999999999982,-0.040000000000000036,0.14675000000000024,0.18675000000000028,True,0.32,False
100,178,0.049999999999998934,-0.03666666666666618,0.14999999999999947,0.18666666666666565,True,0.328,False
100,179,0.04999999999999982,-0.0366666666666662,0.1466666666666674,0.1833333333333336,True,0.3015,False
100,180,0.04999999999999982,-0.03666666666666707,0.14000000000000057,0.17666666666666764,True,0.2885,False
100,181,0.04999999999999982,-0.03999999999999915,0.15000000000000036,0.1899999999999995,True,0.319,False
100,182,0.04999999999999982,-0.040000000000000036,0.1499999999999995,0.18999999999999953,True,0.288,False
100,183,0.04999999999999982,-0.03666666666666707,0.14999999999999947,0.18666666666666654,True,0.298,False
100,184,0.04999999999999982,-0.040000000000000924,0.14000000000000057,0.1800000000000015,True,0.316,False
100,185,0.05000000000000071,-0.03666666666666707,0.1466666666666674,0.18333333333333446,True,0.311,False
100,186,0.04999999999999982,-0.03666666666666796,0.14674999999999938,0.18341666666666734,True,0.304,False
100,187,0.04999999999999982,-0.040000000000000036,0.14675000000000024,0.18675000000000028,True,0.2805,False
100,188,0.04999999999999982,-0.040000000000000036,0.14333333333333353,0.18333333333333357,True,0.3185,False
100,189,0.04999999999999982,-0.043333333333333,0.1499999999999995,0.1933333333333325,True,0.3095,False
100,190,0.04999999999999982,-0.033333333333333215,0.14674999999999938,0.1800833333333326,True,0.293,False
100,191,0.04999999999999982,-0.04333333333333389,0.15333333333333332,0.1966666666666672,True,0.31,False
100,192,0.04999999999999982,-0.040000000000000036,0.1466666666666665,0.18666666666666654,True,0.3025,False
100,193,0.04999999999999982,-0.03666666666666707,0.14333333333333353,0.1800000000000006,True,0.2745,False
100,194,0.04999999999999982,-0.03666666666666618,0.15333333333333243,0.18999999999999861,True,0.2885,False
100,195,0.04999999999999982,-0.040000000000000036,0.14675000000000024,0.18675000000000028,True,0.314,False
100,196,0.04999999999999982,-0.03666666666666618,0.1466666666666674,0.18333333333333357,True,0.292,False
100,197,0.04999999999999982,-0.04008333333333408,0.15000000000000036,0.19008333333333444,True,0.304,False
100,198,0.04999999999999982,-0.040000000000000036,0.15008333333333324,0.19008333333333327,True,0.3085,False
100,199,0.04999999999999982,-0.040000000000000036,0.15333333333333332,0.19333333333333336,True,0.3275,False
100,200,0.05000000000000071,-0.040000000000000036,0.14333333333333353,0.18333333333333357,True,0.303,False
100,201,0.04999999999999982,-0.04666666666666597,0.15008333333333407,0.19675000000000004,True,0.314,False
100,202,0.05000000000000071,-0.033333333333333215,0.15333333333333332,0.18666666666666654,True,0.3065,False
100,203,0.04999999999999982,-0.040000000000000056,0.14675000000000024,0.1867500000000003,True,0.3395,False
100,204,0.04999999999999982,-0.03666666666666618,0.15000000000000036,0.18666666666666654,True,0.274,False
100,205,0.04999999999999982,-0.03666666666666707,0.15000000000000036,0.18666666666666742,True,0.321,False
100,206,0.04999999999999982,-0.04333333333333389,0.15333333333333332,0.1966666666666672,True,0.299,False
100,207,0.05000000000000071,-0.043333333333333,0.14333333333333353,0.18666666666666654,True,0.292,False
100,208,0.05000000000000071,-0.03666666666666707,0.14675000000000027,0.18341666666666734,True,0.3245,False
100,209,0.04999999999999982,-0.03666666666666618,0.14999999999999947,0.18666666666666565,True,0.3035,False
100,210,0.04999999999999982,-0.0333333333333341,0.1500833333333332,0.1834166666666673,True,0.289,False
100,211,0.04999999999999982,-0.040083333333333214,0.14333333333333353,0.18341666666666676,True,0.273,False
100,212,0.05000000000000071,-0.0333333333333341,0.14999999999999947,0.18333333333333357,True,0.3125,False
100,213,0.04999999999999982,-0.03999999999999917,0.14999999999999947,0.18999999999999864,True,0.31,False
100,214,0.05000000000000071,-0.040000000000000056,0.14675000000000027,0.18675000000000033,True,0.3035,False
100,215,0.04999999999999982,-0.040000000000000036,0.1466666666666665,0.18666666666666654,True,0.3015,False
100,216,0.04999999999999982,-0.03666666666666709,0.14675000000000024,0.18341666666666734,True,0.3075,False
100,217,0.04999999999999982,-0.03666666666666707,0.14333333333333356,0.18000000000000063,True,0.3265,False
100,218,0.04999999999999982,-0.03666666666666618,0.14333333333333267,0.17999999999999886,True,0.3105,False
100,219,0.04999999999999982,-0.040000000000000036,0.15333333333333332,0.19333333333333336,True,0.3115,False
100,220,0.04999999999999982,-0.033333333333333215,0.15000000000000036,0.18333333333333357,True,0.3055,False
100,221,0.05000000000000071,-0.040000000000000036,0.14666666666666564,0.18666666666666568,True,0.318,False
100,222,0.05000000000000071,-0.03675000000000023,0.15000000000000036,0.18675000000000058,True,0.3075,False
100,223,0.04999999999999982,-0.040000000000000036,0.15000000000000036,0.1900000000000004,True,0.3025,False
100,224,0.05000000000000071,-0.03666666666666707,0.15000000000000036,0.18666666666666742,True,0.3005,False
100,225,0.04999999999999982,-0.03666666666666618,0.14999999999999947,0.18666666666666565,True,0.304,False
100,226,0.05000000000000071,-0.04333333333333389,0.1499999999999995,0.19333333333333338,True,0.312,False
100,227,0.04999999999999982,-0.040000000000000056,0.14666666666666653,0.1866666666666666,True,0.293,False
100,228,0.04999999999999982,-0.03666666666666707,0.14333333333333353,0.1800000000000006,True,0.289,False
100,229,0.04999999999999982,-0.03666666666666796,0.14675000000000024,0.1834166666666682,True,0.2825,False
100,230,0.04999999999999982,-0.03666666666666707,0.15000000000000036,0.18666666666666742,True,0.297,False
100,231,0.04999999999999982,-0.03666666666666618,0.1566666666666663,0.19333333333333247,True,0.29,False
100,232,0.05000000000000071,-0.03666666666666707,0.14999999999999947,0.18666666666666654,True,0.2875,False
100,233,0.04999999999999982,-0.043333333333333,0.1466666666666674,0.1900000000000004,True,0.2865,False
100,234,0.05000000000000071,-0.040000000000000036,0.1566666666666663,0.19666666666666632,True,0.29,False
100,235,0.04999999999999982,-0.040000000000000036,0.15000000000000036,0.1900000000000004,True,0.296,False
100,236,0.04999999999999982,-0.040000000000000036,0.14675000000000024,0.18675000000000028,True,0.328,False
100,237,0.049999999999998934,-0.03666666666666618,0.15000000000000036,0.18666666666666654,True,0.295,False
100,238,0.04999999999999982,-0.03666666666666618,0.1466666666666665,0.18333333333333268,True,0.2815,False
100,239,0.04999999999999982,-0.043333333333332134,0.14333333333333353,0.18666666666666568,True,0.3195,False
100,240,0.05000000000000071,-0.040000000000000036,0.15333333333333332,0.19333333333333336,True,0.2955,False
100,241,0.05000000000000071,-0.033333333333333236,0.14333333333333442,0.17666666666666767,True,0.2865,False
100,242,0.04999999999999982,-0.040000000000000036,0.15333333333333332,0.19333333333333336,True,0.312,False
100,243,0.04999999999999982,-0.040000000000000036,0.1466666666666665,0.18666666666666654,True,0.307,False
100,244,0.04999999999999982,-0.040000000000000036,0.1466666666666674,0.18666666666666742,True,0.2795,False
100,245,0.04999999999999982,-0.03666666666666618,0.1466666666666665,0.18333333333333268,True,0.3065,False
100,246,0.04999999999999982,-0.040000000000000036,0.1466666666666665,0.18666666666666654,True,0.2995,False
100,247,0.04999999999999982,-0.0333333333333341,0.14341666666666728,0.17675000000000138,True,0.302,False
100,248,0.04999999999999982,-0.03666666666666618,0.15000000000000036,0.18666666666666654,True,0.3035,False
100,249,0.04999999999999982,-0.03666666666666707,0.14675000000000024,0.1834166666666673,True,0.322,False
100,250,0.04999999999999982,-0.03666666666666618,0.14999999999999947,0.18666666666666565,True,0.304,False
100,251,0.04999999999999982,-0.03666666666666618,0.15000000000000036,0.18666666666666654,True,0.303,False
100,252,0.04999999999999982,-0.03999999999999917,0.1466666666666674,0.18666666666666656,True,0.318,False
100,253,0.05000000000000071,-0.03675000000000023,0.14333333333333353,0.18008333333333376,True,0.304,False
100,254,0.04999999999999982,-0.0366666666666662,0.1466666666666665,0.1833333333333327,True,0.306,False
100,255,0.04999999999999982,-0.03999999999999915,0.1466666666666674,0.18666666666666654,True,0.3025,False
100,256,0.049999999999998934,-0.03341666666666726,0.14675000000000024,0.1801666666666675,True,0.306,False
100,257,0.04999999999999982,-0.03666666666666707,0.14333333333333356,0.18000000000000063,True,0.306,False
100,258,0.049999999999998934,-0.03675000000000025,0.14333333333333353,0.1800833333333338,True,0.3185,False
100,259,0.04999999999999982,-0.04333333333333389,0.15000000000000036,0.19333333333333425,True,0.336,False
100,260,0.04999999999999982,-0.03675000000000023,0.14675000000000024,0.18350000000000047,True,0.283,False
100,261,0.04999999999999982,-0.040000000000000036,0.15000000000000036,0.1900000000000004,True,0.3075,False
100,262,0.04999999999999982,-0.03666666666666707,0.1499999999999995,0.18666666666666656,True,0.3065,False
100,263,0.04999999999999982,-0.0366666666666662,0.15000000000000038,0.1866666666666666,True,0.3,False
100,264,0.0500000000000016,-0.03666666666666707,0.14999999999999947,0.18666666666666654,True,0.2835,False
100,265,0.04999999999999982,-0.040000000000000036,0.14333333333333442,0.18333333333333446,True,0.3105,False
100,266,0.04999999999999982,-0.03666666666666707,0.1499999999999995,0.18666666666666656,True,0.296,False
100,267,0.04999999999999982,-0.040000000000000036,0.15000000000000038,0.19000000000000042,True,0.326,False
100,268,0.05000000000000071,-0.03999999999999915,0.14666666666666564,0.1866666666666648,True,0.323,False
100,269,0.04999999999999982,-0.04333333333333389,0.1466666666666665,0.1900000000000004,True,0.306,False
100,270,0.04999999999999982,-0.03666666666666707,0.15000000000000036,0.18666666666666742,True,0.306,False
100,271,0.04999999999999982,-0.03999999999999915,0.14675000000000024,0.1867499999999994,True,0.307,False
100,272,0.04999999999999982,-0.033333333333333215,0.15008333333333407,0.18341666666666728,True,0.312,False
100,273,0.04999999999999982,-0.040000000000000036,0.1499999999999995,0.18999999999999953,True,0.3025,False
100,274,0.04999999999999982,-0.040000000000000036,0.15000000000000036,0.1900000000000004,True,0.2945,False
100,275,0.05000000000000071,-0.03666666666666618,0.14333333333333353,0.17999999999999972,True,0.3125,False
100,276,0.04999999999999982,-0.036750000000001115,0.1533333333333342,0.19008333333333532,True,0.3055,False
100,277,0.04999999999999982,-0.040000000000000036,0.14999999999999947,0.1899999999999995,True,0.2975,False
100,278,0.04999999999999982,-0.03666666666666618,0.14333333333333353,0.17999999999999972,True,0.304,False
100,279,0.04999999999999982,-0.040000000000000036,0.14999999999999947,0.1899999999999995,True,0.3045,False
100,280,0.04999999999999982,-0.0333333333333341,0.15000000000000036,0.18333333333333446,True,0.29,False
100,281,0.04999999999999982,-0.040000000000000036,0.14666666666666564,0.18666666666666568,True,0.298,False
100,282,0.04999999999999982,-0.040000000000000924,0.1466666666666665,0.18666666666666742,True,0.298,False
100,283,0.04999999999999982,-0.0366666666666662,0.1466666666666665,0.1833333333333327,True,0.285,False
100,284,0.04999999999999982,-0.03666666666666618,0.14341666666666728,0.18008333333333346,True,0.323,False
100,285,0.04999999999999982,-0.03999999999999917,0.1466666666666674,0.18666666666666656,True,0.295,False
100,286,0.04999999999999982,-0.043333333333333,0.1466666666666674,0.1900000000000004,True,0.31,False
100,287,0.04999999999999982,-0.040000000000000056,0.14675000000000024,0.1867500000000003,True,0.283,False
100,288,0.04999999999999982,-0.040000000000000036,0.1433333333333327,0.18333333333333274,True,0.294,False
100,289,0.04999999999999982,-0.040000000000000036,0.1466666666666674,0.18666666666666742,True,0.2915,False
100,290,0.05000000000000071,-0.043333333333333,0.1499999999999995,0.1933333333333325,True,0.313,False
100,291,0.04999999999999982,-0.03666666666666707,0.1566666666666663,0.19333333333333336,True,0.2935,False
100,292,0.04999999999999982,-0.03675000000000109,0.15000000000000036,0.18675000000000144,True,0.2945,False
100,293,0.04999999999999982,-0.043333333333333,0.14333333333333442,0.18666666666666742,True,0.2815,False
100,294,0.04999999999999982,-0.043333333333332134,0.15000000000000124,0.19333333333333338,True,0.3325,False
100,295,0.04999999999999982,-0.03666666666666707,0.14341666666666725,0.18008333333333432,True,0.3175,False
100,296,0.04999999999999982,-0.040000000000000036,0.1499999999999995,0.18999999999999953,True,0.291,False
100,297,0.04999999999999982,-0.03675000000000023,0.15333333333333335,0.19008333333333358,True,0.318,False
100,298,0.04999999999999982,-0.043333333333332114,0.14999999999999947,0.19333333333333158,True,0.308,False
100,299,0.05000000000000071,-0.03999999999999915,0.13999999999999885,0.179999999999998,True,0.308,False
100,300,0.04999999999999982,-0.0333333333333341,0.1466666666666674,0.1800000000000015,True,0.3255,False
100,301,0.04999999999999982,-0.04666666666666597,0.14333333333333353,0.1899999999999995,True,0.319,False
100,302,0.04999999999999982,-0.043333333333333,0.1466666666666674,0.1900000000000004,True,0.2785,False
100,303,0.04999999999999982,-0.040000000000000036,0.14333333333333265,0.18333333333333268,True,0.305,False
100,304,0.05000000000000071,-0.033333333333333236,0.15000000000000124,0.18333333333333449,True,0.2985,False
100,305,0.04999999999999982,-0.03666666666666707,0.15333333333333335,0.19000000000000042,True,0.318,False
100,306,0.04999999999999982,-0.040000000000000036,0.1466666666666665,0.18666666666666654,True,0.3045,False
100,307,0.05000000000000071,-0.033333333333333215,0.15000000000000036,0.18333333333333357,True,0.326,False
100,308,0.04999999999999982,-0.04008333333333319,0.15333333333333335,0.19341666666666654,True,0.286,False
100,309,0.04999999999999982,-0.03666666666666707,0.1466666666666674,0.18333333333333446,True,0.2915,False
100,310,0.04999999999999982,-0.03666666666666707,0.1466666666666665,0.18333333333333357,True,0.2825,False
100,311,0.04999999999999982,-0.03999999999999915,0.1466666666666674,0.18666666666666654,True,0.271,False
100,312,0.05000000000000071,-0.03666666666666707,0.14333333333333353,0.1800000000000006,True,0.298,False
100,313,0.04999999999999982,-0.040000000000000036,0.1466666666666674,0.18666666666666742,True,0.299,False
100,314,0.04999999999999982,-0.033333333333333236,0.15666666666666718,0.19000000000000042,True,0.306,False
100,315,0.04999999999999982,-0.040083333333334054,0.14008333333333342,0.18016666666666747,True,0.311,False
100,316,0.04999999999999982,-0.03999999999999917,0.14341666666666725,0.18341666666666642,True,0.2925,False
100,317,0.04999999999999982,-0.03675000000000109,0.15333333333333243,0.19008333333333352,True,0.304,False
100,318,0.05000000000000071,-0.043333333333333,0.14666666666666653,0.18999999999999953,True,0.299,False
100,319,0.05000000000000071,-0.03666666666666618,0.14341666666666641,0.1800833333333326,True,0.2975,False
100,320,0.04999999999999982,-0.03666666666666618,0.14999999999999947,0.18666666666666565,True,0.3115,False
100,321,0.04999999999999982,-0.04333333333333389,0.14666666666666653,0.19000000000000042,True,0.317,False
100,322,0.04999999999999982,-0.040000000000000036,0.15333333333333332,0.19333333333333336,True,0.293,False
100,323,0.05000000000000071,-0.04333333333333389,0.1466666666666674,0.19000000000000128,True,0.2845,False
100,324,0.04999999999999982,-0.03675000000000023,0.1466666666666674,0.18341666666666762,True,0.2875,False
100,325,0.04999999999999982,-0.03666666666666618,0.14999999999999947,0.18666666666666565,True,0.2875,False
100,326,0.04999999999999982,-0.03666666666666618,0.1466666666666674,0.18333333333333357,True,0.3235,False
100,327,0.04999999999999982,-0.040000000000000036,0.15000000000000036,0.1900000000000004,True,0.3045,False
100,328,0.04999999999999982,-0.04008333333333319,0.14999999999999947,0.19008333333333266,True,0.291,False
100,329,0.05000000000000071,-0.03999999999999915,0.15000000000000036,0.1899999999999995,True,0.301,False
100,330,0.04999999999999982,-0.0366666666666662,0.1466666666666674,0.1833333333333336,True,0.2885,False
100,331,0.04999999999999982,-0.040000000000000036,0.1466666666666665,0.18666666666666654,True,0.303,False
100,332,0.04999999999999982,-0.03666666666666707,0.15666666666666718,0.19333333333333425,True,0.29,False
100,333,0.04999999999999982,-0.0333333333333341,0.15333333333333332,0.18666666666666742,True,0.289,False
100,334,0.04999999999999982,-0.03666666666666707,0.1466666666666665,0.18333333333333357,True,0.301,False
100,335,0.04999999999999982,-0.03666666666666707,0.14675000000000024,0.1834166666666673,True,0.304,False
100,336,0.04999999999999982,-0.040000000000000036,0.15000000000000036,0.1900000000000004,True,0.317,False
100,337,0.04999999999999982,-0.03666666666666707,0.15341666666666703,0.1900833333333341,True,0.312,False
100,338,0.04999999999999982,-0.03675000000000023,0.14999999999999947,0.1867499999999997,True,0.29,False
100,339,0.04999999999999982,-0.04333333333333389,0.15000000000000036,0.19333333333333425,True,0.295,False
100,340,0.04999999999999982,-0.040000000000000036,0.1466666666666665,0.18666666666666654,True,0.2975,False
100,341,0.04999999999999982,-0.03999999999999917,0.14666666666666653,0.1866666666666657,True,0.3075,False
100,342,0.05000000000000071,-0.03666666666666707,0.15000000000000036,0.18666666666666742,True,0.2995,False
100,343,0.04999999999999982,-0.040000000000000036,0.15333333333333243,0.19333333333333247,True,0.315,False
100,344,0.04999999999999982,-0.03666666666666618,0.1566666666666663,0.19333333333333247,True,0.3095,False
100,345,0.04999999999999982,-0.03666666666666707,0.1533333333333342,0.19000000000000128,True,0.3035,False
100,346,0.04999999999999982,-0.0366666666666662,0.1467500000000002,0.18341666666666642,True,0.3145,False
100,347,0.04999999999999982,-0.040000000000000036,0.1466666666666674,0.18666666666666742,True,0.297,False
100,348,0.04999999999999982,-0.043333333333333,0.14333333333333353,0.18666666666666654,True,0.2945,False
100,349,0.05000000000000071,-0.03666666666666707,0.1466666666666674,0.18333333333333446,True,0.2975,False
100,350,0.04999999999999982,-0.043333333333332114,0.1499999999999995,0.1933333333333316,True,0.293,False
100,351,0.04999999999999982,-0.03666666666666618,0.1466666666666674,0.18333333333333357,True,0.329,False
100,352,0.04999999999999982,-0.040000000000000036,0.1499999999999995,0.18999999999999953,True,0.313,False
100,353,0.04999999999999982,-0.033333333333333215,0.14341666666666725,0.17675000000000046,True,0.3085,False
100,354,0.04999999999999982,-0.03666666666666618,0.1499999999999995,0.18666666666666568,True,0.311,False
100,355,0.04999999999999982,-0.03666666666666618,0.15333333333333243,0.18999999999999861,True,0.3145,False
100,356,0.04999999999999982,-0.03666666666666709,0.15333333333333332,0.19000000000000042,True,0.303,False
100,357,0.04999999999999982,-0.03666666666666707,0.1466666666666665,0.18333333333333357,True,0.288,False
100,358,0.04999999999999982,-0.0333333333333341,0.1466666666666665,0.1800000000000006,True,0.3245,False
100,359,0.05000000000000071,-0.040000000000000036,0.15333333333333243,0.19333333333333247,True,0.306,False
100,360,0.049999999999998934,-0.03666666666666618,0.14008333333333342,0.1767499999999996,True,0.3235,False
100,361,0.05000000000000071,-0.03666666666666707,0.15008333333333407,0.18675000000000114,True,0.3185,False
100,362,0.05000000000000071,-0.03666666666666707,0.14675000000000024,0.1834166666666673,True,0.3195,False
100,363,0.04999999999999982,-0.040000000000000036,0.14333333333333356,0.1833333333333336,True,0.3375,False
100,364,0.04999999999999982,-0.040000000000000036,0.14333333333333353,0.18333333333333357,True,0.304,False
100,365,0.04999999999999982,-0.03666666666666618,0.1466666666666665,0.18333333333333268,True,0.307,False
100,366,0.04999999999999982,-0.03666666666666707,0.14675000000000024,0.1834166666666673,True,0.2955,False
100,367,0.04999999999999982,-0.03666666666666707,0.14666666666666564,0.1833333333333327,True,0.308,False
100,368,0.04999999999999982,-0.040000000000000036,0.1466666666666665,0.18666666666666654,True,0.2985,False
100,369,0.049999999999998934,-0.03666666666666618,0.1466666666666665,0.18333333333333268,True,0.316,False
100,370,0.04999999999999982,-0.03666666666666707,0.14000000000000057,0.17666666666666764,True,0.3175,False
100,371,0.04999999999999982,-0.033333333333333215,0.14341666666666728,0.1767500000000005,True,0.3125,False
100,372,0.04999999999999982,-0.040000000000000036,0.1466666666666665,0.18666666666666654,True,0.3085,False
100,373,0.04999999999999982,-0.03666666666666618,0.15000000000000036,0.18666666666666654,True,0.3245,False
100,374,0.04999999999999982,-0.03666666666666707,0.14333333333333442,0.1800000000000015,True,0.3015,False
100,375,0.04999999999999982,-0.040000000000000036,0.1466666666666665,0.18666666666666654,True,0.3,False
100,376,0.04999999999999982,-0.03666666666666707,0.15333333333333335,0.19000000000000042,True,0.305,False
100,377,0.04999999999999982,-0.036666666666665314,0.14999999999999947,0.1866666666666648,True,0.3115,False
100,378,0.05000000000000071,-0.043333333333333,0.15000000000000038,0.19333333333333338,True,0.3225,False
100,379,0.04999999999999982,-0.040000000000000036,0.14341666666666725,0.18341666666666728,True,0.312,False
100,380,0.04999999999999982,-0.03666666666666707,0.14341666666666725,0.18008333333333432,True,0.301,False
100,381,0.04999999999999982,-0.03666666666666707,0.15333333333333332,0.1900000000000004,True,0.2865,False
100,382,0.04999999999999982,-0.03666666666666618,0.14999999999999947,0.18666666666666565,True,0.2945,False
100,383,0.04999999999999982,-0.043333333333333,0.1499999999999995,0.1933333333333325,True,0.3295,False
100,384,0.04999999999999982,-0.043333333333333,0.14999999999999947,0.19333333333333247,True,0.298,False
100,385,0.04999999999999982,-0.03675000000000023,0.1466666666666674,0.18341666666666762,True,0.2995,False
100,386,0.04999999999999982,-0.036666666666665314,0.14675000000000024,0.18341666666666556,True,0.3165,False
100,387,0.05000000000000071,-0.040000000000000036,0.14333333333333442,0.18333333333333446,True,0.3185,False
100,388,0.05000000000000071,-0.03666666666666618,0.1466666666666674,0.18333333333333357,True,0.302,False
100,389,0.04999999999999982,-0.0333333333333341,0.15008333333333407,0.18341666666666817,True,0.301,False
100,390,0.05000000000000071,-0.03675000000000023,0.14675000000000024,0.18350000000000047,True,0.31,False
100,391,0.04999999999999982,-0.03666666666666707,0.1499999999999995,0.18666666666666656,True,0.312,False
100,392,0.04999999999999982,-0.03675000000000109,0.1466666666666665,0.1834166666666676,True,0.3185,False
100,393,0.05000000000000071,-0.03675000000000023,0.15333333333333332,0.19008333333333355,True,0.287,False
100,394,0.04999999999999982,-0.03999999999999917,0.14999999999999947,0.18999999999999864,True,0.3085,False
100,395,0.04999999999999982,-0.033333333333333215,0.15000000000000036,0.18333333333333357,True,0.3045,False
100,396,0.04999999999999982,-0.03666666666666618,0.1466666666666674,0.18333333333333357,True,0.277,False
100,397,0.04999999999999982,-0.033333333333333236,0.1466666666666674,0.18000000000000063,True,0.2875,False
100,398,0.04999999999999982,-0.043333333333333,0.14333333333333267,0.18666666666666568,True,0.312,False
100,399,0.04999999999999982,-0.040000000000000036,0.14000000000000057,0.1800000000000006,True,0.289,False
100,400,0.04999999999999982,-0.040000000000000036,0.1499999999999995,0.18999999999999953,True,0.2875,False
100,401,0.05000000000000071,-0.03333333333333235,0.15000000000000038,0.18333333333333274,True,0.2985,False
100,402,0.04999999999999982,-0.03666666666666618,0.1499999999999995,0.18666666666666568,True,0.296,False
100,403,0.04999999999999982,-0.03675000000000023,0.1466666666666665,0.18341666666666673,True,0.3075,False
100,404,0.04999999999999982,-0.03675000000000025,0.15000000000000124,0.1867500000000015,True,0.331,False
100,405,0.04999999999999982,-0.043333333333332134,0.15008333333333324,0.19341666666666538,True,0.294,False
100,406,0.04999999999999982,-0.0366666666666662,0.14675000000000024,0.18341666666666645,True,0.28,False
100,407,0.05000000000000071,-0.03666666666666618,0.14333333333333353,0.17999999999999972,True,0.307,False
100,408,0.05000000000000071,-0.033333333333333215,0.1466666666666674,0.1800000000000006,True,0.3085,False
100,409,0.04999999999999982,-0.03999999999999917,0.1466666666666674,0.18666666666666656,True,0.305,False
100,410,0.04999999999999982,-0.03999999999999915,0.1499999999999995,0.18999999999999864,True,0.29,False
100,411,0.05000000000000071,-0.03666666666666707,0.1566666666666663,0.19333333333333336,True,0.3015,False
100,412,0.04999999999999982,-0.043333333333333,0.14675000000000024,0.19008333333333324,True,0.3005,False
100,413,0.04999999999999982,-0.033333333333333215,0.15666666666666632,0.18999999999999953,True,0.292,False
100,414,0.04999999999999982,-0.043333333333333,0.15000000000000124,0.19333333333333425,True,0.307,False
100,415,0.05000000000000071,-0.0333333333333341,0.15341666666666617,0.18675000000000028,True,0.3125,False
100,416,0.04999999999999982,-0.040000000000000036,0.15000000000000036,0.1900000000000004,True,0.3205,False
100,417,0.04999999999999982,-0.040000000000000036,0.14333333333333353,0.18333333333333357,True,0.2985,False
100,418,0.05000000000000071,-0.04333333333333302,0.1499999999999995,0.19333333333333252,True,0.313,False
100,419,0.05000000000000071,-0.03666666666666707,0.15333333333333335,0.19000000000000042,True,0.2875,False
100,420,0.05000000000000071,-0.03675000000000023,0.15000000000000038,0.1867500000000006,True,0.3035,False
100,421,0.04999999999999982,-0.03666666666666707,0.14999999999999947,0.18666666666666654,True,0.305,False
100,422,0.04999999999999982,-0.040000000000000056,0.1466666666666665,0.18666666666666656,True,0.3085,False
100,423,0.04999999999999982,-0.03666666666666707,0.1500833333333332,0.18675000000000028,True,0.3245,False
100,424,0.04999999999999982,-0.03999999999999917,0.1466666666666665,0.18666666666666568,True,0.314,False
100,425,0.04999999999999982,-0.04341666666666705,0.14333333333333265,0.1867499999999997,True,0.287,False
100,426,0.04999999999999982,-0.03999999999999915,0.1499999999999995,0.18999999999999864,True,0.309,False
100,427,0.04999999999999982,-0.043333333333333,0.14333333333333356,0.18666666666666656,True,0.302,False
100,428,0.04999999999999982,-0.0366666666666662,0.14333333333333353,0.17999999999999974,True,0.3035,False
100,429,0.04999999999999982,-0.03999999999999917,0.15333333333333332,0.1933333333333325,True,0.3235,False
100,430,0.04999999999999982,-0.03666666666666707,0.15000000000000036,0.18666666666666742,True,0.308,False
100,431,0.04999999999999982,-0.03341666666666726,0.1466666666666665,0.18008333333333376,True,0.2935,False
100,432,0.04999999999999982,-0.040000000000000036,0.15000000000000036,0.1900000000000004,True,0.2775,False
100,433,0.04999999999999982,-0.040000000000000924,0.1466666666666665,0.18666666666666742,True,0.298,False
100,434,0.04999999999999982,-0.03999999999999915,0.1466666666666674,0.18666666666666654,True,0.3125,False
100,435,0.04999999999999982,-0.03341666666666726,0.1499999999999995,0.18341666666666676,True,0.311,False
100,436,0.04999999999999982,-0.03666666666666707,0.14666666666666653,0.1833333333333336,True,0.3085,False
100,437,0.04999999999999982,-0.033333333333333215,0.14341666666666725,0.17675000000000046,True,0.2905,False
100,438,0.04999999999999982,-0.043333333333332134,0.14333333333333353,0.18666666666666568,True,0.308,False
100,439,0.04999999999999982,-0.033333333333333215,0.15333333333333332,0.18666666666666654,True,0.2975,False
100,440,0.04999999999999982,-0.03666666666666707,0.14675000000000024,0.1834166666666673,True,0.309,False
100,441,0.04999999999999982,-0.03666666666666707,0.15333333333333332,0.1900000000000004,True,0.314,False
100,442,0.04999999999999982,-0.040000000000000036,0.14333333333333353,0.18333333333333357,True,0.296,False
100,443,0.04999999999999982,-0.03999999999999917,0.14341666666666728,0.18341666666666645,True,0.2985,False
100,444,0.05000000000000071,-0.040000000000000036,0.1466666666666665,0.18666666666666654,True,0.31,False
100,445,0.05000000000000071,-0.040000000000000036,0.1466666666666674,0.18666666666666742,True,0.3135,False
100,446,0.04999999999999982,-0.03000000000000025,0.14666666666666653,0.17666666666666678,True,0.3115,False
100,447,0.04999999999999982,-0.03666666666666618,0.14675000000000024,0.18341666666666642,True,0.274,False
100,448,0.04999999999999982,-0.0333333333333341,0.14999999999999947,0.18333333333333357,True,0.286,False
100,449,0.04999999999999982,-0.03666666666666707,0.1466666666666665,0.18333333333333357,True,0.313,False
100,450,0.04999999999999982,-0.040000000000000036,0.14341666666666728,0.1834166666666673,True,0.2895,False
100,451,0.05000000000000071,-0.033333333333333215,0.15000000000000036,0.18333333333333357,True,0.312,False
100,452,0.04999999999999982,-0.03999999999999917,0.1466666666666665,0.18666666666666568,True,0.3115,False
100,453,0.04999999999999982,-0.040000000000000036,0.14675000000000024,0.18675000000000028,True,0.2895,False
100,454,0.04999999999999982,-0.043333333333333,0.15333333333333246,0.19666666666666546,True,0.2915,False
100,455,0.05000000000000071,-0.040000000000000036,0.1466666666666674,0.18666666666666742,True,0.304,False
100,456,0.04999999999999982,-0.040000000000000036,0.1466666666666665,0.18666666666666654,True,0.309,False
100,457,0.04999999999999982,-0.03666666666666707,0.1466666666666674,0.18333333333333446,True,0.265,False
100,458,0.04999999999999982,-0.03675000000000023,0.14999999999999947,0.1867499999999997,True,0.3525,False
100,459,0.05000000000000071,-0.03666666666666618,0.15333333333333332,0.1899999999999995,True,0.3225,False
100,460,0.04999999999999982,-0.03666666666666707,0.1466666666666665,0.18333333333333357,True,0.321,False
100,461,0.04999999999999982,-0.040000000000000036,0.14666666666666653,0.18666666666666656,True,0.297,False
100,462,0.04999999999999982,-0.04008333333333408,0.15333333333333332,0.1934166666666674,True,0.279,False
100,463,0.04999999999999982,-0.033333333333333215,0.15000000000000036,0.18333333333333357,True,0.3035,False
100,464,0.04999999999999982,-0.03666666666666618,0.14675000000000024,0.18341666666666642,True,0.2995,False
100,465,0.0500000000000016,-0.040000000000000036,0.15333333333333332,0.19333333333333336,True,0.2955,False
100,466,0.05000000000000071,-0.03999999999999915,0.14675000000000024,0.1867499999999994,True,0.3055,False
100,467,0.05000000000000071,-0.04333333333333389,0.1466666666666665,0.1900000000000004,True,0.32,False
100,468,0.049999999999998934,-0.040000000000000036,0.14674999999999938,0.18674999999999942,True,0.2805,False
100,469,0.04999999999999982,-0.043333333333333,0.1400000000000006,0.1833333333333336,True,0.315,False
100,470,0.05000000000000071,-0.03666666666666709,0.14999999999999947,0.18666666666666656,True,0.3195,False
100,471,0.04999999999999982,-0.040000000000000036,0.1466666666666674,0.18666666666666742,True,0.291,False
100,472,0.04999999999999982,-0.040000000000000056,0.14333333333333356,0.18333333333333363,True,0.308,False
100,473,0.04999999999999982,-0.040000000000000036,0.14999999999999947,0.1899999999999995,True,0.302,False
100,474,0.04999999999999982,-0.040000000000000036,0.15000000000000036,0.1900000000000004,True,0.3195,False
100,475,0.04999999999999982,-0.04333333333333389,0.1466666666666665,0.1900000000000004,True,0.295,False
100,476,0.04999999999999982,-0.03675000000000023,0.1466666666666674,0.18341666666666762,True,0.3055,False
100,477,0.04999999999999982,-0.03999999999999915,0.15000000000000036,0.1899999999999995,True,0.2855,False
100,478,0.05000000000000071,-0.0366666666666662,0.15000000000000036,0.18666666666666656,True,0.315,False
100,479,0.05000000000000071,-0.03666666666666707,0.1466666666666674,0.18333333333333446,True,0.326,False
100,480,0.0500000000000016,-0.033333333333333215,0.14999999999999947,0.18333333333333268,True,0.297,False
100,481,0.04999999999999982,-0.040000000000000036,0.15333333333333246,0.1933333333333325,True,0.2875,False
100,482,0.04999999999999982,-0.040000000000000056,0.1466666666666665,0.18666666666666656,True,0.3215,False
100,483,0.04999999999999982,-0.0366666666666662,0.15000000000000036,0.18666666666666656,True,0.2675,False
100,484,0.04999999999999982,-0.033333333333333215,0.1499999999999995,0.1833333333333327,True,0.3005,False
100,485,0.04999999999999982,-0.040000000000000036,0.14333333333333353,0.18333333333333357,True,0.2965,False
100,486,0.04999999999999982,-0.03666666666666707,0.1466666666666674,0.18333333333333446,True,0.298,False
100,487,0.04999999999999982,-0.03666666666666707,0.14999999999999947,0.18666666666666654,True,0.317,False
100,488,0.04999999999999982,-0.040000000000000036,0.15666666666666632,0.19666666666666635,True,0.3025,False
100,489,0.04999999999999982,-0.03666666666666796,0.1466666666666674,0.18333333333333535,True,0.3135,False
100,490,0.04999999999999982,-0.040000000000000036,0.13999999999999968,0.17999999999999972,True,0.2855,False
100,491,0.04999999999999982,-0.0333333333333341,0.15333333333333332,0.18666666666666742,True,0.284,False
100,492,0.04999999999999982,-0.0366666666666662,0.15333333333333332,0.18999999999999953,True,0.3055,False
100,493,0.04999999999999982,-0.03666666666666618,0.15333333333333332,0.1899999999999995,True,0.3085,False
100,494,0.04999999999999982,-0.0333333333333341,0.14666666666666653,0.18000000000000063,True,0.315,False
100,495,0.04999999999999982,-0.03666666666666707,0.1533333333333342,0.19000000000000128,True,0.3005,False
100,496,0.05000000000000071,-0.03341666666666723,0.14999999999999947,0.1834166666666667,True,0.3095,False
100,497,0.04999999999999982,-0.03666666666666707,0.14675000000000024,0.1834166666666673,True,0.2935,False
100,498,0.04999999999999982,-0.040083333333334054,0.1466666666666674,0.18675000000000144,True,0.3145,False
100,499,0.04999999999999982,-0.03666666666666618,0.15000000000000036,0.18666666666666654,True,0.3275,False
