sample_size,trial,point_estimate,ci_lower,ci_upper,ci_width,contains_full_sample_estimate,p_value,significant_at_05
25,0,-0.8533333333333335,-1.2403333333333333,-0.43999999999999995,0.8003333333333333,True,0.0,True
25,1,-0.773333333333333,-1.1603333333333337,-0.3330000000000011,0.8273333333333326,True,0.003,True
25,2,-0.3999999999999999,-0.8666666666666663,0.05333333333333368,0.9199999999999999,True,0.1195,False
25,3,-0.5733333333333328,-0.9733333333333336,-0.14666666666666694,0.8266666666666667,True,0.022,True
25,4,-0.2799999999999985,-0.8133333333333326,0.22666666666666702,1.0399999999999996,True,0.3285,False
25,5,-0.5599999999999996,-1.066666666666666,-0.03999999999999957,1.0266666666666664,True,0.051,False
25,6,-0.1733333333333329,-0.7599999999999998,0.3999999999999999,1.1599999999999997,True,0.5855,False
25,7,-0.2666666666666666,-0.7466666666666653,0.2269999999999985,0.9736666666666638,True,0.3275,False
25,8,-0.6799999999999997,-1.1599999999999997,-0.1333333333333333,1.0266666666666664,True,0.0205,True
25,9,-0.6266666666666665,-1.0533333333333332,-0.20000000000000018,0.853333333333333,True,0.0085,True
25,10,-0.8799999999999999,-1.253333333333333,-0.5196666666666685,0.7336666666666645,True,0.0,True
25,11,-0.3333333333333326,-0.7866666666666666,0.17333333333333378,0.9600000000000004,True,0.1775,False
25,12,-0.3066666666666662,-0.853333333333333,0.2536666666666653,1.1069999999999984,True,0.292,False
25,13,-0.3999999999999999,-0.8803333333333331,0.07999999999999964,0.9603333333333327,True,0.1325,False
25,14,-0.5866666666666669,-0.9736666666666668,-0.17333333333333334,0.8003333333333335,True,0.013,True
25,15,-0.56,-1.12,-0.02666666666666684,1.0933333333333333,True,0.057,False
25,16,-0.46666666666666634,-0.9333333333333331,-0.02666666666666684,0.9066666666666663,True,0.0725,False
25,17,-0.31999999999999984,-0.8266666666666662,0.18699999999999806,1.0136666666666643,True,0.2235,False
25,18,-0.7466666666666657,-1.2400000000000002,-0.26666666666666616,0.973333333333334,True,0.005,True
25,19,-0.3466666666666667,-0.8533333333333335,0.13333333333333286,0.9866666666666664,True,0.186,False
25,20,-0.8266666666666662,-1.2399999999999993,-0.3999999999999999,0.8399999999999994,True,0.002,True
25,21,-0.5333333333333345,-0.9466666666666663,-0.14666666666666694,0.7999999999999994,True,0.021,True
25,22,-0.8133333333333335,-1.1599999999999997,-0.4530000000000008,0.706999999999999,True,0.0,True
25,23,-0.6133333333333337,-1.1599999999999997,-0.05300000000000131,1.1069999999999984,True,0.0455,True
25,24,-0.6799999999999997,-1.1066666666666665,-0.2666666666666675,0.839999999999999,True,0.001,True
25,25,-0.5866666666666669,-0.973333333333334,-0.17333333333333334,0.8000000000000007,True,0.0115,True
25,26,-0.7199999999999998,-1.1736666666666664,-0.18666666666666742,0.986999999999999,True,0.0125,True
25,27,-0.11999999999999922,-0.6399999999999997,0.39999999999999947,1.0399999999999991,True,0.63,False
25,28,-0.8933333333333326,-1.333333333333333,-0.42666666666666764,0.9066666666666654,True,0.001,True
25,29,-0.14666666666666606,-0.6666666666666665,0.4266666666666672,1.0933333333333337,True,0.583,False
25,30,-0.5466666666666677,-1.0536666666666665,-0.04000000000000048,1.013666666666666,True,0.06,False
25,31,-0.3599999999999999,-0.8133333333333326,0.06666666666666644,0.879999999999999,True,0.1535,False
25,32,-0.3600000000000003,-0.9066666666666667,0.17333333333333378,1.0800000000000005,True,0.213,False
25,33,-0.7066666666666661,-1.186666666666666,-0.2533333333333325,0.9333333333333336,True,0.0055,True
25,34,-0.42666666666666675,-0.947,0.13333333333333286,1.080333333333333,True,0.1615,False
25,35,-0.5200000000000005,-1.0533333333333337,0.0,1.0533333333333337,True,0.0785,False
25,36,-0.46666666666666634,-0.8666666666666667,-0.040000000000000466,0.8266666666666662,True,0.0425,True
25,37,-0.8533333333333335,-1.2800000000000002,-0.42666666666666675,0.8533333333333335,True,0.001,True
25,38,-0.4933333333333336,-1.0533333333333328,0.02666666666666684,1.0799999999999996,True,0.0905,False
25,39,-0.5333333333333323,-1.0803333333333331,4.440892098500626e-16,1.0803333333333336,True,0.0735,False
25,40,-0.7066666666666666,-1.253666666666667,-0.23966666666666786,1.0139999999999991,True,0.017,True
25,41,-0.3999999999999999,-0.8266666666666667,0.02666666666666684,0.8533333333333335,True,0.091,False
25,42,-0.6533333333333338,-1.1999999999999997,-0.10633333333333499,1.0936666666666648,True,0.032,True
25,43,-0.5866666666666669,-0.9733333333333336,-0.20000000000000062,0.773333333333333,True,0.0115,True
25,44,-0.3866666666666658,-0.7733333333333334,0.0,0.7733333333333334,True,0.0625,False
25,45,-0.5199999999999996,-0.9866666666666664,-0.08000000000000095,0.9066666666666654,True,0.0365,True
25,46,-0.5333333333333328,-0.9466666666666654,-0.1200000000000001,0.8266666666666653,True,0.025,True
25,47,-0.6266666666666669,-1.1866666666666665,-0.0930000000000009,1.0936666666666657,True,0.046,True
25,48,-0.853333333333333,-1.3333333333333335,-0.3466666666666671,0.9866666666666664,True,0.0035,True
25,49,-0.25333333333333297,-0.7733333333333334,0.3066666666666662,1.0799999999999996,True,0.3565,False
25,50,-0.4266666666666672,-0.9066666666666654,0.06666666666666643,0.9733333333333318,True,0.105,False
25,51,-1.0799999999999996,-1.5866666666666664,-0.5600000000000009,1.0266666666666655,False,0.0015,True
25,52,-0.3333333333333326,-0.7999999999999998,0.07999999999999963,0.8799999999999994,True,0.1605,False
25,53,-0.19999999999999973,-0.6799999999999997,0.2799999999999998,0.9599999999999995,True,0.4415,False
25,54,-0.48,-0.96,0.053666666666665155,1.0136666666666652,True,0.09,False
25,55,-0.6000000000000001,-1.1466666666666665,-0.0663333333333345,1.080333333333332,True,0.0525,False
25,56,-0.6000000000000001,-1.1199999999999997,-0.08000000000000006,1.0399999999999996,True,0.0405,True
25,57,-0.47999999999999954,-0.9866666666666668,0.013333333333334085,1.0000000000000009,True,0.0755,False
25,58,-0.5866666666666669,-0.9866666666666672,-0.22666666666666613,0.7600000000000011,True,0.0075,True
25,59,-0.45333333333333314,-0.9070000000000004,0.040000000000000036,0.9470000000000004,True,0.106,False
25,60,-0.7466666666666657,-1.2799999999999998,-0.20000000000000018,1.0799999999999996,True,0.0165,True
25,61,-0.7066666666666661,-1.2003333333333333,-0.21333333333333337,0.9869999999999999,True,0.0125,True
25,62,-0.7199999999999998,-1.1333333333333329,-0.3333333333333335,0.7999999999999994,True,0.0035,True
25,63,-0.22666666666666657,-0.6399999999999997,0.14666666666666694,0.7866666666666666,True,0.304,False
25,64,-0.813333333333333,-1.1866666666666665,-0.4400000000000004,0.7466666666666661,True,0.001,True
25,65,-0.9199999999999995,-1.306999999999999,-0.49333333333333274,0.8136666666666663,True,0.0,True
25,66,-0.6000000000000001,-0.9866666666666655,-0.18666666666666698,0.7999999999999985,True,0.012,True
25,67,-0.3733333333333344,-0.8933333333333322,0.16000000000000014,1.0533333333333323,True,0.196,False
25,68,-0.45333333333333314,-0.8666666666666663,-0.013333333333334085,0.8533333333333322,True,0.057,False
25,69,-0.6933333333333334,-1.2799999999999998,-0.1066666666666678,1.173333333333332,True,0.0255,True
25,70,-0.21333333333333337,-0.7199999999999998,0.30666666666666664,1.0266666666666664,True,0.4545,False
25,71,-0.8666666666666663,-1.3070000000000002,-0.4533333333333327,0.8536666666666675,True,0.002,True
25,72,-0.5733333333333333,-0.9733333333333332,-0.18666666666666698,0.7866666666666662,True,0.012,True
25,73,-0.5733333333333337,-1.0399999999999996,-0.12000000000000098,0.9199999999999986,True,0.0295,True
25,74,-0.7599999999999998,-1.1866666666666656,-0.33300000000000113,0.8536666666666646,True,0.0065,True
25,75,-0.2533333333333334,-0.666666666666667,0.1733333333333329,0.8399999999999999,True,0.271,False
25,76,-0.8799999999999994,-1.306666666666667,-0.46666666666666634,0.8400000000000007,True,0.0,True
25,77,-0.6533333333333338,-1.12,-0.19999999999999973,0.9200000000000004,True,0.0205,True
25,78,-0.6266666666666669,-1.1600000000000001,-0.0800000000000005,1.0799999999999996,True,0.0475,True
25,79,-0.5866666666666664,-1.0666666666666664,-0.1330000000000018,0.9336666666666646,True,0.0205,True
25,80,-0.4533333333333336,-0.9333333333333336,0.05333333333333368,0.9866666666666672,True,0.0805,False
25,81,-0.37333333333333396,-0.8799999999999999,0.16000000000000014,1.04,True,0.19,False
25,82,-0.8266666666666662,-1.2799999999999998,-0.38633333333333436,0.8936666666666655,True,0.0035,True
25,83,-0.773333333333333,-1.186666666666666,-0.3200000000000003,0.8666666666666658,True,0.0045,True
25,84,-0.5866666666666664,-1.0399999999999996,-0.1066666666666669,0.9333333333333327,True,0.029,True
25,85,-0.7066666666666666,-1.1999999999999993,-0.2533333333333334,0.9466666666666659,True,0.01,True
25,86,-0.8399999999999999,-1.2666666666666666,-0.43999999999999995,0.8266666666666667,True,0.001,True
25,87,-0.4933333333333332,-0.8933333333333335,-0.06666666666666687,0.8266666666666667,True,0.03,True
25,88,-0.6933333333333325,-1.146666666666666,-0.22666666666666657,0.9199999999999995,True,0.01,True
25,89,-0.37333333333333396,-0.9333333333333331,0.1866666666666661,1.1199999999999992,True,0.188,False
25,90,-0.9866666666666672,-1.4669999999999994,-0.4933333333333332,0.9736666666666662,True,0.001,True
25,91,-0.7066666666666666,-1.2000000000000002,-0.19999999999999973,1.0000000000000004,True,0.014,True
25,92,-0.6933333333333329,-1.2136666666666664,-0.1600000000000006,1.0536666666666659,True,0.023,True
25,93,-0.5333333333333332,-1.0266666666666664,-0.04000000000000002,0.9866666666666664,True,0.06,False
25,94,-0.6133333333333333,-1.066666666666666,-0.23999999999999977,0.8266666666666662,True,0.0115,True
25,95,-0.8533333333333339,-1.3199999999999994,-0.3600000000000003,0.9599999999999991,True,0.0015,True
25,96,-0.6933333333333329,-1.1333333333333324,-0.22666666666666613,0.9066666666666663,True,0.0085,True
25,97,-0.7200000000000006,-1.186666666666667,-0.24000000000000066,0.9466666666666663,True,0.008,True
25,98,-0.7466666666666661,-1.2403333333333333,-0.1866666666666661,1.0536666666666672,True,0.01,True
25,99,-0.6533333333333333,-1.1069999999999995,-0.18666666666666654,0.920333333333333,True,0.01,True
25,100,-0.7733333333333334,-1.253333333333333,-0.2533333333333334,0.9999999999999996,True,0.0085,True
25,101,-0.8266666666666662,-1.2133333333333334,-0.40000000000000124,0.8133333333333321,True,0.0005,True
25,102,-0.5866666666666669,-0.9733333333333332,-0.14666666666666694,0.8266666666666662,True,0.0145,True
25,103,-0.026666666666666394,-0.49333333333333274,0.4533333333333336,0.9466666666666663,False,0.922,False
25,104,-0.6400000000000006,-0.9599999999999995,-0.3466666666666667,0.6133333333333328,True,0.0005,True
25,105,-0.5733333333333333,-1.026666666666666,-0.10666666666666601,0.9199999999999999,True,0.0295,True
25,106,-0.6266666666666669,-1.106666666666666,-0.1333333333333346,0.9733333333333314,True,0.023,True
25,107,-0.8133333333333335,-1.2933333333333334,-0.3333333333333335,0.96,True,0.0035,True
25,108,-0.3866666666666658,-0.7599999999999998,0.013333333333333197,0.773333333333333,True,0.0815,False
25,109,-0.5733333333333337,-1.0666666666666664,-0.11999999999999966,0.9466666666666668,True,0.0315,True
25,110,-0.6933333333333325,-1.0933333333333328,-0.2663333333333347,0.8269999999999982,True,0.0045,True
25,111,-0.2799999999999998,-0.7066666666666661,0.22666666666666613,0.9333333333333322,True,0.269,False
25,112,-0.7066666666666661,-1.1999999999999997,-0.21333333333333337,0.9866666666666664,True,0.0085,True
25,113,-0.4133333333333331,-0.8669999999999994,0.05333333333333325,0.9203333333333327,True,0.108,False
25,114,-0.26666666666666705,-0.7200000000000002,0.22666666666666613,0.9466666666666663,True,0.2805,False
25,115,-0.30666666666666664,-0.8269999999999998,0.25333333333333297,1.080333333333333,True,0.3135,False
25,116,-0.16000000000000014,-0.7199999999999998,0.4400000000000004,1.1600000000000001,True,0.5825,False
25,117,-0.6533333333333333,-1.0933333333333324,-0.20000000000000062,0.8933333333333318,True,0.0085,True
25,118,-0.4133333333333331,-0.8133333333333335,0.02666666666666684,0.8400000000000003,True,0.069,False
25,119,-0.52,-1.0533333333333328,0.026666666666666394,1.0799999999999992,True,0.085,False
25,120,-0.7866666666666666,-1.2266666666666666,-0.3333333333333335,0.8933333333333331,True,0.0035,True
25,121,-0.38666666666666627,-0.813333333333333,0.02666666666666685,0.8399999999999999,True,0.1075,False
25,122,-0.8666666666666663,-1.2800000000000002,-0.4666666666666668,0.8133333333333335,True,0.0,True
25,123,-0.49333333333333407,-0.9866666666666664,4.440892098500626e-16,0.9866666666666668,True,0.0785,False
25,124,-0.26666666666666705,-0.693333333333332,0.1733333333333329,0.8666666666666649,True,0.255,False
25,125,-0.8800000000000003,-1.2933333333333334,-0.43999999999999995,0.8533333333333335,True,0.0005,True
25,126,-0.5466666666666664,-1.0666666666666664,-0.05333333333333322,1.0133333333333332,True,0.0575,False
25,127,-0.4933333333333336,-1.0933333333333333,0.026666666666667282,1.1200000000000006,True,0.1245,False
25,128,-0.6533333333333333,-1.1466666666666656,-0.1599999999999997,0.9866666666666659,True,0.023,True
25,129,-0.2799999999999998,-0.9866666666666655,0.37333333333333396,1.3599999999999994,True,0.4325,False
25,130,-0.5599999999999996,-1.0266666666666664,-0.10633333333333454,0.9203333333333319,True,0.0265,True
25,131,-0.5733333333333324,-1.066666666666666,-0.06666666666666642,0.9999999999999996,True,0.0475,True
25,132,-0.5866666666666669,-1.1199999999999997,-0.05333333333333366,1.066666666666666,True,0.0555,False
25,133,-0.6666666666666661,-1.1866666666666665,-0.09333333333333371,1.0933333333333328,True,0.031,True
25,134,-0.8933333333333326,-1.360333333333333,-0.4266666666666663,0.9336666666666666,True,0.0,True
25,135,-0.5866666666666673,-1.0666666666666673,-0.10666666666666602,0.9600000000000013,True,0.037,True
25,136,-0.3200000000000003,-0.6803333333333333,0.04000000000000005,0.7203333333333334,True,0.1055,False
25,137,-0.6799999999999997,-1.186666666666667,-0.19999999999999973,0.9866666666666672,True,0.018,True
25,138,-0.6399999999999997,-1.1199999999999997,-0.17333333333333378,0.9466666666666659,True,0.022,True
25,139,-0.06666666666666687,-0.38666666666666627,0.3066666666666662,0.6933333333333325,False,0.6885,False
25,140,-0.6399999999999992,-1.186666666666666,-0.10666666666666602,1.08,True,0.0275,True
25,141,-0.8400000000000003,-1.1736666666666664,-0.52,0.6536666666666664,True,0.0,True
25,142,-0.7733333333333339,-1.2266666666666666,-0.3196666666666684,0.9069999999999983,True,0.0035,True
25,143,-0.6799999999999997,-1.146666666666666,-0.21300000000000188,0.9336666666666642,True,0.007,True
25,144,-0.43999999999999995,-0.9199999999999995,0.0,0.9199999999999995,True,0.075,False
25,145,-0.5333333333333337,-1.0266666666666664,-8.881784197001252e-16,1.0266666666666655,True,0.0715,False
25,146,-0.706666666666667,-1.1603333333333328,-0.2666666666666675,0.8936666666666653,True,0.0075,True
25,147,-0.7333333333333334,-1.226666666666667,-0.23999999999999977,0.9866666666666672,True,0.014,True
25,148,-0.7600000000000007,-1.1999999999999997,-0.34666666666666623,0.8533333333333335,True,0.002,True
25,149,-0.7999999999999998,-1.3736666666666661,-0.2400000000000002,1.133666666666666,True,0.019,True
25,150,-0.5066666666666664,-0.9336666666666663,-0.06666666666666687,0.8669999999999994,True,0.0305,True
25,151,-0.27999999999999936,-0.7866666666666666,0.23999999999999977,1.0266666666666664,True,0.327,False
25,152,-0.7733333333333325,-1.2003333333333333,-0.31999999999999984,0.8803333333333334,True,0.008,True
25,153,-0.4533333333333327,-0.9736666666666655,0.040000000000000924,1.0136666666666665,True,0.115,False
25,154,-0.43999999999999995,-0.8536666666666667,-0.02666666666666684,0.8269999999999998,True,0.0475,True
25,155,-0.5733333333333337,-1.0933333333333337,-0.0666666666666664,1.0266666666666673,True,0.0355,True
25,156,-0.5333333333333332,-1.0133333333333332,-0.04000000000000002,0.9733333333333332,True,0.062,False
25,157,-0.31999999999999984,-0.7869999999999998,0.17333333333333334,0.9603333333333332,True,0.228,False
25,158,-0.7866666666666671,-1.3066666666666666,-0.2666666666666675,1.0399999999999991,True,0.0085,True
25,159,-0.5866666666666656,-1.0933333333333333,-0.06666666666666599,1.0266666666666673,True,0.0405,True
25,160,-0.41333333333333355,-0.8533333333333335,0.06666666666666644,0.9199999999999999,True,0.113,False
25,161,-0.2933333333333339,-0.7866666666666666,0.20033333333333167,0.9869999999999983,True,0.2885,False
25,162,-0.6533333333333333,-1.1066666666666665,-0.16000000000000014,0.9466666666666663,True,0.017,True
25,163,-0.8000000000000003,-1.266666666666667,-0.3333333333333326,0.9333333333333345,True,0.0065,True
25,164,-0.5333333333333332,-1.0266666666666664,-0.05333333333333323,0.9733333333333332,True,0.0465,True
25,165,-0.2666666666666666,-0.7066666666666674,0.2269999999999985,0.933666666666666,True,0.316,False
25,166,-0.43999999999999995,-0.919999999999999,0.06699999999999881,0.9869999999999979,True,0.1125,False
25,167,-0.37333333333333396,-0.7466666666666666,0.05333333333333236,0.7999999999999989,True,0.0825,False
25,168,-0.3066666666666671,-0.6533333333333329,0.05333333333333323,0.7066666666666661,True,0.109,False
25,169,-0.3999999999999999,-0.7733333333333334,-0.026666666666666394,0.746666666666667,True,0.0525,False
25,170,-0.48,-0.9999999999999996,0.0,0.9999999999999996,True,0.078,False
25,171,-0.5999999999999996,-1.1333333333333337,-0.06666666666666643,1.0666666666666673,True,0.056,False
25,172,-0.7333333333333343,-1.0933333333333328,-0.39999999999999947,0.6933333333333334,True,0.0,True
25,173,-0.5733333333333337,-1.0536666666666663,-0.0800000000000005,0.9736666666666658,True,0.037,True
25,174,-0.4266666666666663,-0.9599999999999995,0.08000000000000008,1.0399999999999996,True,0.1485,False
25,175,-0.5066666666666668,-1.026666666666666,-0.013333333333333197,1.0133333333333328,True,0.084,False
25,176,-0.6133333333333324,-0.9866666666666672,-0.2533333333333334,0.7333333333333338,True,0.004,True
25,177,-0.7066666666666674,-1.1600000000000001,-0.20000000000000018,0.96,True,0.012,True
25,178,-0.56,-0.9866666666666668,-0.13333333333333375,0.853333333333333,True,0.0205,True
25,179,-0.7600000000000002,-1.2136666666666664,-0.32000000000000073,0.8936666666666657,True,0.0035,True
25,180,-0.4666666666666668,-0.8933333333333335,-0.026666666666666394,0.8666666666666671,True,0.0495,True
25,181,-0.9733333333333336,-1.5066666666666664,-0.3866666666666667,1.1199999999999997,True,0.0035,True
25,182,-0.5866666666666664,-0.9866666666666668,-0.18666666666666654,0.8000000000000003,True,0.006,True
25,183,-0.9333333333333331,-1.3466666666666671,-0.5066666666666673,0.8399999999999999,True,0.0,True
25,184,-1.0133333333333332,-1.3733333333333335,-0.6666666666666665,0.706666666666667,False,0.0,True
25,185,-0.8666666666666663,-1.3466666666666671,-0.3599999999999999,0.9866666666666672,True,0.0025,True
25,186,-0.3466666666666671,-0.8669999999999999,0.2399999999999998,1.1069999999999998,True,0.2385,False
25,187,-0.2533333333333334,-0.8000000000000003,0.27999999999999936,1.0799999999999996,True,0.374,False
25,188,-0.7733333333333334,-1.1733333333333325,-0.3733333333333331,0.7999999999999994,True,0.0,True
25,189,-0.4933333333333323,-0.8933333333333331,-0.09333333333333325,0.7999999999999998,True,0.026,True
25,190,-0.5599999999999996,-0.8799999999999999,-0.2533333333333334,0.6266666666666665,True,0.0025,True
25,191,-0.7733333333333325,-1.2266666666666661,-0.31999999999999984,0.9066666666666663,True,0.0085,True
25,192,-0.053333333333332344,-0.5866666666666664,0.44033333333333186,1.0269999999999984,True,0.835,False
25,193,-0.6266666666666665,-1.1066666666666665,-0.1466666666666656,0.9600000000000009,True,0.034,True
25,194,-0.26666666666666616,-0.8399999999999999,0.3199999999999994,1.1599999999999993,True,0.396,False
25,195,-0.42666666666666675,-0.9336666666666663,0.10666666666666604,1.0403333333333324,True,0.14,False
25,196,-0.6933333333333329,-1.1603333333333328,-0.21333333333333382,0.946999999999999,True,0.017,True
25,197,-0.5733333333333328,-1.0133333333333332,-0.11966666666666816,0.893666666666665,True,0.0295,True
25,198,-0.4533333333333336,-0.9066666666666663,0.013333333333333197,0.9199999999999995,True,0.07,False
25,199,-0.9200000000000008,-1.3066666666666666,-0.5466666666666669,0.7599999999999998,True,0.0,True
25,200,-0.9333333333333336,-1.373333333333333,-0.5200000000000005,0.8533333333333326,True,0.0,True
25,201,-0.3599999999999999,-0.8400000000000003,0.1333333333333333,0.9733333333333336,True,0.179,False
25,202,-0.5999999999999996,-1.0133333333333345,-0.18666666666666654,0.826666666666668,True,0.012,True
25,203,-0.7066666666666666,-1.1999999999999993,-0.22666666666666702,0.9733333333333323,True,0.006,True
25,204,-0.8533333333333326,-1.2399999999999998,-0.43966666666666804,0.8003333333333318,True,0.0015,True
25,205,-0.7199999999999998,-1.066666666666666,-0.3466666666666667,0.7199999999999993,True,0.0,True
25,206,-0.3066666666666662,-0.7469999999999998,0.10666666666666691,0.8536666666666667,True,0.204,False
25,207,0.08000000000000052,-0.3736666666666667,0.5333333333333332,0.9069999999999999,False,0.7875,False
25,208,-0.6799999999999997,-1.1603333333333332,-0.1863333333333346,0.9739999999999986,True,0.022,True
25,209,-0.7199999999999993,-1.186666666666667,-0.293333333333333,0.893333333333334,True,0.004,True
25,210,-0.6133333333333328,-1.1199999999999997,-0.06666666666666687,1.0533333333333328,True,0.0345,True
25,211,-0.8266666666666671,-1.253333333333333,-0.40000000000000036,0.8533333333333326,True,0.0005,True
25,212,-0.6400000000000001,-1.1333333333333333,-0.1599999999999997,0.9733333333333336,True,0.0225,True
25,213,-1.0933333333333333,-1.466666666666666,-0.7333333333333334,0.7333333333333325,False,0.0,True
25,214,-0.5866666666666664,-0.9733333333333327,-0.17333333333333334,0.7999999999999994,True,0.009,True
25,215,-0.2933333333333339,-0.8399999999999994,0.20000000000000062,1.04,True,0.29,False
25,216,-0.56,-0.9066666666666663,-0.20000000000000018,0.7066666666666661,True,0.006,True
25,217,-0.4533333333333345,-0.8536666666666667,0.0003333333333314887,0.8539999999999982,True,0.053,False
25,218,-0.8399999999999999,-1.3199999999999998,-0.3199999999999994,1.0000000000000004,True,0.0015,True
25,219,-0.9733333333333332,-1.480333333333333,-0.4666666666666668,1.0136666666666663,True,0.0005,True
25,220,-0.5066666666666664,-0.9866666666666668,0.0,0.9866666666666668,True,0.0705,False
25,221,-0.6533333333333338,-1.12,-0.16000000000000014,0.96,True,0.0215,True
25,222,-0.9199999999999995,-1.3600000000000003,-0.48,0.8800000000000003,True,0.0,True
25,223,-0.3999999999999999,-0.8666666666666671,0.06666666666666601,0.9333333333333331,True,0.121,False
25,224,-0.05333333333333323,-0.4803333333333327,0.38666666666666716,0.8669999999999999,False,0.8395,False
25,225,-0.9466666666666663,-1.4,-0.4666666666666668,0.9333333333333331,True,0.0,True
25,226,-0.586666666666666,-1.0799999999999992,-0.08000000000000007,0.9999999999999991,True,0.0265,True
25,227,-0.7733333333333334,-1.2266666666666666,-0.29333333333333345,0.9333333333333331,True,0.005,True
25,228,-0.5066666666666659,-1.0133333333333336,-0.06666666666666643,0.9466666666666672,True,0.045,True
25,229,-0.22666666666666657,-0.7066666666666666,0.2399999999999989,0.9466666666666654,True,0.3875,False
25,230,-0.6666666666666661,-1.1600000000000001,-0.1733333333333329,0.9866666666666672,True,0.0225,True
25,231,-0.7466666666666675,-1.173333333333333,-0.33333333333333304,0.8399999999999999,True,0.002,True
25,232,-0.3733333333333331,-0.8266666666666662,0.09333333333333284,0.919999999999999,True,0.1475,False
25,233,-0.5066666666666668,-0.879999999999999,-0.10633333333333451,0.7736666666666645,True,0.018,True
25,234,-0.56,-0.9736666666666663,-0.1333333333333333,0.840333333333333,True,0.023,True
25,235,-0.33333333333333215,-0.8533333333333335,0.18699999999999847,1.040333333333332,True,0.256,False
25,236,-0.6400000000000001,-1.0799999999999996,-0.20000000000000062,0.879999999999999,True,0.0105,True
25,237,-0.3999999999999999,-0.8666666666666667,0.040000000000000036,0.9066666666666667,True,0.1125,False
25,238,-0.3999999999999999,-0.853333333333333,0.0799999999999992,0.9333333333333322,True,0.1205,False
25,239,-0.48,-0.8666666666666671,-0.05333333333333368,0.8133333333333335,True,0.0325,True
25,240,-0.5999999999999992,-1.0666666666666664,-0.1200000000000001,0.9466666666666663,True,0.0245,True
25,241,-0.5466666666666669,-0.9199999999999999,-0.18666666666666698,0.733333333333333,True,0.0195,True
25,242,-1.0,-1.44,-0.5733333333333333,0.8666666666666667,False,0.0005,True
25,243,-0.5466666666666664,-1.0133333333333328,-0.040000000000000036,0.9733333333333327,True,0.0405,True
25,244,-0.4933333333333336,-0.9336666666666668,-0.05333333333333279,0.880333333333334,True,0.057,False
25,245,-0.19999999999999973,-0.6533333333333338,0.26666666666666705,0.9200000000000008,True,0.4355,False
25,246,-0.3333333333333348,-0.7733333333333343,0.06666666666666643,0.8400000000000007,True,0.155,False
25,247,-0.2666666666666666,-0.6533333333333338,0.18666666666666698,0.8400000000000007,True,0.2625,False
25,248,-0.3733333333333344,-0.7869999999999998,0.09333333333333284,0.8803333333333326,True,0.12,False
25,249,-0.32000000000000073,-0.7466666666666666,0.09333333333333238,0.839999999999999,True,0.1455,False
25,250,-0.5333333333333332,-0.9733333333333332,-0.09333333333333327,0.8799999999999999,True,0.0325,True
25,251,-0.5999999999999996,-1.0666666666666655,-0.12000000000000009,0.9466666666666654,True,0.035,True
25,252,-0.56,-1.0669999999999995,-0.013333333333333187,1.0536666666666663,True,0.0575,False
25,253,-0.5333333333333332,-0.9733333333333332,-0.07966666666666813,0.893666666666665,True,0.026,True
25,254,-0.8399999999999994,-1.3736666666666666,-0.3333333333333339,1.0403333333333327,True,0.0075,True
25,255,-0.26666666666666705,-0.8266666666666667,0.30666666666666664,1.1333333333333333,True,0.3805,False
25,256,-0.96,-1.3866666666666658,-0.5599999999999996,0.8266666666666662,False,0.001,True
25,257,-0.6533333333333324,-1.2266666666666652,-0.06666666666666597,1.1599999999999993,True,0.0435,True
25,258,-0.8266666666666658,-1.2400000000000002,-0.3999999999999999,0.8400000000000003,True,0.001,True
25,259,-0.6799999999999997,-1.1069999999999998,-0.2666666666666675,0.8403333333333323,True,0.004,True
25,260,-0.8000000000000003,-1.2666666666666657,-0.3600000000000003,0.9066666666666654,True,0.003,True
25,261,-0.52,-0.9733333333333332,-0.09333333333333281,0.8800000000000003,True,0.034,True
25,262,-0.27999999999999936,-0.6666666666666661,0.10666666666666647,0.7733333333333325,True,0.177,False
25,263,-0.8266666666666667,-1.3066666666666662,-0.31999999999999984,0.9866666666666664,True,0.005,True
25,264,-0.56,-0.9466666666666659,-0.15999999999999925,0.7866666666666666,True,0.016,True
25,265,-0.7199999999999998,-1.1733333333333333,-0.30666666666666753,0.8666666666666658,True,0.003,True
25,266,-0.8533333333333339,-1.253333333333333,-0.3999999999999999,0.853333333333333,True,0.002,True
25,267,-0.8133333333333326,-1.306666666666667,-0.2799999999999998,1.0266666666666673,True,0.007,True
25,268,-0.4533333333333327,-0.9866666666666668,0.09333333333333328,1.08,True,0.127,False
25,269,-0.1200000000000001,-0.6266666666666669,0.4133333333333331,1.04,True,0.6865,False
25,270,-0.5066666666666664,-0.9603333333333336,-0.02666666666666684,0.9336666666666668,True,0.0525,False
25,271,-0.3600000000000012,-0.839999999999999,0.10666666666666647,0.9466666666666654,True,0.148,False
25,272,-0.6933333333333329,-1.2933333333333326,-0.1063333333333354,1.1869999999999972,True,0.037,True
25,273,-0.4399999999999995,-0.9336666666666659,0.09333333333333285,1.0269999999999988,True,0.124,False
25,274,-0.45333333333333403,-0.8666666666666667,-0.0930000000000009,0.7736666666666658,True,0.0295,True
25,275,-0.8666666666666667,-1.2933333333333326,-0.4400000000000004,0.8533333333333322,True,0.0015,True
25,276,-0.7999999999999989,-1.333333333333333,-0.2533333333333334,1.0799999999999996,True,0.008,True
25,277,-0.6266666666666678,-1.0799999999999996,-0.16000000000000014,0.9199999999999995,True,0.0145,True
25,278,-1.1733333333333333,-1.5333333333333328,-0.813333333333333,0.7199999999999998,False,0.0005,True
25,279,-0.21333333333333382,-0.706666666666667,0.25333333333333385,0.9600000000000009,True,0.441,False
25,280,-0.7599999999999998,-1.147,-0.3730000000000016,0.7739999999999985,True,0.0005,True
25,281,-0.6666666666666665,-1.0666666666666669,-0.25333333333333297,0.8133333333333339,True,0.005,True
25,282,-0.26666666666666794,-0.773333333333333,0.24033333333333126,1.0136666666666643,True,0.317,False
25,283,-0.5599999999999996,-0.9733333333333332,-0.11999999999999966,0.8533333333333335,True,0.0285,True
25,284,-0.7066666666666657,-1.08,-0.3196666666666683,0.7603333333333318,True,0.003,True
25,285,-0.5066666666666659,-1.0266666666666664,-0.013000000000001264,1.0136666666666652,True,0.0585,False
25,286,-0.10666666666666691,-0.6133333333333324,0.3999999999999999,1.0133333333333323,True,0.703,False
25,287,-0.5866666666666669,-0.9866666666666668,-0.1333333333333333,0.8533333333333335,True,0.0275,True
25,288,-0.5200000000000005,-0.9200000000000004,-0.1466666666666665,0.7733333333333339,True,0.026,True
25,289,-0.7200000000000002,-1.3466666666666667,-0.06666666666666686,1.2799999999999998,True,0.0405,True
25,290,-0.5333333333333337,-0.9466666666666663,-0.0930000000000009,0.8536666666666655,True,0.026,True
25,291,-0.7466666666666661,-1.2399999999999998,-0.23999999999999977,1.0,True,0.0135,True
25,292,-0.666666666666667,-1.0936666666666663,-0.19999999999999973,0.8936666666666666,True,0.0085,True
25,293,-0.25333333333333297,-0.7866666666666662,0.22666666666666657,1.0133333333333328,True,0.335,False
25,294,-0.6533333333333329,-1.1336666666666664,-0.1600000000000006,0.9736666666666658,True,0.0195,True
25,295,-0.3333333333333335,-0.8399999999999999,0.13333333333333375,0.9733333333333336,True,0.2025,False
25,296,-0.9199999999999986,-1.306666666666667,-0.5466666666666669,0.7600000000000002,True,0.0005,True
25,297,-0.6133333333333333,-1.1199999999999992,-0.1600000000000006,0.9599999999999986,True,0.017,True
25,298,-0.6933333333333338,-1.173333333333333,-0.1999999999999993,0.9733333333333336,True,0.012,True
25,299,-0.6399999999999997,-1.1199999999999997,-0.22633333333333422,0.8936666666666655,True,0.013,True
25,300,-0.773333333333333,-1.333333333333333,-0.1999999999999993,1.1333333333333337,True,0.0125,True
25,301,-0.9066666666666663,-1.3203333333333334,-0.49333333333333274,0.8270000000000006,True,0.001,True
25,302,-0.6933333333333338,-1.1866666666666665,-0.21333333333333382,0.9733333333333327,True,0.013,True
25,303,-0.5999999999999996,-1.08,-0.09333333333333371,0.9866666666666664,True,0.0405,True
25,304,-0.25333333333333297,-0.5733333333333324,0.05333333333333279,0.6266666666666652,True,0.1375,False
25,305,-0.4533333333333336,-0.8933333333333335,-0.026666666666667716,0.8666666666666658,True,0.064,False
25,306,-0.23999999999999977,-0.7603333333333334,0.2933333333333339,1.0536666666666674,True,0.4295,False
25,307,-0.6133333333333337,-1.080000000000001,-0.10666666666666647,0.9733333333333345,True,0.0235,True
25,308,-0.7600000000000002,-1.226666666666667,-0.2933333333333339,0.9333333333333331,True,0.003,True
25,309,-0.6533333333333333,-1.1199999999999997,-0.19999999999999973,0.9199999999999999,True,0.011,True
25,310,-0.5599999999999992,-0.9736666666666668,-0.17333333333333378,0.800333333333333,True,0.0215,True
25,311,-0.6933333333333334,-1.1199999999999997,-0.30633333333333473,0.813666666666665,True,0.003,True
25,312,-0.5333333333333328,-1.0400000000000005,0.013333333333332763,1.0533333333333332,True,0.065,False
25,313,-0.5466666666666669,-0.9999999999999996,-0.07966666666666815,0.9203333333333314,True,0.0425,True
25,314,-0.7199999999999998,-1.2799999999999998,-0.11999999999999966,1.1600000000000001,True,0.0315,True
25,315,-0.41333333333333355,-0.8936666666666667,0.026666666666666394,0.9203333333333331,True,0.116,False
25,316,-0.5466666666666669,-0.9866666666666664,-0.08000000000000007,0.9066666666666663,True,0.0365,True
25,317,-0.746666666666667,-1.1736666666666669,-0.33333333333333304,0.8403333333333338,True,0.004,True
25,318,-0.44000000000000083,-0.8933333333333326,0.0,0.8933333333333326,True,0.095,False
25,319,-0.7866666666666662,-1.2403333333333328,-0.34633333333333477,0.8939999999999981,True,0.003,True
25,320,-0.6400000000000006,-1.1336666666666662,-0.17333333333333378,0.9603333333333324,True,0.0135,True
25,321,-1.04,-1.4800000000000004,-0.6000000000000005,0.8799999999999999,False,0.0005,True
25,322,-0.45333333333333314,-1.0,0.040333333333331535,1.0403333333333316,True,0.1045,False
25,323,-0.9066666666666663,-1.3733333333333335,-0.42666666666666675,0.9466666666666668,True,0.0015,True
25,324,-0.3599999999999999,-0.9333333333333331,0.13333333333333375,1.0666666666666669,True,0.23,False
25,325,-0.5466666666666664,-1.0536666666666668,-0.01300000000000082,1.040666666666666,True,0.0685,False
25,326,-0.5599999999999996,-1.066666666666666,-0.013333333333333641,1.0533333333333323,True,0.0535,False
25,327,-0.6933333333333329,-1.1733333333333338,-0.20000000000000104,0.9733333333333327,True,0.013,True
25,328,-0.5066666666666668,-0.9466666666666668,-0.05333333333333323,0.8933333333333335,True,0.0555,False
25,329,-0.359999999999999,-0.8666666666666667,0.1466666666666674,1.013333333333334,True,0.1925,False
25,330,-0.46666666666666634,-0.9203333333333336,-0.02633333333333447,0.8939999999999991,True,0.054,False
25,331,-0.34666666666666623,-0.8400000000000003,0.1599999999999988,0.9999999999999991,True,0.1895,False
25,332,-0.8266666666666658,-1.266666666666667,-0.3466666666666671,0.9199999999999999,True,0.001,True
25,333,-0.48,-0.9999999999999996,-0.013000000000001276,0.9869999999999983,True,0.0875,False
25,334,-0.3599999999999999,-0.8399999999999994,0.1466666666666674,0.9866666666666668,True,0.2075,False
25,335,-0.7466666666666675,-1.2136666666666664,-0.2796666666666679,0.9339999999999986,True,0.0055,True
25,336,-0.6933333333333334,-1.2003333333333328,-0.173000000000001,1.0273333333333319,True,0.0215,True
25,337,-0.8133333333333335,-1.2933333333333334,-0.3463333333333347,0.9469999999999987,True,0.0025,True
25,338,-0.6000000000000001,-0.9066666666666667,-0.293333333333333,0.6133333333333337,True,0.001,True
25,339,-0.5333333333333332,-1.106666666666666,0.08000000000000052,1.1866666666666665,True,0.0955,False
25,340,-0.8666666666666663,-1.3866666666666663,-0.36000000000000076,1.0266666666666655,True,0.0065,True
25,341,-0.4666666666666668,-0.9200000000000004,0.040000000000000036,0.9600000000000004,True,0.0785,False
25,342,-0.026666666666666394,-0.6133333333333333,0.5466666666666664,1.1599999999999997,True,0.945,False
25,343,-0.4533333333333336,-0.9066666666666663,0.0,0.9066666666666663,True,0.0725,False
25,344,-0.48,-0.9333333333333336,-8.659739592077433e-16,0.9333333333333327,True,0.076,False
25,345,-0.640000000000001,-1.0266666666666664,-0.25333333333333297,0.7733333333333334,True,0.0045,True
25,346,-0.6799999999999993,-1.1999999999999993,-0.1600000000000006,1.0399999999999987,True,0.019,True
25,347,-0.293333333333333,-0.7599999999999993,0.14699999999999844,0.9069999999999978,True,0.259,False
25,348,-0.9333333333333327,-1.4536666666666662,-0.3999999999999999,1.0536666666666663,True,0.0025,True
25,349,-0.8399999999999999,-1.3200000000000003,-0.3066666666666671,1.0133333333333332,True,0.004,True
25,350,-0.39999999999999947,-0.8933333333333326,0.09333333333333327,0.9866666666666659,True,0.135,False
25,351,-0.7600000000000002,-1.306666666666667,-0.22666666666666702,1.08,True,0.0175,True
25,352,-0.28000000000000025,-0.8933333333333331,0.2803333333333313,1.1736666666666644,True,0.3725,False
25,353,-0.4666666666666668,-1.0799999999999996,0.10666666666666648,1.186666666666666,True,0.173,False
25,354,-0.8666666666666671,-1.359999999999999,-0.3733333333333335,0.9866666666666655,True,0.002,True
25,355,-0.3999999999999999,-0.8266666666666653,0.053666666666664746,0.8803333333333301,True,0.1035,False
25,356,-0.3599999999999999,-0.8133333333333321,0.1336666666666661,0.9469999999999983,True,0.1585,False
25,357,-0.22666666666666568,-0.6666666666666665,0.2136666666666653,0.8803333333333319,True,0.3465,False
25,358,-0.5200000000000005,-0.9333333333333327,-0.1330000000000014,0.8003333333333313,True,0.0305,True
25,359,-0.49333333333333274,-0.9466666666666663,-0.05333333333333277,0.8933333333333335,True,0.049,True
25,360,-0.3066666666666684,-0.7733333333333334,0.18666666666666698,0.9600000000000004,True,0.22,False
25,361,-0.29333333333333256,-0.7733333333333339,0.1999999999999993,0.9733333333333332,True,0.271,False
25,362,-0.8666666666666667,-1.3466666666666667,-0.3866666666666667,0.96,True,0.003,True
25,363,-0.3599999999999999,-0.7466666666666666,0.03999999999999959,0.7866666666666662,True,0.106,False
25,364,-0.5466666666666669,-1.0133333333333336,-0.08000000000000006,0.9333333333333336,True,0.037,True
25,365,-0.5999999999999996,-1.04,-0.12000000000000055,0.9199999999999995,True,0.027,True
25,366,-0.746666666666667,-1.0933333333333333,-0.41333333333333355,0.6799999999999997,True,0.0,True
25,367,-0.2533333333333334,-0.7069999999999989,0.1599999999999997,0.8669999999999985,True,0.247,False
25,368,-0.8400000000000007,-1.3069999999999997,-0.35999999999999943,0.9470000000000003,True,0.0025,True
25,369,-0.25333333333333297,-0.6666666666666656,0.1599999999999997,0.8266666666666653,True,0.2905,False
25,370,-0.6799999999999997,-1.0399999999999996,-0.33333333333333215,0.7066666666666674,True,0.0025,True
25,371,-0.34666666666666623,-0.7466666666666661,0.06666666666666644,0.8133333333333326,True,0.127,False
25,372,-0.7733333333333339,-1.253333333333333,-0.2666666666666666,0.9866666666666664,True,0.0095,True
25,373,-1.0266666666666673,-1.4666666666666668,-0.6130000000000013,0.8536666666666655,False,0.0,True
25,374,-0.35999999999999943,-0.8133333333333335,0.09333333333333327,0.9066666666666667,True,0.1575,False
25,375,-0.3866666666666676,-0.8133333333333335,0.06666666666666687,0.8800000000000003,True,0.0985,False
25,376,-0.39999999999999947,-0.7866666666666671,-0.026666666666666394,0.7600000000000007,True,0.0585,False
25,377,-0.5866666666666669,-1.0533333333333337,-0.09333333333333371,0.96,True,0.0315,True
25,378,-0.8133333333333339,-1.2670000000000001,-0.3463333333333343,0.9206666666666659,True,0.004,True
25,379,-0.8666666666666667,-1.2399999999999998,-0.52,0.7199999999999998,True,0.0,True
25,380,-0.4933333333333332,-0.96,-0.02666666666666684,0.9333333333333331,True,0.0605,False
25,381,-0.6133333333333337,-1.0266666666666668,-0.17333333333333334,0.8533333333333335,True,0.009,True
25,382,-0.7599999999999993,-1.2133333333333334,-0.2533333333333334,0.96,True,0.008,True
25,383,-0.7866666666666666,-1.2266666666666661,-0.33333333333333304,0.8933333333333331,True,0.001,True
25,384,-0.6400000000000001,-1.1869999999999996,-0.12000000000000098,1.0669999999999986,True,0.034,True
25,385,-0.5599999999999996,-1.12,0.02666666666666684,1.146666666666667,True,0.082,False
25,386,-0.5199999999999996,-0.9599999999999995,-0.10666666666666734,0.8533333333333322,True,0.0335,True
25,387,-0.5733333333333333,-0.9466666666666668,-0.1600000000000006,0.7866666666666662,True,0.0115,True
25,388,-0.40000000000000036,-0.8933333333333335,0.08000000000000007,0.9733333333333336,True,0.124,False
25,389,-0.6666666666666665,-1.1603333333333337,-0.1600000000000006,1.000333333333333,True,0.021,True
25,390,-0.3333333333333335,-0.8000000000000003,0.14666666666666694,0.9466666666666672,True,0.2105,False
25,391,-0.5866666666666664,-1.0136666666666663,-0.1466666666666674,0.8669999999999989,True,0.0195,True
25,392,-0.7066666666666661,-1.0933333333333328,-0.30666666666666664,0.7866666666666662,True,0.003,True
25,393,-0.38666666666666627,-0.8403333333333335,0.10699999999999842,0.9473333333333319,True,0.136,False
25,394,-0.17333333333333423,-0.7333333333333338,0.41333333333333266,1.1466666666666665,True,0.593,False
25,395,-0.47999999999999954,-0.9066666666666663,-0.09333333333333327,0.813333333333333,True,0.0365,True
25,396,-0.26666666666666616,-0.6403333333333338,0.15999999999999925,0.800333333333333,True,0.2345,False
25,397,-0.7599999999999989,-1.1733333333333333,-0.3466666666666667,0.8266666666666667,True,0.001,True
25,398,-0.5333333333333337,-1.0133333333333328,-0.04000000000000048,0.9733333333333323,True,0.0545,False
25,399,-0.29333333333333345,-0.8936666666666658,0.27999999999999936,1.1736666666666653,True,0.36,False
25,400,-0.3599999999999999,-0.8666666666666663,0.1866666666666661,1.0533333333333323,True,0.216,False
25,401,-0.3600000000000003,-0.8266666666666671,0.1466666666666665,0.9733333333333336,True,0.1965,False
25,402,-1.0266666666666664,-1.5066666666666668,-0.5199999999999996,0.9866666666666672,True,0.0005,True
25,403,-0.4666666666666668,-0.8533333333333335,-0.07999999999999963,0.7733333333333339,True,0.0325,True
25,404,-0.8666666666666663,-1.2400000000000002,-0.45333333333333314,0.7866666666666671,True,0.0005,True
25,405,-0.6000000000000001,-1.066666666666666,-0.14666666666666694,0.919999999999999,True,0.0235,True
25,406,-0.8533333333333335,-1.3866666666666658,-0.3333333333333335,1.0533333333333323,True,0.003,True
25,407,-0.5066666666666677,-0.8266666666666671,-0.1600000000000006,0.6666666666666665,True,0.0105,True
25,408,-0.45333333333333226,-0.8403333333333335,-0.05333333333333322,0.7870000000000003,True,0.043,True
25,409,-0.38666666666666627,-1.0666666666666664,0.25333333333333385,1.3200000000000003,True,0.287,False
25,410,-0.6000000000000001,-1.1999999999999997,-8.548717289615523e-16,1.1999999999999988,True,0.0705,False
25,411,-0.8533333333333335,-1.3200000000000003,-0.33333333333333304,0.9866666666666672,True,0.0035,True
25,412,-0.666666666666667,-1.1466666666666665,-0.1866666666666661,0.9600000000000004,True,0.0155,True
25,413,-0.7999999999999998,-1.2133333333333334,-0.41333333333333355,0.7999999999999998,True,0.0005,True
25,414,-0.6666666666666661,-1.1999999999999997,-0.1600000000000006,1.0399999999999991,True,0.0315,True
25,415,-0.7199999999999998,-1.146666666666667,-0.3196666666666675,0.8269999999999995,True,0.0025,True
25,416,-0.36000000000000076,-0.9203333333333336,0.15999999999999925,1.080333333333333,True,0.1835,False
25,417,-0.5066666666666668,-0.8666666666666663,-0.1733333333333329,0.6933333333333334,True,0.0105,True
25,418,-0.4266666666666672,-0.8933333333333331,0.026999999999998327,0.9203333333333314,True,0.092,False
25,419,-0.2799999999999998,-0.8266666666666667,0.26666666666666616,1.0933333333333328,True,0.3465,False
25,420,-0.5333333333333328,-0.9066666666666672,-0.1333333333333333,0.7733333333333339,True,0.0185,True
25,421,-0.6133333333333342,-1.0133333333333332,-0.17333333333333334,0.8399999999999999,True,0.0105,True
25,422,-0.6399999999999997,-1.1336666666666668,-0.1599999999999997,0.9736666666666671,True,0.024,True
25,423,-0.6800000000000002,-1.0533333333333337,-0.2933333333333339,0.7599999999999998,True,0.0035,True
25,424,-0.9066666666666663,-1.4133333333333336,-0.4133333333333331,1.0000000000000004,True,0.002,True
25,425,-0.7200000000000002,-1.12,-0.3733333333333331,0.746666666666667,True,0.0005,True
25,426,-0.5866666666666669,-1.0799999999999996,-0.06633333333333494,1.0136666666666647,True,0.0485,True
25,427,-0.8000000000000007,-1.253333333333333,-0.31999999999999984,0.9333333333333331,True,0.007,True
25,428,-0.6000000000000001,-0.9999999999999996,-0.17333333333333334,0.8266666666666662,True,0.0125,True
25,429,-0.813333333333333,-1.2803333333333329,-0.3333333333333339,0.946999999999999,True,0.0025,True
25,430,-0.5333333333333332,-1.0399999999999991,-0.06666666666666643,0.9733333333333327,True,0.0495,True
25,431,-0.4400000000000004,-0.8399999999999999,-0.05333333333333366,0.7866666666666662,True,0.0395,True
25,432,-1.1733333333333338,-1.6000000000000005,-0.7333333333333334,0.8666666666666671,False,0.0,True
25,433,-1.0533333333333332,-1.4400000000000004,-0.6666666666666665,0.7733333333333339,False,0.0,True
25,434,-1.0266666666666677,-1.4,-0.6799999999999997,0.7200000000000002,False,0.0,True
25,435,-0.9199999999999999,-1.4133333333333327,-0.3999999999999999,1.0133333333333328,True,0.001,True
25,436,-0.7733333333333334,-1.1733333333333333,-0.399666666666668,0.7736666666666654,True,0.001,True
25,437,-0.48,-0.9466666666666659,-0.013333333333333608,0.9333333333333322,True,0.0875,False
25,438,-0.6800000000000002,-1.1333333333333329,-0.20000000000000018,0.9333333333333327,True,0.015,True
25,439,-0.5466666666666669,-1.0799999999999992,0.026666666666666394,1.1066666666666656,True,0.059,False
25,440,-1.0799999999999996,-1.5200000000000005,-0.6533333333333333,0.8666666666666671,False,0.0,True
25,441,-0.08000000000000007,-0.4933333333333336,0.3199999999999994,0.813333333333333,False,0.7045,False
25,442,-0.5199999999999991,-1.0936666666666668,0.06666666666666599,1.1603333333333328,True,0.1065,False
25,443,-0.7066666666666657,-1.173333333333333,-0.2799999999999998,0.8933333333333331,True,0.003,True
25,444,-0.5066666666666664,-0.9333333333333327,-0.0666666666666673,0.8666666666666654,True,0.0265,True
25,445,-0.4933333333333336,-1.0133333333333336,0.02666666666666684,1.0400000000000005,True,0.0745,False
25,446,-0.7466666666666679,-1.2403333333333333,-0.2400000000000002,1.000333333333333,True,0.005,True
25,447,-0.5333333333333337,-1.0536666666666659,4.551914400962536e-16,1.0536666666666663,True,0.0715,False
25,448,-0.41333333333333355,-0.7999999999999994,-0.040000000000000466,0.7599999999999989,True,0.0405,True
25,449,-0.7733333333333339,-1.1603333333333337,-0.4133333333333331,0.7470000000000006,True,0.0,True
25,450,-0.5866666666666678,-1.0266666666666664,-0.09300000000000132,0.9336666666666651,True,0.036,True
25,451,-0.773333333333333,-1.2666666666666666,-0.22666666666666657,1.04,True,0.0095,True
25,452,-0.4266666666666672,-0.96,0.14666666666666606,1.106666666666666,True,0.1465,False
25,453,-0.6399999999999997,-0.9733333333333332,-0.3066666666666671,0.6666666666666661,True,0.0015,True
25,454,-0.5733333333333333,-1.0533333333333332,-0.08000000000000007,0.9733333333333332,True,0.031,True
25,455,-0.746666666666667,-1.2133333333333325,-0.2666666666666666,0.9466666666666659,True,0.0065,True
25,456,-0.6133333333333342,-1.0399999999999991,-0.1466666666666674,0.8933333333333318,True,0.0195,True
25,457,-0.706666666666667,-1.1600000000000006,-0.23999999999999977,0.9200000000000008,True,0.01,True
25,458,-0.706666666666667,-1.0803333333333325,-0.3333333333333335,0.746999999999999,True,0.0025,True
25,459,-0.52,-0.9866666666666664,-0.026666666666666394,0.96,True,0.0555,False
25,460,-0.7200000000000002,-1.146666666666667,-0.3066666666666662,0.8400000000000007,True,0.005,True
25,461,-0.5066666666666664,-0.9733333333333327,-0.0796666666666677,0.893666666666665,True,0.0425,True
25,462,-0.8933333333333326,-1.306666666666667,-0.48,0.8266666666666671,True,0.0005,True
25,463,-0.9599999999999995,-1.413333333333333,-0.4933333333333332,0.9199999999999999,True,0.0,True
25,464,-0.6400000000000001,-1.1733333333333333,-0.09333333333333282,1.0800000000000005,True,0.0385,True
25,465,-0.4533333333333336,-0.8933333333333335,1.1102230246190981e-17,0.8933333333333335,True,0.081,False
25,466,-0.3999999999999999,-0.8536666666666662,0.02666666666666684,0.8803333333333331,True,0.098,False
25,467,-0.09333333333333282,-0.4533333333333327,0.29333333333333345,0.7466666666666661,False,0.6715,False
25,468,-0.4533333333333336,-0.8666666666666667,-0.03966666666666811,0.8269999999999986,True,0.0465,True
25,469,-0.5466666666666669,-0.9599999999999995,-0.10666666666666647,0.853333333333333,True,0.0305,True
25,470,-0.9199999999999999,-1.3733333333333326,-0.46666666666666634,0.9066666666666663,True,0.0025,True
25,471,-0.4399999999999995,-0.8666666666666658,-0.013000000000001276,0.8536666666666646,True,0.069,False
25,472,-0.6133333333333342,-1.1733333333333333,-0.02633333333333534,1.146999999999998,True,0.062,False
25,473,-0.37333333333333263,-0.9199999999999999,0.18666666666666654,1.1066666666666665,True,0.227,False
25,474,-0.26666666666666705,-0.6800000000000006,0.1869999999999989,0.8669999999999995,True,0.266,False
25,475,-0.5866666666666664,-1.106666666666666,-0.05333333333333323,1.0533333333333328,True,0.0385,True
25,476,-0.666666666666667,-1.146666666666667,-0.1466666666666665,1.0000000000000004,True,0.0205,True
25,477,-0.5066666666666677,-0.96,-0.013333333333333619,0.9466666666666663,True,0.0545,False
25,478,-0.7600000000000002,-1.3199999999999998,-0.23999999999999977,1.08,True,0.0135,True
25,479,-0.6533333333333338,-1.12,-0.1466666666666665,0.9733333333333336,True,0.0165,True
25,480,-0.7733333333333325,-1.2136666666666664,-0.293333333333333,0.9203333333333334,True,0.0025,True
25,481,-0.7200000000000002,-1.1199999999999997,-0.31966666666666793,0.8003333333333318,True,0.0015,True
25,482,-0.8400000000000012,-1.3199999999999998,-0.38666666666666627,0.9333333333333336,True,0.002,True
25,483,-0.6666666666666665,-1.0666666666666664,-0.2666666666666675,0.7999999999999989,True,0.004,True
25,484,-0.41333333333333355,-0.8933333333333331,0.09333333333333284,0.9866666666666659,True,0.1415,False
25,485,-0.7466666666666666,-1.1999999999999997,-0.23966666666666786,0.9603333333333319,True,0.0035,True
25,486,-0.9866666666666672,-1.44,-0.52,0.9199999999999999,True,0.0005,True
25,487,-0.4533333333333336,-0.8933333333333331,-0.02666666666666684,0.8666666666666663,True,0.0585,False
25,488,-0.8266666666666662,-1.2936666666666665,-0.3200000000000003,0.9736666666666662,True,0.005,True
25,489,-0.7733333333333325,-1.2400000000000002,-0.2533333333333334,0.9866666666666668,True,0.0085,True
25,490,-0.4666666666666668,-0.96,0.013333333333332763,0.9733333333333327,True,0.098,False
25,491,-0.5199999999999996,-0.9069999999999999,-0.10666666666666647,0.8003333333333335,True,0.0275,True
25,492,-0.8133333333333335,-1.2133333333333325,-0.3733333333333335,0.839999999999999,True,0.0015,True
25,493,-0.7999999999999998,-1.2133333333333334,-0.4400000000000004,0.773333333333333,True,0.0,True
25,494,-0.6400000000000006,-1.0666666666666664,-0.17333333333333334,0.8933333333333331,True,0.012,True
25,495,-0.46666666666666634,-1.04,0.1069999999999984,1.1469999999999985,True,0.1405,False
25,496,-0.7333333333333334,-1.2936666666666674,-0.14666666666666694,1.1470000000000005,True,0.0275,True
25,497,-0.08000000000000096,-0.5470000000000005,0.4003333333333314,0.9473333333333318,False,0.6975,False
25,498,-0.3733333333333335,-0.7999999999999994,0.09333333333333371,0.8933333333333331,True,0.1385,False
25,499,-0.7999999999999998,-1.2533333333333325,-0.38666666666666627,0.8666666666666663,True,0.002,True
50,0,-0.54,-0.8666666666666671,-0.19316666666666718,0.6735,True,0.003,True
50,1,-0.5399999999999991,-0.8866666666666663,-0.20650000000000038,0.6801666666666659,True,0.0025,True
50,2,-0.4599999999999995,-0.8066666666666666,-0.1265000000000003,0.6801666666666664,True,0.0095,True
50,3,-0.5866666666666664,-0.9133333333333331,-0.2731666666666672,0.6401666666666659,True,0.001,True
50,4,-0.7733333333333334,-1.1066666666666665,-0.43999999999999906,0.6666666666666674,True,0.0,True
50,5,-0.5399999999999991,-0.8600000000000003,-0.19333333333333377,0.6666666666666665,True,0.003,True
50,6,-0.6866666666666661,-1.0333333333333332,-0.31333333333333346,0.7199999999999998,True,0.0005,True
50,7,-0.4466666666666659,-0.780166666666667,-0.10000000000000052,0.6801666666666665,True,0.013,True
50,8,-0.5533333333333328,-0.9134999999999999,-0.17333333333333334,0.7401666666666665,True,0.0075,True
50,9,-0.5266666666666668,-0.8533333333333326,-0.2200000000000002,0.6333333333333324,True,0.005,True
50,10,-0.7933333333333321,-1.1399999999999997,-0.4533333333333336,0.6866666666666661,True,0.0,True
50,11,-0.46666666666666723,-0.7466666666666653,-0.1999999999999993,0.546666666666666,True,0.0015,True
50,12,-0.626666666666666,-0.9533333333333336,-0.28000000000000025,0.6733333333333333,True,0.0,True
50,13,-0.5133333333333328,-0.8466666666666662,-0.18000000000000016,0.6666666666666661,True,0.006,True
50,14,-0.6466666666666665,-0.9799999999999995,-0.31983333333333364,0.6601666666666659,True,0.0015,True
50,15,-0.44666666666666677,-0.8333333333333335,-0.08666666666666686,0.7466666666666666,True,0.0185,True
50,16,-0.48,-0.7866666666666675,-0.16649999999999948,0.6201666666666681,True,0.002,True
50,17,-0.5800000000000001,-0.9333333333333336,-0.23316666666666677,0.7001666666666668,True,0.005,True
50,18,-0.49333333333333274,-0.8535000000000003,-0.1333333333333333,0.720166666666667,True,0.014,True
50,19,-0.3866666666666667,-0.6933333333333338,-0.06666666666666732,0.6266666666666665,True,0.038,True
50,20,-0.5666666666666669,-0.9133333333333336,-0.24000000000000063,0.6733333333333329,True,0.0045,True
50,21,-0.5000000000000004,-0.8199999999999994,-0.17316666666666672,0.6468333333333327,True,0.0065,True
50,22,-0.4599999999999991,-0.7599999999999998,-0.1466666666666665,0.6133333333333333,True,0.008,True
50,23,-0.526666666666666,-0.8401666666666671,-0.21316666666666678,0.6270000000000002,True,0.004,True
50,24,-0.8333333333333344,-1.1533333333333333,-0.5066666666666664,0.646666666666667,True,0.0,True
50,25,-0.7266666666666675,-1.0533333333333337,-0.4066666666666672,0.6466666666666665,True,0.0,True
50,26,-0.5733333333333333,-0.8999999999999999,-0.25983333333333314,0.6401666666666668,True,0.003,True
50,27,-0.4266666666666663,-0.7599999999999998,-0.10666666666666734,0.6533333333333324,True,0.0105,True
50,28,-0.43999999999999995,-0.773333333333333,-0.10666666666666601,0.666666666666667,True,0.0165,True
50,29,-0.7000000000000006,-1.0133333333333332,-0.3733333333333331,0.6400000000000001,True,0.0,True
50,30,-0.7133333333333334,-1.0999999999999996,-0.35333333333333306,0.7466666666666666,True,0.0005,True
50,31,-0.4666666666666668,-0.7866666666666666,-0.13999999999999924,0.6466666666666674,True,0.0095,True
50,32,-0.42666666666666675,-0.7535000000000002,-0.09316666666666754,0.6603333333333327,True,0.0125,True
50,33,-0.45333333333333314,-0.753333333333333,-0.12650000000000117,0.6268333333333318,True,0.009,True
50,34,-0.2799999999999989,-0.6333333333333329,0.07333333333333326,0.7066666666666661,True,0.1465,False
50,35,-0.6466666666666652,-0.9399999999999995,-0.33999999999999986,0.5999999999999996,True,0.0,True
50,36,-0.6733333333333342,-1.0599999999999992,-0.3200000000000003,0.7399999999999989,True,0.001,True
50,37,-0.6533333333333324,-1.006666666666666,-0.32000000000000073,0.6866666666666652,True,0.0015,True
50,38,-0.6066666666666665,-0.9333333333333331,-0.27333333333333343,0.6599999999999997,True,0.0015,True
50,39,-0.6600000000000001,-0.9533333333333331,-0.3733333333333331,0.5800000000000001,True,0.0,True
50,40,-0.7333333333333334,-1.0668333333333337,-0.4198333333333337,0.647,True,0.0,True
50,41,-0.586666666666666,-0.9533333333333327,-0.22666666666666613,0.7266666666666666,True,0.0045,True
50,42,-0.37999999999999945,-0.6866666666666665,-0.0666666666666673,0.6199999999999992,True,0.017,True
50,43,-0.35333333333333394,-0.6668333333333333,4.551914400962536e-16,0.6668333333333337,True,0.059,False
50,44,-0.6266666666666665,-0.9400000000000004,-0.31983333333333364,0.6201666666666668,True,0.0005,True
50,45,-0.6933333333333351,-1.0266666666666673,-0.3599999999999999,0.6666666666666674,True,0.0,True
50,46,-0.7199999999999993,-1.0133333333333332,-0.43999999999999995,0.5733333333333333,True,0.0,True
50,47,-0.6200000000000001,-0.9133333333333331,-0.3266666666666662,0.5866666666666669,True,0.0,True
50,48,-0.5600000000000005,-0.933333333333334,-0.16650000000000034,0.7668333333333337,True,0.007,True
50,49,-0.7866666666666666,-1.08,-0.48,0.6000000000000001,True,0.0,True
50,50,-0.6066666666666665,-0.9066666666666654,-0.28000000000000025,0.6266666666666652,True,0.001,True
50,51,-0.5333333333333337,-0.8933333333333331,-0.18666666666666698,0.7066666666666661,True,0.005,True
50,52,-0.6533333333333333,-0.98,-0.3331666666666669,0.6468333333333331,True,0.0,True
50,53,-0.52,-0.933333333333334,-0.16000000000000014,0.7733333333333339,True,0.0135,True
50,54,-0.5733333333333337,-0.879999999999999,-0.26666666666666705,0.613333333333332,True,0.0015,True
50,55,-0.39333333333333353,-0.7266666666666675,-0.06649999999999981,0.6601666666666677,True,0.0375,True
50,56,-0.5866666666666664,-0.9399999999999995,-0.22666666666666657,0.7133333333333329,True,0.0015,True
50,57,-0.5533333333333337,-0.8933333333333335,-0.20000000000000018,0.6933333333333334,True,0.004,True
50,58,-0.3866666666666667,-0.7533333333333334,-0.026666666666666384,0.726666666666667,True,0.033,True
50,59,-0.48666666666666547,-0.8066666666666666,-0.15333333333333288,0.6533333333333338,True,0.007,True
50,60,-0.4599999999999991,-0.773333333333333,-0.13333333333333375,0.6399999999999992,True,0.0035,True
50,61,-0.5066666666666673,-0.8468333333333334,-0.13333333333333286,0.7135000000000006,True,0.0085,True
50,62,-0.5599999999999996,-0.9199999999999995,-0.20666666666666744,0.713333333333332,True,0.005,True
50,63,-0.5,-0.8399999999999999,-0.16000000000000014,0.6799999999999997,True,0.0035,True
50,64,-0.6133333333333337,-0.9399999999999991,-0.2865000000000004,0.6534999999999986,True,0.0015,True
50,65,-0.646666666666667,-0.9801666666666667,-0.30666666666666664,0.6735000000000001,True,0.0005,True
50,66,-0.5333333333333341,-0.8866666666666667,-0.1866666666666665,0.7000000000000002,True,0.006,True
50,67,-0.54,-0.8533333333333335,-0.23333333333333336,0.6200000000000001,True,0.001,True
50,68,-0.6733333333333329,-0.9933333333333327,-0.36666666666666803,0.6266666666666647,True,0.0,True
50,69,-0.5800000000000001,-0.9466666666666672,-0.22000000000000017,0.726666666666667,True,0.002,True
50,70,-0.24000000000000066,-0.5666666666666669,0.1133333333333324,0.6799999999999993,True,0.1815,False
50,71,-0.48666666666666636,-0.8134999999999998,-0.15983333333333352,0.6536666666666663,True,0.0065,True
50,72,-0.7866666666666657,-1.1201666666666665,-0.4466666666666663,0.6735000000000002,True,0.0,True
50,73,-0.6400000000000001,-0.9133333333333336,-0.3599999999999999,0.5533333333333337,True,0.0,True
50,74,-0.6333333333333333,-0.9533333333333318,-0.3266666666666662,0.6266666666666656,True,0.0005,True
50,75,-0.5466666666666669,-0.9133333333333336,-0.19316666666666676,0.7201666666666668,True,0.007,True
50,76,-0.6666666666666674,-1.0333333333333328,-0.313333333333333,0.7199999999999998,True,0.0015,True
50,77,-0.6399999999999997,-0.9799999999999995,-0.3066666666666662,0.6733333333333333,True,0.0,True
50,78,-0.8066666666666671,-1.1599999999999993,-0.4466666666666663,0.7133333333333329,True,0.0,True
50,79,-0.5466666666666669,-0.8799999999999999,-0.22666666666666613,0.6533333333333338,True,0.002,True
50,80,-0.5800000000000001,-0.899999999999999,-0.2533333333333334,0.6466666666666656,True,0.0015,True
50,81,-0.5533333333333328,-0.9133333333333327,-0.23316666666666677,0.6801666666666659,True,0.003,True
50,82,-0.7133333333333329,-1.0466666666666664,-0.3733333333333335,0.6733333333333329,True,0.0005,True
50,83,-0.37999999999999945,-0.7601666666666662,-0.033333333333333215,0.726833333333333,True,0.0585,False
50,84,-0.6466666666666665,-0.9399999999999986,-0.35333333333333306,0.5866666666666656,True,0.0,True
50,85,-0.4733333333333327,-0.7601666666666674,-0.16666666666666652,0.5935000000000009,True,0.0075,True
50,86,-0.6266666666666656,-1.0,-0.25333333333333385,0.7466666666666661,True,0.0,True
50,87,-0.4399999999999995,-0.753333333333333,-0.12000000000000009,0.6333333333333329,True,0.008,True
50,88,-0.47999999999999954,-0.8199999999999998,-0.12666666666666693,0.6933333333333329,True,0.0095,True
50,89,-0.49999999999999956,-0.8133333333333339,-0.15333333333333377,0.6600000000000001,True,0.006,True
50,90,-0.7533333333333325,-1.06,-0.43999999999999995,0.6200000000000001,True,0.0,True
50,91,-0.31999999999999984,-0.6535000000000001,0.01999999999999915,0.6734999999999992,True,0.081,False
50,92,-0.5999999999999996,-0.9201666666666662,-0.2999999999999998,0.6201666666666664,True,0.0,True
50,93,-0.5933333333333342,-0.9333333333333327,-0.2533333333333334,0.6799999999999993,True,0.003,True
50,94,-0.3533333333333335,-0.6666666666666665,-0.0333333333333332,0.6333333333333333,True,0.035,True
50,95,-0.6600000000000001,-0.9733333333333336,-0.33333333333333304,0.6400000000000006,True,0.0,True
50,96,-0.39333333333333353,-0.7335000000000002,-0.05333333333333368,0.6801666666666665,True,0.031,True
50,97,-0.606666666666666,-0.9333333333333331,-0.3066666666666662,0.6266666666666669,True,0.001,True
50,98,-0.6333333333333337,-0.9334999999999999,-0.3266666666666671,0.6068333333333328,True,0.0,True
50,99,-0.5733333333333333,-0.9135000000000003,-0.23983333333333356,0.6736666666666667,True,0.0035,True
50,100,-0.6200000000000006,-0.9668333333333335,-0.27999999999999936,0.6868333333333342,True,0.0015,True
50,101,-0.36666666666666625,-0.7400000000000002,-0.020000000000000018,0.7200000000000002,True,0.057,False
50,102,-0.3000000000000007,-0.6266666666666669,0.02683333333333301,0.6535,True,0.0945,False
50,103,-0.5533333333333337,-0.8866666666666672,-0.2200000000000002,0.666666666666667,True,0.002,True
50,104,-0.6799999999999993,-1.0601666666666674,-0.3266666666666662,0.7335000000000012,True,0.001,True
50,105,-0.6000000000000001,-0.9333333333333336,-0.25333333333333297,0.6800000000000006,True,0.0005,True
50,106,-0.6133333333333333,-0.9799999999999991,-0.23999999999999977,0.7399999999999993,True,0.002,True
50,107,-0.4599999999999995,-0.773333333333333,-0.1199999999999992,0.6533333333333338,True,0.0115,True
50,108,-0.526666666666666,-0.8533333333333335,-0.17316666666666716,0.6801666666666664,True,0.005,True
50,109,-0.6333333333333337,-0.9333333333333331,-0.3266666666666671,0.606666666666666,True,0.001,True
50,110,-0.6066666666666674,-0.9601666666666663,-0.22666666666666702,0.7334999999999993,True,0.003,True
50,111,-0.6000000000000005,-0.8666666666666671,-0.31999999999999984,0.5466666666666673,True,0.0,True
50,112,-0.5266666666666664,-0.8868333333333335,-0.18000000000000016,0.7068333333333333,True,0.0055,True
50,113,-0.3799999999999999,-0.7266666666666666,-0.03333333333333366,0.6933333333333329,True,0.0385,True
50,114,-0.413333333333334,-0.7466666666666666,-0.060000000000001365,0.6866666666666652,True,0.0265,True
50,115,-0.4199999999999995,-0.6935000000000001,-0.12666666666666737,0.5668333333333327,True,0.004,True
50,116,-0.54,-0.8466666666666662,-0.23999999999999977,0.6066666666666665,True,0.0015,True
50,117,-0.4333333333333327,-0.7933333333333326,-0.0733333333333328,0.7199999999999998,True,0.028,True
50,118,-0.5066666666666668,-0.8533333333333335,-0.16650000000000034,0.6868333333333332,True,0.008,True
50,119,-0.31999999999999984,-0.6400000000000001,0.013333333333333641,0.6533333333333338,True,0.078,False
50,120,-0.5866666666666664,-0.9000000000000004,-0.2466666666666666,0.6533333333333338,True,0.002,True
50,121,-0.38666666666666627,-0.7599999999999993,-0.013333333333333608,0.7466666666666657,True,0.056,False
50,122,-0.5733333333333341,-0.9268333333333335,-0.19983333333333356,0.727,True,0.0045,True
50,123,-0.5799999999999996,-0.9133333333333336,-0.23333333333333295,0.6800000000000006,True,0.0005,True
50,124,-0.4533333333333336,-0.7533333333333334,-0.16666666666666696,0.5866666666666664,True,0.0065,True
50,125,-0.4066666666666654,-0.7266666666666666,-0.10000000000000009,0.6266666666666665,True,0.0225,True
50,126,-0.7000000000000002,-1.0333333333333328,-0.3864999999999997,0.6468333333333331,True,0.0005,True
50,127,-0.5133333333333336,-0.8399999999999994,-0.15333333333333332,0.6866666666666661,True,0.006,True
50,128,-0.31333333333333346,-0.686666666666667,0.04666666666666597,0.733333333333333,True,0.1115,False
50,129,-0.5533333333333337,-0.866833333333333,-0.2466666666666666,0.6201666666666664,True,0.0005,True
50,130,-0.7799999999999998,-1.140166666666667,-0.4000000000000008,0.7401666666666662,True,0.0,True
50,131,-0.646666666666667,-0.9601666666666672,-0.2998333333333337,0.6603333333333334,True,0.001,True
50,132,-0.7399999999999998,-1.0666666666666664,-0.38666666666666716,0.6799999999999993,True,0.0005,True
50,133,-0.5066666666666664,-0.8133333333333326,-0.21333333333333293,0.5999999999999996,True,0.0015,True
50,134,-0.753333333333333,-1.106666666666666,-0.3600000000000003,0.7466666666666657,True,0.0,True
50,135,-0.5,-0.8399999999999999,-0.15333333333333377,0.6866666666666661,True,0.008,True
50,136,-0.41999999999999904,-0.7066666666666661,-0.1066666666666669,0.5999999999999992,True,0.007,True
50,137,-0.5466666666666669,-0.8733333333333326,-0.2200000000000002,0.6533333333333324,True,0.004,True
50,138,-0.5533333333333337,-0.9266666666666667,-0.1933333333333338,0.733333333333333,True,0.0065,True
50,139,-0.40000000000000036,-0.7799999999999998,-0.026666666666666394,0.7533333333333334,True,0.038,True
50,140,-0.5999999999999996,-0.919999999999999,-0.28000000000000025,0.6399999999999988,True,0.0005,True
50,141,-0.5733333333333337,-0.9133333333333336,-0.21983333333333357,0.6935,True,0.0025,True
50,142,-0.5599999999999996,-0.8933333333333322,-0.2665000000000009,0.6268333333333314,True,0.0025,True
50,143,-0.6000000000000014,-0.9399999999999995,-0.27333333333333343,0.6666666666666661,True,0.001,True
50,144,-0.4266666666666672,-0.706666666666667,-0.13333333333333328,0.5733333333333337,True,0.009,True
50,145,-0.6799999999999997,-1.0000000000000004,-0.36000000000000076,0.6399999999999997,True,0.0005,True
50,146,-0.7600000000000002,-1.0935000000000001,-0.4333333333333331,0.660166666666667,True,0.0,True
50,147,-0.6133333333333328,-0.9600000000000004,-0.25316666666666676,0.7068333333333336,True,0.0045,True
50,148,-0.7000000000000002,-1.040166666666667,-0.35333333333333306,0.6868333333333339,True,0.0005,True
50,149,-0.32666666666666666,-0.6400000000000001,0.013333333333333208,0.6533333333333333,True,0.078,False
50,150,-0.33999999999999986,-0.6868333333333333,0.01999999999999915,0.7068333333333324,True,0.073,False
50,151,-0.5866666666666664,-0.9066666666666667,-0.2600000000000007,0.6466666666666661,True,0.003,True
50,152,-0.6199999999999997,-0.9600000000000004,-0.26666666666666705,0.6933333333333334,True,0.001,True
50,153,-0.4666666666666668,-0.8266666666666671,-0.11316666666666711,0.7135,True,0.0185,True
50,154,-0.6866666666666661,-1.0866666666666664,-0.28650000000000003,0.8001666666666665,True,0.0015,True
50,155,-0.4733333333333336,-0.8199999999999994,-0.11999999999999966,0.6999999999999997,True,0.0125,True
50,156,-0.5666666666666664,-0.8866666666666672,-0.2666666666666666,0.6200000000000006,True,0.001,True
50,157,-0.793333333333333,-1.0799999999999996,-0.5199999999999996,0.56,True,0.0,True
50,158,-0.4133333333333331,-0.7266666666666661,-0.1198333333333335,0.6068333333333327,True,0.014,True
50,159,-0.7466666666666666,-1.0199999999999996,-0.47316666666666746,0.5468333333333322,True,0.0,True
50,160,-0.56,-0.8933333333333331,-0.21333333333333337,0.6799999999999997,True,0.003,True
50,161,-0.5800000000000001,-0.9134999999999999,-0.22666666666666657,0.6868333333333333,True,0.0025,True
50,162,-0.5333333333333332,-0.8400000000000003,-0.21333333333333382,0.6266666666666665,True,0.0015,True
50,163,-0.49333333333333274,-0.8068333333333334,-0.1666666666666674,0.640166666666666,True,0.0045,True
50,164,-0.48666666666666547,-0.8001666666666675,-0.18000000000000016,0.6201666666666673,True,0.0045,True
50,165,-0.6933333333333342,-0.9933333333333332,-0.4066666666666663,0.5866666666666669,True,0.0,True
50,166,-0.4733333333333323,-0.8266666666666667,-0.13333333333333242,0.6933333333333342,True,0.009,True
50,167,-0.8266666666666671,-1.1399999999999997,-0.4933333333333332,0.6466666666666665,True,0.0,True
50,168,-0.4333333333333331,-0.7933333333333334,-0.0733333333333337,0.7199999999999998,True,0.0205,True
50,169,-0.5200000000000005,-0.8266666666666671,-0.20650000000000082,0.6201666666666663,True,0.0035,True
50,170,-0.606666666666666,-0.9266666666666672,-0.26666666666666705,0.6600000000000001,True,0.0,True
50,171,-0.5533333333333337,-0.8666666666666663,-0.22649999999999995,0.6401666666666663,True,0.0045,True
50,172,-0.5533333333333328,-0.9266666666666672,-0.1931666666666667,0.7335000000000005,True,0.0055,True
50,173,-0.4733333333333327,-0.833333333333333,-0.1264999999999999,0.7068333333333332,True,0.0135,True
50,174,-0.43999999999999995,-0.7799999999999994,-0.10666666666666691,0.6733333333333325,True,0.0105,True
50,175,-0.4999999999999991,-0.8466666666666671,-0.15300000000000094,0.6936666666666662,True,0.0085,True
50,176,-0.3866666666666667,-0.6868333333333337,-0.06000000000000005,0.6268333333333337,True,0.0285,True
50,177,-0.8133333333333339,-1.12,-0.5399999999999991,0.580000000000001,True,0.0,True
50,178,-0.38666666666666627,-0.7400000000000002,-0.05316666666666705,0.6868333333333332,True,0.037,True
50,179,-0.56,-0.9201666666666667,-0.2333333333333325,0.6868333333333342,True,0.001,True
50,180,-0.5466666666666664,-0.8933333333333335,-0.1733333333333329,0.7200000000000006,True,0.004,True
50,181,-0.5266666666666668,-0.9001666666666676,-0.16666666666666785,0.7334999999999997,True,0.009,True
50,182,-0.3866666666666667,-0.666666666666667,-0.08650000000000027,0.5801666666666667,True,0.0135,True
50,183,-0.5133333333333336,-0.8401666666666666,-0.1933333333333329,0.6468333333333337,True,0.006,True
50,184,-0.30666666666666664,-0.606666666666666,-0.026666666666666373,0.5799999999999996,True,0.0465,True
50,185,-0.5733333333333337,-0.8866666666666663,-0.24666666666666703,0.6399999999999992,True,0.001,True
50,186,-0.35333333333333306,-0.6733333333333329,-0.04000000000000091,0.633333333333332,True,0.034,True
50,187,-0.5399999999999991,-0.8799999999999994,-0.21333333333333293,0.6666666666666665,True,0.0015,True
50,188,-0.7333333333333334,-1.0533333333333337,-0.40666666666666673,0.646666666666667,True,0.0,True
50,189,-0.5799999999999996,-0.8933333333333335,-0.2599999999999998,0.6333333333333337,True,0.002,True
50,190,-0.6200000000000006,-0.9335000000000003,-0.2998333333333337,0.6336666666666666,True,0.0005,True
50,191,-0.43999999999999906,-0.8066666666666671,-0.07333333333333325,0.7333333333333338,True,0.0215,True
50,192,-0.6533333333333333,-1.0,-0.2731666666666668,0.7268333333333332,True,0.0015,True
50,193,-0.4866666666666668,-0.8401666666666671,-0.12666666666666693,0.7135000000000001,True,0.0145,True
50,194,-0.5799999999999996,-0.9401666666666667,-0.23999999999999977,0.7001666666666669,True,0.0015,True
50,195,-0.4866666666666668,-0.8334999999999998,-0.13333333333333328,0.7001666666666665,True,0.0065,True
50,196,-0.6666666666666674,-1.0133333333333332,-0.3333333333333335,0.6799999999999997,True,0.0005,True
50,197,-0.7533333333333339,-1.0933333333333333,-0.4265000000000006,0.6668333333333327,True,0.0,True
50,198,-0.5800000000000005,-0.8866666666666667,-0.26666666666666705,0.6199999999999997,True,0.0015,True
50,199,-0.5333333333333337,-0.8399999999999999,-0.2333333333333334,0.6066666666666665,True,0.002,True
50,200,-0.47333333333333316,-0.7866666666666666,-0.14000000000000057,0.6466666666666661,True,0.007,True
50,201,-0.4866666666666668,-0.7666666666666662,-0.1866666666666661,0.5800000000000001,True,0.005,True
50,202,-0.6666666666666665,-0.9666666666666663,-0.3531666666666669,0.6134999999999995,True,0.0,True
50,203,-0.5466666666666664,-0.8601666666666675,-0.2131666666666672,0.6470000000000004,True,0.001,True
50,204,-0.5200000000000005,-0.8466666666666653,-0.21333333333333337,0.633333333333332,True,0.0025,True
50,205,-0.7266666666666661,-1.046666666666666,-0.42666666666666675,0.6199999999999992,True,0.0,True
50,206,-0.526666666666666,-0.8866666666666667,-0.12666666666666693,0.7599999999999998,True,0.0075,True
50,207,-0.6666666666666665,-0.9533333333333331,-0.3799999999999999,0.5733333333333333,True,0.0,True
50,208,-0.8400000000000003,-1.1333333333333333,-0.5333333333333341,0.5999999999999992,True,0.0,True
50,209,-0.4533333333333336,-0.7866666666666666,-0.11999999999999922,0.6666666666666674,True,0.013,True
50,210,-0.7133333333333334,-1.0466666666666669,-0.39316666666666605,0.6535000000000009,True,0.0,True
50,211,-0.5133333333333341,-0.8466666666666658,-0.19316666666666718,0.6534999999999986,True,0.0055,True
50,212,-0.5466666666666664,-0.8400000000000003,-0.22649999999999998,0.6135000000000004,True,0.001,True
50,213,-0.5199999999999996,-0.8601666666666671,-0.18666666666666698,0.6735000000000001,True,0.0065,True
50,214,-0.4199999999999995,-0.7666666666666662,-0.08649999999999983,0.6801666666666664,True,0.025,True
50,215,-0.5933333333333333,-0.9266666666666667,-0.26666666666666616,0.6600000000000006,True,0.0005,True
50,216,-0.6266666666666665,-0.98,-0.2666666666666666,0.7133333333333334,True,0.002,True
50,217,-0.48666666666666636,-0.8400000000000003,-0.12000000000000054,0.7199999999999998,True,0.018,True
50,218,-0.606666666666666,-0.9333333333333336,-0.26650000000000046,0.6668333333333332,True,0.0025,True
50,219,-0.54,-0.8535000000000003,-0.19999999999999973,0.6535000000000005,True,0.0035,True
50,220,-0.46666666666666545,-0.8466666666666667,-0.08649999999999983,0.7601666666666669,True,0.0205,True
50,221,-0.6399999999999992,-0.9468333333333331,-0.3266666666666662,0.6201666666666669,True,0.0,True
50,222,-0.43333333333333357,-0.7533333333333334,-0.10666666666666691,0.6466666666666665,True,0.0125,True
50,223,-0.7533333333333325,-1.0866666666666656,-0.4466666666666663,0.6399999999999992,True,0.0,True
50,224,-0.9133333333333336,-1.2600000000000002,-0.5466666666666669,0.7133333333333334,True,0.0005,True
50,225,-0.5400000000000005,-0.8466666666666658,-0.2331666666666668,0.613499999999999,True,0.004,True
50,226,-0.5333333333333332,-0.8199999999999998,-0.22666666666666657,0.5933333333333333,True,0.0025,True
50,227,-0.47333333333333316,-0.7999999999999998,-0.16000000000000014,0.6399999999999997,True,0.005,True
50,228,-0.3400000000000003,-0.6333333333333329,-0.020000000000000018,0.6133333333333328,True,0.042,True
50,229,-0.3333333333333339,-0.7068333333333338,0.04683333333333261,0.7536666666666664,True,0.0965,False
50,230,-0.4666666666666668,-0.826833333333333,-0.10650000000000158,0.7203333333333314,True,0.018,True
50,231,-0.5733333333333333,-0.9335000000000003,-0.1599999999999997,0.7735000000000006,True,0.0065,True
50,232,-0.6266666666666665,-0.9733333333333327,-0.2866666666666662,0.6866666666666665,True,0.0005,True
50,233,-0.39999999999999947,-0.6601666666666669,-0.12666666666666693,0.5335,True,0.0015,True
50,234,-0.7466666666666666,-1.0733333333333341,-0.4198333333333346,0.6534999999999995,True,0.0,True
50,235,-0.6199999999999997,-0.9201666666666667,-0.3000000000000007,0.620166666666666,True,0.0,True
50,236,-0.6133333333333333,-0.9533333333333327,-0.27999999999999936,0.6733333333333333,True,0.0,True
50,237,-0.4066666666666654,-0.7666666666666666,-0.026666666666665506,0.7400000000000011,True,0.036,True
50,238,-0.4933333333333336,-0.8399999999999999,-0.18666666666666654,0.6533333333333333,True,0.009,True
50,239,-0.17999999999999972,-0.5133333333333323,0.14666666666666606,0.6599999999999984,False,0.3105,False
50,240,-0.52,-0.8668333333333335,-0.16666666666666738,0.700166666666666,True,0.008,True
50,241,-0.6133333333333337,-0.9133333333333327,-0.2999999999999998,0.6133333333333328,True,0.0,True
50,242,-0.6333333333333333,-0.9599999999999995,-0.2800000000000007,0.6799999999999988,True,0.0005,True
50,243,-0.646666666666667,-1.0,-0.31983333333333364,0.6801666666666664,True,0.0005,True
50,244,-0.2199999999999993,-0.54,0.08666666666666689,0.6266666666666669,False,0.1905,False
50,245,-0.7199999999999998,-1.053500000000001,-0.39316666666666694,0.6603333333333341,True,0.0,True
50,246,-0.766666666666667,-1.1068333333333333,-0.44666666666666677,0.6601666666666666,True,0.0,True
50,247,-0.3599999999999999,-0.7133333333333334,0.0001666666666666159,0.7135,True,0.0615,False
50,248,-0.7266666666666657,-1.0333333333333332,-0.4333333333333331,0.6000000000000001,True,0.0,True
50,249,-0.6266666666666669,-0.9133333333333331,-0.31999999999999984,0.5933333333333333,True,0.0,True
50,250,-0.6333333333333333,-0.9800000000000004,-0.2865000000000005,0.6935,True,0.002,True
50,251,-0.6533333333333338,-0.96,-0.2866666666666679,0.673333333333332,True,0.0005,True
50,252,-0.5800000000000001,-0.9533333333333331,-0.2131666666666672,0.740166666666666,True,0.0035,True
50,253,-0.433333333333334,-0.7866666666666662,-0.08650000000000113,0.700166666666665,True,0.025,True
50,254,-0.6200000000000001,-0.9799999999999995,-0.23333333333333384,0.7466666666666657,True,0.004,True
50,255,-0.5933333333333337,-0.9333333333333327,-0.2600000000000007,0.673333333333332,True,0.0015,True
50,256,-0.43999999999999995,-0.753333333333333,-0.12666666666666693,0.626666666666666,True,0.008,True
50,257,-0.6333333333333333,-0.9333333333333327,-0.33333333333333304,0.5999999999999996,True,0.0005,True
50,258,-0.48666666666666636,-0.820166666666667,-0.16650000000000034,0.6536666666666667,True,0.0045,True
50,259,-0.3200000000000003,-0.6799999999999997,0.040000000000000036,0.7199999999999998,True,0.0725,False
50,260,-0.6400000000000001,-0.926833333333334,-0.3399999999999998,0.5868333333333342,True,0.0005,True
50,261,-0.6199999999999997,-0.9666666666666663,-0.29333333333333433,0.673333333333332,True,0.002,True
50,262,-0.4466666666666659,-0.7268333333333342,-0.1600000000000006,0.5668333333333336,True,0.0035,True
50,263,-0.5999999999999992,-0.9466666666666663,-0.2400000000000002,0.7066666666666661,True,0.001,True
50,264,-0.8866666666666658,-1.2068333333333334,-0.5664999999999998,0.6403333333333336,False,0.0,True
50,265,-0.7933333333333334,-1.1400000000000001,-0.41999999999999993,0.7200000000000002,True,0.0,True
50,266,-0.4666666666666668,-0.8399999999999994,-0.07983333333333302,0.7601666666666664,True,0.017,True
50,267,-0.4266666666666663,-0.7799999999999998,-0.07316666666666664,0.7068333333333332,True,0.0265,True
50,268,-0.6133333333333324,-0.9333333333333336,-0.2733333333333343,0.6599999999999993,True,0.0005,True
50,269,-0.6866666666666656,-1.0266666666666673,-0.3798333333333337,0.6468333333333336,True,0.0,True
50,270,-0.6800000000000002,-1.0266666666666655,-0.3399999999999994,0.6866666666666661,True,0.0005,True
50,271,-0.5666666666666664,-0.8933333333333335,-0.22666666666666746,0.6666666666666661,True,0.0015,True
50,272,-0.6799999999999993,-0.9866666666666668,-0.3466666666666667,0.6400000000000001,True,0.0,True
50,273,-0.6533333333333338,-0.94,-0.3465000000000005,0.5934999999999995,True,0.0,True
50,274,-0.54,-0.8466666666666667,-0.22666666666666657,0.6200000000000001,True,0.002,True
50,275,-0.6600000000000001,-0.9999999999999991,-0.3266666666666662,0.6733333333333329,True,0.0005,True
50,276,-0.39333333333333353,-0.7733333333333325,-0.04000000000000002,0.7333333333333325,True,0.041,True
50,277,-0.6133333333333342,-0.9333333333333331,-0.2666666666666666,0.6666666666666665,True,0.001,True
50,278,-0.6666666666666661,-0.9999999999999996,-0.35333333333333306,0.6466666666666665,True,0.0,True
50,279,-0.5733333333333328,-0.9400000000000004,-0.1800000000000006,0.7599999999999998,True,0.005,True
50,280,-0.7799999999999998,-1.12,-0.4399999999999995,0.6800000000000006,True,0.0,True
50,281,-0.4933333333333332,-0.8266666666666667,-0.15316666666666715,0.6734999999999995,True,0.005,True
50,282,-0.4199999999999995,-0.7533333333333334,-0.10000000000000096,0.6533333333333324,True,0.0115,True
50,283,-0.6600000000000015,-0.9799999999999986,-0.3598333333333341,0.6201666666666645,True,0.0,True
50,284,-0.45333333333333314,-0.7999999999999998,-0.09333333333333368,0.7066666666666661,True,0.0155,True
50,285,-0.7066666666666666,-1.0599999999999996,-0.3531666666666673,0.7068333333333323,True,0.001,True
50,286,-0.5533333333333332,-0.9401666666666663,-0.15983333333333352,0.7803333333333328,True,0.0055,True
50,287,-0.48,-0.8001666666666661,-0.13333333333333242,0.6668333333333337,True,0.0105,True
50,288,-0.4266666666666672,-0.7799999999999998,-0.07999999999999963,0.7000000000000002,True,0.0195,True
50,289,-0.6400000000000006,-0.9466666666666668,-0.3265000000000005,0.6201666666666663,True,0.0005,True
50,290,-0.5066666666666668,-0.8534999999999998,-0.1466666666666665,0.7068333333333333,True,0.011,True
50,291,-0.45999999999999996,-0.8266666666666667,-0.059999999999999595,0.766666666666667,True,0.0325,True
50,292,-0.5000000000000004,-0.8533333333333335,-0.13333333333333375,0.7199999999999998,True,0.012,True
50,293,-0.6066666666666665,-0.9266666666666667,-0.3066666666666671,0.6199999999999997,True,0.0005,True
50,294,-0.5400000000000005,-0.8533333333333326,-0.20666666666666655,0.6466666666666661,True,0.001,True
50,295,-0.6333333333333333,-0.98,-0.273333333333333,0.706666666666667,True,0.001,True
50,296,-0.6000000000000001,-0.9201666666666667,-0.27983333333333404,0.6403333333333326,True,0.0015,True
50,297,-0.4200000000000004,-0.7666666666666675,-0.08000000000000007,0.6866666666666674,True,0.02,True
50,298,-0.5399999999999996,-0.8866666666666663,-0.1999999999999993,0.686666666666667,True,0.006,True
50,299,-0.5666666666666664,-0.9135000000000003,-0.20000000000000018,0.7135000000000001,True,0.0045,True
50,300,-0.5666666666666664,-0.8999999999999995,-0.22649999999999995,0.6734999999999995,True,0.001,True
50,301,-0.49999999999999956,-0.8266666666666671,-0.16000000000000011,0.666666666666667,True,0.006,True
50,302,-0.5133333333333328,-0.8933333333333326,-0.12666666666666648,0.7666666666666662,True,0.0105,True
50,303,-0.5600000000000005,-0.9200000000000004,-0.19999999999999973,0.7200000000000006,True,0.0065,True
50,304,-0.753333333333333,-1.086666666666666,-0.4066666666666663,0.6799999999999997,True,0.0,True
50,305,-0.4466666666666672,-0.7666666666666666,-0.13999999999999968,0.6266666666666669,True,0.0075,True
50,306,-0.7933333333333339,-1.126666666666667,-0.48,0.646666666666667,True,0.0,True
50,307,-0.4933333333333332,-0.8333333333333335,-0.1599999999999997,0.6733333333333338,True,0.0055,True
50,308,-0.6066666666666669,-0.9666666666666668,-0.2200000000000002,0.7466666666666666,True,0.002,True
50,309,-0.5933333333333328,-0.8533333333333335,-0.34000000000000075,0.5133333333333328,True,0.0005,True
50,310,-0.6733333333333333,-1.0534999999999997,-0.313333333333333,0.7401666666666666,True,0.0005,True
50,311,-0.4933333333333323,-0.7935000000000002,-0.1999999999999993,0.5935000000000009,True,0.0015,True
50,312,-0.5666666666666664,-0.9001666666666667,-0.22666666666666657,0.6735000000000001,True,0.002,True
50,313,-0.41333333333333355,-0.7799999999999998,-0.06666666666666597,0.7133333333333338,True,0.0305,True
50,314,-0.5733333333333337,-0.8999999999999999,-0.24666666666666703,0.6533333333333329,True,0.001,True
50,315,-0.41999999999999993,-0.7734999999999997,-0.07333333333333368,0.700166666666666,True,0.026,True
50,316,-0.6133333333333333,-0.9733333333333323,-0.2666666666666666,0.7066666666666657,True,0.001,True
50,317,-0.6600000000000006,-0.966833333333334,-0.3400000000000003,0.6268333333333337,True,0.0,True
50,318,-0.5333333333333323,-0.8333333333333335,-0.24666666666666615,0.5866666666666673,True,0.0005,True
50,319,-0.6666666666666665,-0.9800000000000009,-0.32666666666666755,0.6533333333333333,True,0.0,True
50,320,-0.7199999999999993,-1.0601666666666665,-0.36666666666666714,0.6934999999999993,True,0.0,True
50,321,-0.45333333333333314,-0.7266666666666666,-0.1733333333333329,0.5533333333333337,True,0.0055,True
50,322,-0.6666666666666665,-1.0466666666666673,-0.2600000000000007,0.7866666666666666,True,0.0015,True
50,323,-0.48666666666666636,-0.8399999999999994,-0.14666666666666606,0.6933333333333334,True,0.0065,True
50,324,-0.5800000000000005,-0.9133333333333322,-0.25316666666666726,0.660166666666665,True,0.0015,True
50,325,-0.5333333333333332,-0.8466666666666667,-0.2265000000000004,0.6201666666666663,True,0.001,True
50,326,-0.5333333333333341,-0.8666666666666671,-0.17333333333333334,0.6933333333333338,True,0.0045,True
50,327,-0.31333333333333346,-0.6468333333333328,0.006666666666667265,0.6535000000000001,True,0.075,False
50,328,-0.48666666666666725,-0.773333333333333,-0.17999999999999972,0.5933333333333333,True,0.005,True
50,329,-0.8199999999999998,-1.1333333333333337,-0.5,0.6333333333333337,True,0.0,True
50,330,-0.41999999999999993,-0.7668333333333329,-0.08666666666666688,0.680166666666666,True,0.014,True
50,331,-0.4600000000000004,-0.8333333333333339,-0.05316666666666664,0.7801666666666673,True,0.024,True
50,332,-0.5866666666666682,-0.9266666666666663,-0.2666666666666666,0.6599999999999997,True,0.0015,True
50,333,-0.640000000000001,-0.9866666666666664,-0.29333333333333345,0.6933333333333329,True,0.0005,True
50,334,-0.7666666666666675,-1.1066666666666665,-0.41333333333333355,0.6933333333333329,True,0.0,True
50,335,-0.54,-0.833333333333333,-0.26000000000000106,0.5733333333333319,True,0.0005,True
50,336,-0.4333333333333331,-0.8001666666666662,-0.040000000000000036,0.7601666666666662,True,0.034,True
50,337,-0.41999999999999993,-0.7000000000000002,-0.10000000000000141,0.5999999999999988,True,0.012,True
50,338,-0.39999999999999947,-0.7199999999999993,-0.09333333333333327,0.626666666666666,True,0.013,True
50,339,-0.5933333333333333,-0.9133333333333322,-0.27333333333333387,0.6399999999999983,True,0.0015,True
50,340,-0.5133333333333336,-0.8733333333333331,-0.15316666666666715,0.720166666666666,True,0.0065,True
50,341,-0.7600000000000007,-1.0733333333333341,-0.45333333333333314,0.620000000000001,True,0.0,True
50,342,-0.47333333333333316,-0.8066666666666666,-0.11333333333333327,0.6933333333333334,True,0.014,True
50,343,-0.3599999999999999,-0.6333333333333329,-0.09333333333333416,0.5399999999999987,True,0.0155,True
50,344,-0.6799999999999997,-1.0,-0.37983333333333325,0.6201666666666668,True,0.0,True
50,345,-0.33333333333333304,-0.6400000000000001,-0.03316666666666662,0.6068333333333336,True,0.041,True
50,346,-0.40666666666666673,-0.7266666666666666,-0.09316666666666666,0.6335,True,0.015,True
50,347,-0.5400000000000005,-0.8801666666666667,-0.20666666666666655,0.6735000000000001,True,0.0075,True
50,348,-0.48,-0.8533333333333335,-0.08000000000000004,0.7733333333333334,True,0.018,True
50,349,-0.5533333333333337,-0.879999999999999,-0.2131666666666672,0.6668333333333318,True,0.001,True
50,350,-0.7399999999999998,-1.0668333333333333,-0.4066666666666663,0.660166666666667,True,0.0,True
50,351,-0.606666666666666,-0.9399999999999995,-0.2665000000000009,0.6734999999999987,True,0.0005,True
50,352,-0.8199999999999998,-1.146666666666666,-0.4931666666666674,0.6534999999999986,True,0.0,True
50,353,-0.6333333333333333,-0.9866666666666672,-0.26000000000000023,0.726666666666667,True,0.0035,True
50,354,-0.6133333333333328,-0.9601666666666672,-0.273333333333333,0.6868333333333342,True,0.002,True
50,355,-0.6133333333333333,-0.9400000000000004,-0.2666666666666675,0.6733333333333329,True,0.0005,True
50,356,-0.5666666666666669,-0.9333333333333336,-0.20666666666666655,0.726666666666667,True,0.006,True
50,357,-0.6333333333333333,-0.9401666666666667,-0.3065000000000009,0.6336666666666658,True,0.0005,True
50,358,-0.6866666666666665,-1.0201666666666669,-0.35333333333333306,0.6668333333333338,True,0.0005,True
50,359,-0.30666666666666664,-0.6466666666666661,0.03349999999999982,0.6801666666666659,True,0.0795,False
50,360,-0.6199999999999992,-0.9666666666666663,-0.239833333333334,0.7268333333333323,True,0.0015,True
50,361,-0.5466666666666664,-0.8466666666666667,-0.2333333333333334,0.6133333333333333,True,0.0,True
50,362,-0.4933333333333336,-0.8266666666666662,-0.1398333333333335,0.6868333333333327,True,0.0065,True
50,363,-0.5866666666666656,-0.9068333333333335,-0.25333333333333297,0.6535000000000005,True,0.0005,True
50,364,-0.6666666666666665,-0.9868333333333336,-0.34666666666666623,0.6401666666666673,True,0.0,True
50,365,-0.6933333333333329,-0.9799999999999991,-0.3933333333333331,0.586666666666666,True,0.0,True
50,366,-0.6799999999999997,-1.04,-0.3331666666666673,0.7068333333333328,True,0.0015,True
50,367,-0.546666666666666,-0.8800000000000003,-0.2199999999999993,0.660000000000001,True,0.0065,True
50,368,-0.6266666666666669,-0.98,-0.28650000000000003,0.6935,True,0.0,True
50,369,-0.47999999999999954,-0.8133333333333326,-0.13999999999999924,0.6733333333333333,True,0.0085,True
50,370,-0.6466666666666674,-0.9866666666666655,-0.2999999999999998,0.6866666666666656,True,0.0025,True
50,371,-0.4666666666666668,-0.8268333333333334,-0.11333333333333283,0.7135000000000006,True,0.018,True
50,372,-0.4000000000000008,-0.7533333333333334,-0.04000000000000046,0.7133333333333329,True,0.0355,True
50,373,-0.5066666666666668,-0.8533333333333326,-0.14666666666666692,0.7066666666666657,True,0.012,True
50,374,-0.6266666666666656,-0.9201666666666658,-0.313333333333333,0.6068333333333328,True,0.0005,True
50,375,-0.6466666666666665,-0.9335000000000008,-0.3400000000000003,0.5935000000000005,True,0.0005,True
50,376,-0.56,-0.9399999999999995,-0.17316666666666716,0.7668333333333324,True,0.0045,True
50,377,-0.6066666666666665,-0.9399999999999995,-0.2866666666666662,0.6533333333333333,True,0.0005,True
50,378,-0.686666666666667,-1.026666666666666,-0.36666666666666625,0.6599999999999997,True,0.0,True
50,379,-0.8066666666666666,-1.1400000000000006,-0.46666666666666634,0.6733333333333342,True,0.0,True
50,380,-0.5200000000000005,-0.8399999999999999,-0.18000000000000016,0.6599999999999997,True,0.005,True
50,381,-0.6533333333333329,-0.9668333333333327,-0.34649999999999964,0.620333333333333,True,0.0,True
50,382,-0.52,-0.8666666666666663,-0.14666666666666692,0.7199999999999993,True,0.0085,True
50,383,-0.4933333333333332,-0.8268333333333339,-0.13333333333333372,0.6935000000000001,True,0.0085,True
50,384,-0.5800000000000001,-0.893333333333334,-0.27333333333333387,0.6200000000000001,True,0.001,True
50,385,-0.4599999999999995,-0.7866666666666666,-0.11333333333333327,0.6733333333333333,True,0.01,True
50,386,-0.41999999999999993,-0.7399999999999998,-0.0933333333333337,0.6466666666666661,True,0.015,True
50,387,-0.5266666666666664,-0.8399999999999994,-0.19983333333333356,0.6401666666666659,True,0.0025,True
50,388,-0.5533333333333332,-0.8933333333333326,-0.20666666666666828,0.6866666666666643,True,0.0025,True
50,389,-0.6533333333333329,-0.9733333333333323,-0.3666666666666667,0.6066666666666656,True,0.0,True
50,390,-0.8466666666666658,-1.1400000000000006,-0.5466666666666669,0.5933333333333337,True,0.0,True
50,391,-0.6999999999999997,-1.0333333333333323,-0.36666666666666625,0.6666666666666661,True,0.0,True
50,392,-0.6000000000000001,-0.9199999999999995,-0.2799999999999998,0.6399999999999997,True,0.001,True
50,393,-0.6799999999999993,-1.0333333333333332,-0.32650000000000007,0.7068333333333332,True,0.0005,True
50,394,-0.5933333333333324,-0.9133333333333336,-0.2865000000000004,0.6268333333333331,True,0.001,True
50,395,-0.6266666666666665,-0.94,-0.2866666666666666,0.6533333333333333,True,0.0005,True
50,396,-0.45999999999999996,-0.7800000000000002,-0.14649999999999946,0.6335000000000008,True,0.0075,True
50,397,-0.38666666666666716,-0.7200000000000002,-0.04666666666666641,0.6733333333333338,True,0.044,True
50,398,-0.6133333333333333,-0.8934999999999995,-0.34666666666666623,0.5468333333333333,True,0.0,True
50,399,-0.52,-0.8599999999999994,-0.19999999999999973,0.6599999999999997,True,0.0035,True
50,400,-0.52,-0.853333333333333,-0.18666666666666606,0.666666666666667,True,0.0065,True
50,401,-0.48666666666666636,-0.833333333333333,-0.1465000000000003,0.6868333333333327,True,0.007,True
50,402,-0.5266666666666668,-0.8466666666666667,-0.2331666666666668,0.6134999999999999,True,0.0025,True
50,403,-0.6266666666666665,-0.9266666666666663,-0.31333333333333346,0.6133333333333328,True,0.0,True
50,404,-0.7333333333333343,-1.0466666666666664,-0.38666666666666627,0.6600000000000001,True,0.0,True
50,405,-0.6200000000000001,-0.9533333333333331,-0.30666666666666753,0.6466666666666656,True,0.0015,True
50,406,-0.47999999999999954,-0.8468333333333334,-0.11333333333333283,0.7335000000000006,True,0.014,True
50,407,-0.47333333333333316,-0.7868333333333329,-0.12666666666666823,0.6601666666666647,True,0.0115,True
50,408,-0.4799999999999991,-0.7933333333333334,-0.14666666666666694,0.6466666666666665,True,0.0105,True
50,409,-0.6733333333333333,-0.9801666666666667,-0.35333333333333433,0.6268333333333325,True,0.0,True
50,410,-0.20000000000000107,-0.5001666666666668,0.10683333333333352,0.6070000000000003,False,0.2065,False
50,411,-0.47333333333333316,-0.7266666666666652,-0.20666666666666655,0.5199999999999987,True,0.0,True
50,412,-0.7133333333333347,-1.0066666666666668,-0.42666666666666675,0.5800000000000001,True,0.0,True
50,413,-0.5399999999999996,-0.8533333333333335,-0.21983333333333355,0.6335,True,0.0015,True
50,414,-0.6333333333333324,-0.960166666666666,-0.31999999999999984,0.6401666666666661,True,0.0,True
50,415,-0.5666666666666655,-0.9000000000000008,-0.2333333333333334,0.6666666666666674,True,0.0015,True
50,416,-0.39999999999999947,-0.753333333333333,-0.05983333333333345,0.6934999999999996,True,0.03,True
50,417,-0.5800000000000001,-0.9399999999999991,-0.20666666666666655,0.7333333333333325,True,0.004,True
50,418,-0.6800000000000002,-0.9666666666666659,-0.4066666666666663,0.5599999999999996,True,0.0,True
50,419,-0.3599999999999999,-0.6733333333333333,-0.0400000000000009,0.6333333333333324,True,0.034,True
50,420,-0.5133333333333336,-0.839999999999999,-0.18666666666666654,0.6533333333333324,True,0.003,True
50,421,-0.813333333333333,-1.1533333333333338,-0.4865000000000002,0.6668333333333336,True,0.0,True
50,422,-0.42666666666666675,-0.7601666666666665,-0.07316666666666752,0.6869999999999991,True,0.0225,True
50,423,-0.6733333333333325,-0.94,-0.41333333333333355,0.5266666666666664,True,0.0,True
50,424,-0.6333333333333329,-0.9866666666666659,-0.28666666666666746,0.6999999999999984,True,0.0005,True
50,425,-0.5000000000000004,-0.8266666666666667,-0.18649999999999994,0.6401666666666668,True,0.0055,True
50,426,-0.5066666666666664,-0.8733333333333331,-0.14649999999999988,0.7268333333333332,True,0.0115,True
50,427,-0.8399999999999994,-1.1601666666666666,-0.5131666666666661,0.6470000000000005,True,0.0,True
50,428,-0.5266666666666664,-0.8799999999999999,-0.16666666666666696,0.7133333333333329,True,0.0085,True
50,429,-0.4666666666666668,-0.8133333333333335,-0.10666666666666688,0.7066666666666666,True,0.016,True
50,430,-0.5000000000000004,-0.8400000000000003,-0.1466666666666665,0.6933333333333338,True,0.008,True
50,431,-0.4533333333333336,-0.8066666666666653,-0.0931666666666671,0.7134999999999982,True,0.017,True
50,432,-0.6533333333333333,-0.9933333333333327,-0.3200000000000003,0.6733333333333325,True,0.001,True
50,433,-0.5466666666666669,-0.8800000000000003,-0.21333333333333293,0.6666666666666674,True,0.006,True
50,434,-0.5000000000000004,-0.853333333333333,-0.11333333333333416,0.7399999999999989,True,0.012,True
50,435,-0.4266666666666663,-0.7866666666666662,-0.06666666666666642,0.7199999999999998,True,0.028,True
50,436,-0.5733333333333337,-0.9466666666666672,-0.23316666666666677,0.7135000000000005,True,0.0055,True
50,437,-0.3799999999999999,-0.6535000000000001,-0.08650000000000027,0.5669999999999998,True,0.017,True
50,438,-0.6999999999999993,-1.0399999999999996,-0.3598333333333332,0.6801666666666664,True,0.001,True
50,439,-0.6866666666666665,-1.0268333333333337,-0.3533333333333344,0.6734999999999993,True,0.001,True
50,440,-0.6400000000000001,-0.9600000000000004,-0.313333333333333,0.6466666666666674,True,0.0005,True
50,441,-0.6333333333333342,-0.9799999999999995,-0.27333333333333343,0.7066666666666661,True,0.003,True
50,442,-0.6199999999999997,-0.9599999999999995,-0.273333333333333,0.6866666666666665,True,0.0,True
50,443,-0.5466666666666673,-0.893333333333334,-0.20000000000000062,0.6933333333333334,True,0.0035,True
50,444,-0.41333333333333355,-0.7400000000000007,-0.0665000000000007,0.6735,True,0.028,True
50,445,-0.8599999999999994,-1.1601666666666666,-0.5533333333333332,0.6068333333333333,True,0.0,True
50,446,-0.37999999999999945,-0.7266666666666661,-0.053333333333332344,0.6733333333333338,True,0.031,True
50,447,-0.8399999999999999,-1.1333333333333333,-0.5466666666666669,0.5866666666666664,True,0.0,True
50,448,-0.4400000000000004,-0.7400000000000002,-0.11333333333333372,0.6266666666666665,True,0.011,True
50,449,-0.47333333333333316,-0.8333333333333326,-0.11333333333333373,0.7199999999999989,True,0.019,True
50,450,-0.293333333333333,-0.6399999999999992,0.05333333333333368,0.6933333333333329,True,0.1265,False
50,451,-0.4599999999999995,-0.7999999999999998,-0.12666666666666648,0.6733333333333333,True,0.0145,True
50,452,-0.5066666666666664,-0.8466666666666667,-0.15333333333333288,0.6933333333333338,True,0.0085,True
50,453,-0.4800000000000004,-0.7866666666666671,-0.17333333333333378,0.6133333333333333,True,0.0035,True
50,454,-0.4599999999999995,-0.7333333333333338,-0.17333333333333378,0.56,True,0.004,True
50,455,-0.5466666666666669,-0.8399999999999994,-0.2533333333333334,0.586666666666666,True,0.002,True
50,456,-0.5333333333333332,-0.8601666666666675,-0.19333333333333336,0.6668333333333342,True,0.0015,True
50,457,-0.6200000000000001,-0.940166666666668,-0.2666666666666666,0.6735000000000014,True,0.0,True
50,458,-0.52,-0.8734999999999994,-0.18666666666666654,0.6868333333333329,True,0.006,True
50,459,-0.37333333333333263,-0.6333333333333337,-0.09333333333333327,0.5400000000000005,True,0.0135,True
50,460,-0.49333333333333407,-0.860333333333334,-0.12666666666666648,0.7336666666666675,True,0.012,True
50,461,-0.5333333333333337,-0.8666666666666671,-0.20666666666666655,0.6600000000000006,True,0.0065,True
50,462,-0.2999999999999998,-0.6599999999999997,0.05333333333333279,0.7133333333333325,True,0.1105,False
50,463,-0.4066666666666663,-0.7334999999999997,-0.08000000000000052,0.6534999999999992,True,0.026,True
50,464,-0.5266666666666677,-0.8466666666666658,-0.20666666666666655,0.6399999999999992,True,0.0035,True
50,465,-0.7333333333333338,-1.0200000000000005,-0.4133333333333331,0.6066666666666674,True,0.0,True
50,466,-0.2800000000000007,-0.5933333333333333,0.04666666666666641,0.6399999999999997,True,0.0915,False
50,467,-0.6333333333333324,-0.9401666666666672,-0.31983333333333364,0.6203333333333335,True,0.0,True
50,468,-0.4866666666666668,-0.813333333333333,-0.13999999999999968,0.6733333333333333,True,0.0055,True
50,469,-0.5066666666666664,-0.7933333333333334,-0.2331666666666672,0.5601666666666663,True,0.0005,True
50,470,-0.6799999999999993,-0.9866666666666664,-0.3666666666666658,0.6200000000000006,True,0.0,True
50,471,-0.5466666666666669,-0.8399999999999999,-0.2733333333333343,0.5666666666666655,True,0.0,True
50,472,-0.6466666666666665,-0.9601666666666672,-0.33983333333333327,0.6203333333333338,True,0.0,True
50,473,-0.35333333333333394,-0.6866666666666661,-0.019833333333334258,0.6668333333333318,True,0.0565,False
50,474,-0.5800000000000001,-0.8533333333333326,-0.3066666666666662,0.5466666666666664,True,0.0,True
50,475,-0.5733333333333337,-0.8866666666666663,-0.246666666666667,0.6399999999999992,True,0.002,True
50,476,-0.4733333333333336,-0.8133333333333326,-0.13333333333333375,0.6799999999999988,True,0.008,True
50,477,-0.5266666666666664,-0.8533333333333322,-0.19983333333333358,0.6534999999999986,True,0.0025,True
50,478,-0.48,-0.7800000000000002,-0.1200000000000001,0.6600000000000001,True,0.0055,True
50,479,-0.5933333333333333,-0.8934999999999998,-0.2999999999999998,0.5935,True,0.0,True
50,480,-0.4866666666666659,-0.8066666666666671,-0.1800000000000006,0.6266666666666665,True,0.0065,True
50,481,-0.5533333333333328,-0.9066666666666654,-0.19333333333333336,0.713333333333332,True,0.0035,True
50,482,-0.40666666666666673,-0.7133333333333329,-0.10666666666666691,0.606666666666666,True,0.0075,True
50,483,-0.5066666666666673,-0.8601666666666671,-0.1733333333333329,0.6868333333333342,True,0.006,True
50,484,-0.7466666666666661,-1.0999999999999992,-0.3733333333333331,0.7266666666666661,True,0.0,True
50,485,-0.4733333333333327,-0.8199999999999998,-0.11333333333333327,0.7066666666666666,True,0.0165,True
50,486,-0.52,-0.8933333333333331,-0.14666666666666694,0.7466666666666661,True,0.007,True
50,487,-0.25333333333333297,-0.5801666666666673,0.07333333333333372,0.653500000000001,True,0.1345,False
50,488,-0.6333333333333333,-0.953333333333334,-0.3266666666666662,0.6266666666666678,True,0.0005,True
50,489,-0.5599999999999996,-0.8333333333333335,-0.2799999999999998,0.5533333333333337,True,0.0,True
50,490,-0.56,-0.859999999999999,-0.23999999999999977,0.6199999999999992,True,0.001,True
50,491,-0.5599999999999992,-0.8866666666666667,-0.22666666666666657,0.6600000000000001,True,0.002,True
50,492,-0.5533333333333323,-0.873333333333334,-0.2200000000000002,0.6533333333333338,True,0.0025,True
50,493,-0.45333333333333314,-0.7866666666666675,-0.09983333333333347,0.6868333333333341,True,0.0155,True
50,494,-0.5133333333333341,-0.8666666666666671,-0.1599999999999997,0.7066666666666674,True,0.0075,True
50,495,-0.52,-0.8333333333333321,-0.18666666666666742,0.6466666666666647,True,0.0035,True
50,496,-0.6800000000000002,-1.0,-0.3533333333333335,0.6466666666666665,True,0.0,True
50,497,-0.5400000000000005,-0.8800000000000008,-0.21333333333333293,0.6666666666666679,True,0.003,True
50,498,-0.7666666666666666,-1.0601666666666674,-0.46666666666666634,0.593500000000001,True,0.0,True
50,499,-0.6800000000000002,-0.9800000000000004,-0.38000000000000167,0.5999999999999988,True,0.0,True
100,0,-0.5533333333333337,-0.7899999999999987,-0.31666666666666776,0.47333333333333094,True,0.0,True
100,1,-0.5533333333333337,-0.793333333333333,-0.3100000000000005,0.4833333333333325,True,0.0,True
100,2,-0.5533333333333328,-0.7833333333333337,-0.319916666666667,0.46341666666666664,True,0.0,True
100,3,-0.5533333333333332,-0.7833333333333332,-0.31999999999999984,0.4633333333333334,True,0.0,True
100,4,-0.5533333333333337,-0.7899999999999996,-0.3033333333333341,0.48666666666666547,True,0.0,True
100,5,-0.5533333333333323,-0.7833333333333332,-0.32000000000000073,0.4633333333333325,True,0.0,True
100,6,-0.5533333333333328,-0.7967500000000004,-0.3200000000000003,0.4767500000000001,True,0.0,True
100,7,-0.5533333333333328,-0.7866666666666666,-0.31333333333333435,0.4733333333333323,True,0.0,True
100,8,-0.5533333333333323,-0.7899999999999996,-0.31324999999999975,0.47674999999999984,True,0.0,True
100,9,-0.5533333333333337,-0.7767500000000008,-0.3266666666666671,0.4500833333333337,True,0.0,True
100,10,-0.5533333333333337,-0.7866666666666662,-0.31658333333333316,0.470083333333333,True,0.0,True
100,11,-0.5533333333333323,-0.7867499999999998,-0.31000000000000094,0.4767499999999989,True,0.0,True
100,12,-0.5533333333333337,-0.7867499999999994,-0.31000000000000094,0.47674999999999845,True,0.0,True
100,13,-0.5533333333333328,-0.7800833333333342,-0.3033333333333337,0.47675000000000056,True,0.0,True
100,14,-0.5533333333333328,-0.7866666666666657,-0.3266666666666662,0.4599999999999995,True,0.0,True
100,15,-0.5533333333333328,-0.793333333333333,-0.32000000000000073,0.4733333333333323,True,0.0,True
100,16,-0.5533333333333346,-0.7833333333333332,-0.3132500000000006,0.47008333333333263,True,0.0,True
100,17,-0.5533333333333323,-0.7833333333333337,-0.3166666666666673,0.46666666666666634,True,0.0,True
100,18,-0.5533333333333323,-0.7866666666666671,-0.31324999999999975,0.4734166666666673,True,0.0,True
100,19,-0.5533333333333337,-0.7999999999999989,-0.3300000000000005,0.4699999999999984,True,0.0,True
100,20,-0.5533333333333337,-0.7899999999999996,-0.3232500000000017,0.4667499999999979,True,0.0,True
100,21,-0.5533333333333328,-0.7833333333333332,-0.31658333333333444,0.4667499999999988,True,0.0,True
100,22,-0.5533333333333323,-0.7967500000000008,-0.30666666666666664,0.4900833333333342,True,0.0,True
100,23,-0.5533333333333337,-0.793333333333333,-0.3133333333333339,0.4799999999999991,True,0.0,True
100,24,-0.5533333333333332,-0.7900000000000005,-0.3000000000000007,0.48999999999999977,True,0.0,True
100,25,-0.5533333333333328,-0.7999999999999989,-0.3165833333333353,0.4834166666666636,True,0.0,True
100,26,-0.5533333333333337,-0.7899999999999996,-0.31333333333333346,0.47666666666666613,True,0.0,True
100,27,-0.5533333333333328,-0.8000833333333334,-0.32333333333333325,0.4767500000000001,True,0.0,True
100,28,-0.5533333333333337,-0.7966666666666673,-0.32333333333333325,0.47333333333333405,True,0.0,True
100,29,-0.5533333333333337,-0.7966666666666669,-0.3199166666666683,0.47674999999999856,True,0.0,True
100,30,-0.5533333333333332,-0.7833333333333345,-0.31333333333333346,0.4700000000000011,True,0.0,True
100,31,-0.5533333333333337,-0.7833333333333341,-0.31333333333333346,0.47000000000000064,True,0.0,True
100,32,-0.5533333333333332,-0.7933333333333334,-0.3166666666666673,0.47666666666666613,True,0.0,True
100,33,-0.5533333333333323,-0.796666666666666,-0.30324999999999996,0.493416666666666,True,0.0,True
100,34,-0.5533333333333323,-0.7866666666666671,-0.31658333333333316,0.4700833333333339,True,0.0,True
100,35,-0.5533333333333337,-0.7933333333333339,-0.30991666666666634,0.48341666666666755,True,0.0005,True
100,36,-0.5533333333333337,-0.7867500000000011,-0.3100000000000014,0.4767499999999997,True,0.0,True
100,37,-0.5533333333333328,-0.7934166666666667,-0.30333333333333323,0.4900833333333334,True,0.0,True
100,38,-0.5533333333333332,-0.7899999999999987,-0.3065833333333334,0.48341666666666533,True,0.0,True
100,39,-0.5533333333333328,-0.7899999999999996,-0.3200000000000007,0.4699999999999989,True,0.0,True
100,40,-0.5533333333333332,-0.7834166666666673,-0.30666666666666664,0.4767500000000007,True,0.0,True
100,41,-0.5533333333333332,-0.7967500000000008,-0.3065000000000013,0.4902499999999995,True,0.0,True
100,42,-0.5533333333333328,-0.7834166666666672,-0.3065833333333342,0.476833333333333,True,0.0,True
100,43,-0.5533333333333337,-0.7800000000000007,-0.29666666666666686,0.48333333333333384,True,0.0,True
100,44,-0.5533333333333332,-0.793333333333333,-0.31333333333333346,0.47999999999999954,True,0.0,True
100,45,-0.553333333333335,-0.7966666666666673,-0.31333333333333435,0.48333333333333295,True,0.0,True
100,46,-0.5533333333333328,-0.7900833333333337,-0.3066666666666671,0.4834166666666666,True,0.0,True
100,47,-0.5533333333333337,-0.8100833333333336,-0.31000000000000094,0.5000833333333327,True,0.0,True
100,48,-0.5533333333333323,-0.7799999999999998,-0.32658333333333295,0.45341666666666686,True,0.0,True
100,49,-0.5533333333333337,-0.7800000000000002,-0.30324999999999996,0.4767500000000003,True,0.0,True
100,50,-0.5533333333333332,-0.7900833333333345,-0.3100000000000005,0.480083333333334,True,0.0,True
100,51,-0.5533333333333337,-0.7866666666666671,-0.3099999999999996,0.47666666666666746,True,0.0,True
100,52,-0.5533333333333323,-0.7866666666666675,-0.3133333333333339,0.4733333333333336,True,0.0,True
100,53,-0.5533333333333337,-0.7833333333333337,-0.30325000000000035,0.4800833333333333,True,0.0,True
100,54,-0.5533333333333337,-0.7833333333333332,-0.3233333333333337,0.4599999999999995,True,0.0,True
100,55,-0.5533333333333337,-0.7900833333333332,-0.3265833333333342,0.463499999999999,True,0.0,True
100,56,-0.5533333333333328,-0.7933333333333334,-0.3133333333333339,0.47999999999999954,True,0.0,True
100,57,-0.5533333333333337,-0.7999999999999994,-0.3166666666666669,0.4833333333333325,True,0.0,True
100,58,-0.5533333333333332,-0.8000000000000007,-0.33324999999999977,0.46675000000000094,True,0.0,True
100,59,-0.5533333333333337,-0.7900833333333337,-0.3000000000000007,0.490083333333333,True,0.0,True
100,60,-0.5533333333333337,-0.7833333333333332,-0.3232500000000008,0.4600833333333324,True,0.0,True
100,61,-0.5533333333333328,-0.7934166666666674,-0.32333333333333414,0.4700833333333333,True,0.0,True
100,62,-0.5533333333333332,-0.7767499999999992,-0.3166666666666668,0.46008333333333234,True,0.0,True
100,63,-0.5533333333333323,-0.7867500000000003,-0.31999999999999984,0.46675000000000044,True,0.0,True
100,64,-0.5533333333333346,-0.7933333333333339,-0.3232499999999999,0.47008333333333396,True,0.0,True
100,65,-0.5533333333333332,-0.7999999999999998,-0.313333333333333,0.4866666666666668,True,0.0,True
100,66,-0.5533333333333337,-0.790083333333334,-0.31000000000000094,0.4800833333333331,True,0.0,True
100,67,-0.5533333333333337,-0.7867500000000002,-0.3200000000000003,0.4667499999999999,True,0.0,True
100,68,-0.5533333333333332,-0.7867499999999994,-0.30325000000000124,0.48349999999999815,True,0.0,True
100,69,-0.5533333333333337,-0.7999999999999989,-0.313333333333333,0.4866666666666659,True,0.0,True
100,70,-0.5533333333333328,-0.7799999999999998,-0.3233333333333337,0.4566666666666661,True,0.0,True
100,71,-0.5533333333333332,-0.7966666666666669,-0.31324999999999975,0.4834166666666671,True,0.0,True
100,72,-0.5533333333333332,-0.8133333333333321,-0.3266666666666671,0.486666666666665,True,0.0,True
100,73,-0.5533333333333332,-0.8000833333333338,-0.3233333333333337,0.4767500000000001,True,0.0,True
100,74,-0.5533333333333337,-0.7833333333333332,-0.306666666666668,0.47666666666666524,True,0.0,True
100,75,-0.5533333333333323,-0.7900000000000005,-0.3066666666666671,0.4833333333333334,True,0.0,True
100,76,-0.5533333333333328,-0.7933333333333334,-0.313333333333333,0.4800000000000004,True,0.0,True
100,77,-0.5533333333333337,-0.7933333333333334,-0.3200000000000003,0.47333333333333316,True,0.0,True
100,78,-0.5533333333333337,-0.7933333333333326,-0.3132499999999997,0.48008333333333286,True,0.0005,True
100,79,-0.5533333333333328,-0.7766666666666664,-0.3033333333333328,0.4733333333333336,True,0.0,True
100,80,-0.5533333333333337,-0.7800000000000002,-0.3200000000000003,0.45999999999999996,True,0.0,True
100,81,-0.5533333333333323,-0.7933333333333339,-0.31666666666666643,0.47666666666666746,True,0.0,True
100,82,-0.5533333333333323,-0.7866666666666653,-0.32333333333333325,0.46333333333333204,True,0.0005,True
100,83,-0.5533333333333328,-0.7966666666666669,-0.31666666666666776,0.4799999999999991,True,0.0,True
100,84,-0.5533333333333323,-0.7933333333333334,-0.3265833333333338,0.46674999999999967,True,0.0005,True
100,85,-0.5533333333333341,-0.7867500000000007,-0.3099166666666672,0.47683333333333355,True,0.0,True
100,86,-0.553333333333335,-0.7833333333333332,-0.3200000000000003,0.46333333333333293,True,0.0,True
100,87,-0.5533333333333323,-0.7833333333333337,-0.30991666666666634,0.4734166666666673,True,0.0,True
100,88,-0.5533333333333337,-0.7899999999999991,-0.313333333333333,0.47666666666666613,True,0.0,True
100,89,-0.5533333333333328,-0.7866666666666671,-0.3232499999999999,0.46341666666666714,True,0.0,True
100,90,-0.5533333333333332,-0.7933333333333326,-0.313333333333333,0.47999999999999954,True,0.0,True
100,91,-0.5533333333333328,-0.7900000000000005,-0.3199166666666665,0.47008333333333396,True,0.0005,True
100,92,-0.5533333333333337,-0.7800000000000007,-0.31000000000000005,0.47000000000000064,True,0.0,True
100,93,-0.5533333333333337,-0.793416666666667,-0.316666666666666,0.476750000000001,True,0.0,True
100,94,-0.5533333333333346,-0.7834166666666672,-0.3066666666666671,0.4767500000000001,True,0.0,True
100,95,-0.5533333333333346,-0.7766666666666673,-0.30991666666666673,0.46675000000000055,True,0.0,True
100,96,-0.5533333333333323,-0.7866666666666653,-0.3166666666666669,0.4699999999999984,True,0.0,True
100,97,-0.5533333333333337,-0.8000000000000003,-0.31000000000000005,0.4900000000000002,True,0.0,True
100,98,-0.5533333333333323,-0.7933333333333339,-0.3066666666666662,0.4866666666666677,True,0.0,True
100,99,-0.5533333333333337,-0.7800000000000002,-0.3100000000000005,0.46999999999999975,True,0.0,True
100,100,-0.5533333333333337,-0.7899999999999987,-0.31991666666666657,0.47008333333333213,True,0.0005,True
100,101,-0.5533333333333337,-0.793333333333333,-0.3233333333333337,0.4699999999999993,True,0.0,True
100,102,-0.5533333333333337,-0.7866666666666657,-0.313333333333333,0.4733333333333327,True,0.0,True
100,103,-0.5533333333333323,-0.7866666666666671,-0.3033333333333337,0.4833333333333334,True,0.0,True
100,104,-0.5533333333333337,-0.7899999999999991,-0.3166666666666669,0.4733333333333323,True,0.0,True
100,105,-0.5533333333333337,-0.7867499999999998,-0.3199166666666665,0.4668333333333333,True,0.0,True
100,106,-0.5533333333333323,-0.7933333333333326,-0.3232499999999995,0.4700833333333331,True,0.0,True
100,107,-0.5533333333333337,-0.7834166666666676,-0.29991666666666655,0.4835000000000011,True,0.0,True
100,108,-0.5533333333333332,-0.7800833333333339,-0.32666666666666755,0.45341666666666636,True,0.0005,True
100,109,-0.5533333333333328,-0.7800000000000002,-0.31333333333333346,0.4666666666666668,True,0.0,True
100,110,-0.5533333333333328,-0.7833333333333332,-0.3233333333333337,0.4599999999999995,True,0.0,True
100,111,-0.5533333333333346,-0.7899999999999987,-0.31000000000000133,0.4799999999999974,True,0.0,True
100,112,-0.5533333333333328,-0.7899999999999996,-0.31666666666666643,0.47333333333333316,True,0.0,True
100,113,-0.5533333333333332,-0.7866666666666666,-0.32658333333333295,0.4600833333333337,True,0.0,True
100,114,-0.5533333333333323,-0.7933333333333317,-0.31658333333333316,0.4767499999999985,True,0.0,True
100,115,-0.5533333333333341,-0.8000833333333343,-0.31000000000000094,0.4900833333333333,True,0.0005,True
100,116,-0.5533333333333319,-0.7867499999999994,-0.3199999999999994,0.46675,True,0.0,True
100,117,-0.5533333333333341,-0.7800000000000002,-0.31316666666666726,0.466833333333333,True,0.0,True
100,118,-0.5533333333333337,-0.7834166666666673,-0.31666666666666643,0.4667500000000009,True,0.0,True
100,119,-0.5533333333333337,-0.7900833333333337,-0.3199999999999994,0.4700833333333343,True,0.0,True
100,120,-0.5533333333333337,-0.8000000000000003,-0.3299999999999996,0.47000000000000064,True,0.0,True
100,121,-0.5533333333333328,-0.7866666666666666,-0.313333333333333,0.4733333333333336,True,0.0,True
100,122,-0.5533333333333346,-0.7833333333333341,-0.3200000000000003,0.4633333333333338,True,0.0,True
100,123,-0.5533333333333332,-0.7900833333333341,-0.3233333333333337,0.46675000000000044,True,0.0,True
100,124,-0.5533333333333323,-0.8033333333333328,-0.3200000000000003,0.4833333333333325,True,0.0,True
100,125,-0.5533333333333328,-0.7867500000000002,-0.31658333333333355,0.4701666666666666,True,0.0,True
100,126,-0.5533333333333341,-0.7867500000000006,-0.3200000000000011,0.4667499999999995,True,0.0,True
100,127,-0.5533333333333328,-0.7867500000000003,-0.32325,0.4635000000000003,True,0.0,True
100,128,-0.553333333333335,-0.7899999999999996,-0.31333333333333435,0.47666666666666524,True,0.0,True
100,129,-0.5533333333333337,-0.7899999999999996,-0.3033333333333337,0.4866666666666659,True,0.0,True
100,130,-0.5533333333333337,-0.8033333333333323,-0.3165833333333327,0.4867499999999996,True,0.0,True
100,131,-0.5533333333333341,-0.79,-0.316666666666666,0.47333333333333405,True,0.0,True
100,132,-0.5533333333333323,-0.7800833333333347,-0.31333333333333435,0.46675000000000033,True,0.0,True
100,133,-0.5533333333333328,-0.7933333333333334,-0.33000000000000096,0.4633333333333325,True,0.0,True
100,134,-0.5533333333333332,-0.790083333333334,-0.3165833333333336,0.4735000000000004,True,0.0,True
100,135,-0.5533333333333337,-0.7833333333333328,-0.31000000000000005,0.4733333333333327,True,0.0,True
100,136,-0.5533333333333328,-0.7866666666666675,-0.31658333333333355,0.47008333333333396,True,0.0,True
100,137,-0.5533333333333328,-0.7899999999999996,-0.30991666666666673,0.48008333333333286,True,0.0,True
100,138,-0.5533333333333328,-0.7933333333333326,-0.3100000000000005,0.48333333333333206,True,0.0,True
100,139,-0.5533333333333346,-0.79,-0.3133333333333339,0.47666666666666613,True,0.0,True
100,140,-0.5533333333333328,-0.7999999999999998,-0.3200000000000003,0.47999999999999954,True,0.0,True
100,141,-0.5533333333333323,-0.7900833333333341,-0.3166666666666686,0.47341666666666554,True,0.0,True
100,142,-0.5533333333333332,-0.7933333333333321,-0.32333333333333236,0.46999999999999975,True,0.0,True
100,143,-0.5533333333333323,-0.8033333333333337,-0.3165833333333327,0.48675000000000096,True,0.0,True
100,144,-0.5533333333333337,-0.793333333333333,-0.30666666666666753,0.48666666666666547,True,0.0,True
100,145,-0.5533333333333328,-0.793333333333333,-0.32325,0.470083333333333,True,0.0,True
100,146,-0.5533333333333332,-0.7900000000000009,-0.3266666666666671,0.4633333333333338,True,0.0,True
100,147,-0.5533333333333323,-0.7867499999999998,-0.3233333333333337,0.46341666666666614,True,0.0,True
100,148,-0.5533333333333328,-0.7966666666666664,-0.3200000000000003,0.47666666666666613,True,0.0,True
100,149,-0.5533333333333328,-0.8033333333333332,-0.3133333333333339,0.4899999999999993,True,0.0,True
100,150,-0.5533333333333337,-0.7966666666666664,-0.29666666666666686,0.49999999999999956,True,0.0,True
100,151,-0.5533333333333337,-0.7800000000000002,-0.316583333333334,0.46341666666666625,True,0.0,True
100,152,-0.5533333333333323,-0.790083333333334,-0.3100000000000005,0.48008333333333353,True,0.0,True
100,153,-0.5533333333333323,-0.7934166666666671,-0.3165833333333327,0.4768333333333344,True,0.0,True
100,154,-0.5533333333333337,-0.7899999999999996,-0.3265833333333338,0.4634166666666658,True,0.0,True
100,155,-0.5533333333333337,-0.7833333333333332,-0.3132500000000006,0.47008333333333263,True,0.0,True
100,156,-0.5533333333333323,-0.793333333333333,-0.3265833333333338,0.4667499999999992,True,0.0,True
100,157,-0.5533333333333337,-0.8034166666666673,-0.30658333333333376,0.49683333333333357,True,0.0005,True
100,158,-0.5533333333333319,-0.7934166666666667,-0.3166666666666673,0.47674999999999934,True,0.0,True
100,159,-0.5533333333333323,-0.7966666666666669,-0.3233333333333337,0.47333333333333316,True,0.0,True
100,160,-0.5533333333333337,-0.7966666666666673,-0.3166666666666668,0.4800000000000005,True,0.0,True
100,161,-0.5533333333333319,-0.7833333333333337,-0.32333333333333364,0.46,True,0.0,True
100,162,-0.5533333333333337,-0.7833333333333332,-0.32324999999999954,0.4600833333333337,True,0.0,True
100,163,-0.5533333333333328,-0.7966666666666669,-0.3099166666666668,0.48675000000000007,True,0.0,True
100,164,-0.5533333333333323,-0.7900833333333332,-0.3166666666666673,0.47341666666666593,True,0.0,True
100,165,-0.5533333333333337,-0.783416666666666,-0.3166666666666668,0.46674999999999917,True,0.0,True
100,166,-0.5533333333333337,-0.7867499999999998,-0.30000000000000027,0.48674999999999957,True,0.0,True
100,167,-0.5533333333333337,-0.7999999999999998,-0.31000000000000005,0.48999999999999977,True,0.0,True
100,168,-0.5533333333333337,-0.7999999999999998,-0.3232499999999999,0.4767499999999999,True,0.0,True
100,169,-0.5533333333333341,-0.7766666666666668,-0.313333333333333,0.4633333333333338,True,0.0,True
100,170,-0.5533333333333323,-0.7933333333333334,-0.3199166666666665,0.47341666666666693,True,0.0,True
100,171,-0.5533333333333337,-0.7933333333333339,-0.3033333333333337,0.4900000000000002,True,0.0,True
100,172,-0.5533333333333323,-0.7866666666666671,-0.33333333333333304,0.45333333333333403,True,0.0,True
100,173,-0.5533333333333337,-0.7866666666666657,-0.3133333333333339,0.47333333333333183,True,0.0,True
100,174,-0.5533333333333337,-0.7833333333333337,-0.30991666666666673,0.47341666666666693,True,0.0,True
100,175,-0.5533333333333337,-0.79,-0.32333333333333325,0.4666666666666668,True,0.0,True
100,176,-0.5533333333333346,-0.8000833333333338,-0.3165833333333336,0.4835000000000002,True,0.0,True
100,177,-0.5533333333333337,-0.7966666666666669,-0.3200000000000003,0.47666666666666657,True,0.0,True
100,178,-0.5533333333333337,-0.7900833333333341,-0.31991666666666696,0.4701666666666672,True,0.0,True
100,179,-0.5533333333333332,-0.8033333333333328,-0.3166666666666673,0.48666666666666547,True,0.0,True
100,180,-0.5533333333333328,-0.7800000000000002,-0.3166666666666669,0.4633333333333334,True,0.0,True
100,181,-0.5533333333333332,-0.7934166666666667,-0.32325000000000126,0.4701666666666654,True,0.0,True
100,182,-0.5533333333333323,-0.7933333333333326,-0.3300000000000005,0.46333333333333204,True,0.0,True
100,183,-0.5533333333333328,-0.7867500000000002,-0.313250000000001,0.47349999999999914,True,0.0005,True
100,184,-0.5533333333333328,-0.7833333333333341,-0.31333333333333346,0.47000000000000064,True,0.0,True
100,185,-0.5533333333333319,-0.7899999999999996,-0.3032500000000008,0.4867499999999988,True,0.0,True
100,186,-0.5533333333333328,-0.8033333333333328,-0.3032499999999999,0.5000833333333329,True,0.0,True
100,187,-0.5533333333333341,-0.7966666666666664,-0.3166666666666669,0.47999999999999954,True,0.0,True
100,188,-0.5533333333333337,-0.7866666666666675,-0.316583333333334,0.4700833333333335,True,0.0,True
100,189,-0.5533333333333346,-0.7900000000000009,-0.32666666666666666,0.46333333333333426,True,0.0,True
100,190,-0.5533333333333328,-0.7867499999999994,-0.3233333333333341,0.4634166666666653,True,0.0,True
100,191,-0.5533333333333337,-0.7866666666666662,-0.3099999999999996,0.47666666666666657,True,0.0,True
100,192,-0.5533333333333323,-0.7866666666666653,-0.31991666666666657,0.4667499999999987,True,0.0,True
100,193,-0.5533333333333323,-0.7933333333333326,-0.3332499999999993,0.46008333333333323,True,0.0,True
100,194,-0.5533333333333341,-0.7900000000000005,-0.32333333333333325,0.46666666666666723,True,0.0,True
100,195,-0.5533333333333337,-0.7866666666666662,-0.3200000000000012,0.466666666666665,True,0.0,True
100,196,-0.5533333333333323,-0.7999999999999994,-0.30666666666666753,0.49333333333333185,True,0.0,True
100,197,-0.5533333333333332,-0.776666666666666,-0.33666666666666734,0.4399999999999986,True,0.0,True
100,198,-0.5533333333333346,-0.7833333333333328,-0.31000000000000005,0.4733333333333327,True,0.0,True
100,199,-0.5533333333333328,-0.7900833333333337,-0.31333333333333346,0.47675000000000023,True,0.0,True
100,200,-0.5533333333333337,-0.7866666666666662,-0.31000000000000005,0.47666666666666613,True,0.0,True
100,201,-0.5533333333333332,-0.7933333333333326,-0.31325000000000064,0.4800833333333319,True,0.0,True
100,202,-0.5533333333333337,-0.7866666666666657,-0.3166666666666669,0.46999999999999886,True,0.0,True
100,203,-0.5533333333333328,-0.7866666666666671,-0.3199166666666661,0.46675000000000094,True,0.0005,True
100,204,-0.5533333333333323,-0.7866666666666675,-0.31000000000000005,0.47666666666666746,True,0.0,True
100,205,-0.5533333333333337,-0.7934166666666674,-0.3166666666666669,0.47675000000000056,True,0.0,True
100,206,-0.5533333333333346,-0.7899999999999996,-0.3166666666666673,0.4733333333333323,True,0.0,True
100,207,-0.5533333333333337,-0.7767500000000009,-0.3100000000000005,0.46675000000000044,True,0.0,True
100,208,-0.5533333333333332,-0.7999999999999994,-0.3100000000000005,0.4899999999999989,True,0.0,True
100,209,-0.5533333333333323,-0.7834166666666673,-0.32658333333333467,0.45683333333333265,True,0.0,True
100,210,-0.5533333333333328,-0.7800833333333334,-0.31000000000000005,0.4700833333333333,True,0.0,True
100,211,-0.5533333333333328,-0.7933333333333339,-0.3266666666666675,0.4666666666666664,True,0.0,True
100,212,-0.5533333333333332,-0.7800000000000002,-0.3033333333333337,0.47666666666666657,True,0.0,True
100,213,-0.5533333333333319,-0.7966666666666655,-0.31666666666666643,0.4799999999999991,True,0.0005,True
100,214,-0.5533333333333337,-0.7799999999999998,-0.3065833333333333,0.4734166666666665,True,0.0,True
100,215,-0.5533333333333346,-0.793416666666667,-0.32666666666666666,0.46675000000000033,True,0.0,True
100,216,-0.5533333333333341,-0.7999999999999998,-0.32000000000000073,0.4799999999999991,True,0.0,True
100,217,-0.5533333333333328,-0.7867500000000011,-0.31658333333333316,0.4701666666666679,True,0.0,True
100,218,-0.5533333333333337,-0.7866666666666671,-0.31000000000000005,0.476666666666667,True,0.0,True
100,219,-0.5533333333333332,-0.79,-0.3100000000000005,0.47999999999999954,True,0.0,True
100,220,-0.5533333333333323,-0.7766666666666664,-0.3166666666666677,0.4599999999999987,True,0.0,True
100,221,-0.5533333333333323,-0.79,-0.30983333333333346,0.4801666666666666,True,0.0005,True
100,222,-0.5533333333333337,-0.7866666666666671,-0.30666666666666575,0.4800000000000013,True,0.0,True
100,223,-0.5533333333333337,-0.7833333333333337,-0.31991666666666696,0.4634166666666667,True,0.0,True
100,224,-0.5533333333333328,-0.780083333333333,-0.319916666666667,0.460166666666666,True,0.0,True
100,225,-0.5533333333333337,-0.7966666666666664,-0.32666666666666666,0.46999999999999975,True,0.0,True
100,226,-0.5533333333333332,-0.7867500000000006,-0.33000000000000007,0.45675000000000054,True,0.0,True
100,227,-0.5533333333333337,-0.7900000000000005,-0.3200000000000003,0.4700000000000002,True,0.0,True
100,228,-0.5533333333333337,-0.7867500000000002,-0.3200000000000003,0.4667499999999999,True,0.0,True
100,229,-0.5533333333333332,-0.7934166666666674,-0.31658333333333355,0.4768333333333339,True,0.0,True
100,230,-0.5533333333333337,-0.7933333333333334,-0.3033333333333337,0.48999999999999977,True,0.0005,True
100,231,-0.5533333333333337,-0.7900833333333332,-0.31666666666666726,0.473416666666666,True,0.0,True
100,232,-0.5533333333333346,-0.79,-0.3133333333333339,0.47666666666666613,True,0.0,True
100,233,-0.5533333333333332,-0.7933333333333334,-0.30666666666666575,0.4866666666666677,True,0.0,True
100,234,-0.5533333333333337,-0.7999999999999998,-0.3133333333333339,0.4866666666666659,True,0.0,True
100,235,-0.5533333333333337,-0.7967500000000008,-0.3166666666666669,0.480083333333334,True,0.0,True
100,236,-0.5533333333333332,-0.81,-0.3100000000000014,0.49999999999999867,True,0.0,True
100,237,-0.5533333333333332,-0.7966666666666669,-0.31999999999999984,0.476666666666667,True,0.0,True
100,238,-0.5533333333333337,-0.7900000000000005,-0.3200000000000003,0.4700000000000002,True,0.0,True
100,239,-0.5533333333333323,-0.7767500000000008,-0.30325000000000035,0.4735000000000005,True,0.0,True
100,240,-0.5533333333333319,-0.7934166666666671,-0.3032499999999995,0.4901666666666676,True,0.0,True
100,241,-0.5533333333333328,-0.7800833333333338,-0.316583333333334,0.4634999999999998,True,0.0,True
100,242,-0.5533333333333332,-0.7966666666666673,-0.3066666666666671,0.4900000000000002,True,0.0,True
100,243,-0.5533333333333337,-0.7934166666666674,-0.30000000000000115,0.4934166666666663,True,0.0,True
100,244,-0.5533333333333341,-0.7933333333333339,-0.3332499999999997,0.4600833333333342,True,0.0,True
100,245,-0.5533333333333337,-0.7834166666666669,-0.3033333333333341,0.48008333333333275,True,0.0,True
100,246,-0.5533333333333323,-0.7833333333333328,-0.313333333333333,0.46999999999999975,True,0.0,True
100,247,-0.5533333333333337,-0.793333333333333,-0.30333333333333323,0.48999999999999977,True,0.0,True
100,248,-0.5533333333333328,-0.7833333333333341,-0.30333333333333323,0.48000000000000087,True,0.0,True
100,249,-0.5533333333333328,-0.7833333333333323,-0.30000000000000066,0.48333333333333167,True,0.0,True
100,250,-0.5533333333333323,-0.796666666666666,-0.3233333333333337,0.4733333333333323,True,0.0,True
100,251,-0.5533333333333328,-0.7966666666666664,-0.316666666666666,0.4800000000000004,True,0.0,True
100,252,-0.5533333333333323,-0.7899999999999987,-0.31991666666666785,0.47008333333333086,True,0.0,True
100,253,-0.5533333333333323,-0.7966666666666655,-0.32333333333333414,0.4733333333333314,True,0.0,True
100,254,-0.5533333333333341,-0.796666666666666,-0.32324999999999954,0.47341666666666643,True,0.0,True
100,255,-0.5533333333333337,-0.7833333333333328,-0.3200000000000003,0.4633333333333325,True,0.0,True
100,256,-0.5533333333333337,-0.7900833333333337,-0.31999999999999984,0.47008333333333385,True,0.0,True
100,257,-0.5533333333333323,-0.7833333333333341,-0.3266666666666671,0.456666666666667,True,0.0,True
100,258,-0.5533333333333332,-0.7833333333333337,-0.31999999999999984,0.4633333333333338,True,0.0,True
100,259,-0.5533333333333328,-0.7799999999999989,-0.3166666666666669,0.46333333333333204,True,0.0,True
100,260,-0.5533333333333323,-0.79,-0.31325000000000014,0.4767499999999999,True,0.0,True
100,261,-0.5533333333333337,-0.7833333333333332,-0.31666666666666643,0.4666666666666668,True,0.0,True
100,262,-0.5533333333333337,-0.7866666666666662,-0.3066666666666671,0.4799999999999991,True,0.0,True
100,263,-0.5533333333333337,-0.7867500000000006,-0.3099999999999996,0.476750000000001,True,0.0,True
100,264,-0.5533333333333337,-0.7833333333333337,-0.31666666666666643,0.46666666666666723,True,0.0,True
100,265,-0.5533333333333337,-0.7867500000000012,-0.3133333333333348,0.4734166666666664,True,0.0,True
100,266,-0.5533333333333332,-0.7833333333333332,-0.32666666666666755,0.45666666666666567,True,0.0,True
100,267,-0.5533333333333328,-0.7866666666666671,-0.3232500000000004,0.46341666666666664,True,0.0,True
100,268,-0.5533333333333337,-0.7799999999999994,-0.31333333333333346,0.4666666666666659,True,0.0,True
100,269,-0.5533333333333328,-0.7666666666666675,-0.3199166666666665,0.446750000000001,True,0.0,True
100,270,-0.5533333333333332,-0.793333333333333,-0.3033333333333337,0.4899999999999993,True,0.0,True
100,271,-0.5533333333333328,-0.7899999999999996,-0.3198333333333341,0.4701666666666655,True,0.0,True
100,272,-0.5533333333333337,-0.7866666666666662,-0.3200000000000012,0.466666666666665,True,0.0,True
100,273,-0.5533333333333337,-0.79,-0.31650000000000067,0.47349999999999937,True,0.0,True
100,274,-0.5533333333333328,-0.7933333333333326,-0.29333333333333433,0.4999999999999982,True,0.0,True
100,275,-0.5533333333333328,-0.7866666666666666,-0.3166666666666669,0.46999999999999975,True,0.0,True
100,276,-0.5533333333333332,-0.7899999999999991,-0.31333333333333346,0.4766666666666657,True,0.0,True
100,277,-0.5533333333333332,-0.7934999999999998,-0.31666666666666643,0.47683333333333333,True,0.0,True
100,278,-0.5533333333333332,-0.7899999999999996,-0.31325000000000014,0.47674999999999945,True,0.0,True
100,279,-0.5533333333333328,-0.7799999999999998,-0.31999999999999984,0.45999999999999996,True,0.0,True
100,280,-0.5533333333333332,-0.7966666666666664,-0.3166666666666669,0.47999999999999954,True,0.0,True
100,281,-0.5533333333333332,-0.7933333333333334,-0.3033333333333337,0.48999999999999977,True,0.0,True
100,282,-0.5533333333333341,-0.7933333333333339,-0.32325000000000037,0.4700833333333335,True,0.0,True
100,283,-0.5533333333333332,-0.7866666666666666,-0.3266666666666662,0.4600000000000004,True,0.0,True
100,284,-0.5533333333333323,-0.7900000000000005,-0.30999999999999917,0.4800000000000013,True,0.0,True
100,285,-0.5533333333333332,-0.7833333333333332,-0.3166666666666669,0.46666666666666634,True,0.0,True
100,286,-0.5533333333333337,-0.8000833333333338,-0.3233333333333337,0.4767500000000001,True,0.0,True
100,287,-0.5533333333333323,-0.790083333333334,-0.3200000000000003,0.47008333333333374,True,0.0,True
100,288,-0.5533333333333332,-0.8033333333333323,-0.3165833333333331,0.48674999999999924,True,0.0,True
100,289,-0.5533333333333337,-0.7833333333333328,-0.3033333333333341,0.47999999999999865,True,0.0,True
100,290,-0.5533333333333337,-0.7867499999999998,-0.31991666666666696,0.4668333333333329,True,0.0,True
100,291,-0.5533333333333355,-0.790083333333334,-0.31666666666666643,0.4734166666666676,True,0.0,True
100,292,-0.5533333333333328,-0.7899999999999996,-0.3133333333333339,0.4766666666666657,True,0.0,True
100,293,-0.5533333333333337,-0.7867500000000003,-0.32666666666666666,0.4600833333333336,True,0.0,True
100,294,-0.5533333333333337,-0.796666666666666,-0.3200000000000003,0.4766666666666657,True,0.0,True
100,295,-0.5533333333333328,-0.7899999999999996,-0.31666666666666643,0.47333333333333316,True,0.0,True
100,296,-0.5533333333333323,-0.79,-0.31000000000000094,0.4799999999999991,True,0.0,True
100,297,-0.5533333333333337,-0.796666666666666,-0.3133333333333339,0.48333333333333206,True,0.0,True
100,298,-0.5533333333333337,-0.793333333333333,-0.31324999999999975,0.48008333333333325,True,0.0,True
100,299,-0.5533333333333337,-0.783416666666666,-0.3200000000000003,0.4634166666666657,True,0.0,True
100,300,-0.5533333333333337,-0.7866666666666666,-0.3133333333333339,0.4733333333333327,True,0.0,True
100,301,-0.5533333333333323,-0.7899999999999991,-0.32658333333333334,0.4634166666666658,True,0.0,True
100,302,-0.5533333333333341,-0.7866666666666662,-0.31324999999999975,0.47341666666666643,True,0.0,True
100,303,-0.5533333333333332,-0.7833333333333332,-0.32000000000000073,0.4633333333333325,True,0.0,True
100,304,-0.5533333333333346,-0.7833333333333328,-0.3199166666666665,0.46341666666666625,True,0.0,True
100,305,-0.5533333333333328,-0.7833333333333332,-0.31324999999999975,0.47008333333333346,True,0.0,True
100,306,-0.5533333333333323,-0.7834166666666685,-0.31000000000000005,0.4734166666666685,True,0.0,True
100,307,-0.5533333333333337,-0.793333333333333,-0.32666666666666666,0.46666666666666634,True,0.0,True
100,308,-0.5533333333333337,-0.7866666666666666,-0.3032500000000008,0.48341666666666583,True,0.0,True
100,309,-0.5533333333333337,-0.7966666666666673,-0.3165833333333327,0.4800833333333346,True,0.0,True
100,310,-0.553333333333335,-0.7933333333333321,-0.3132499999999993,0.4800833333333328,True,0.0,True
100,311,-0.5533333333333341,-0.8000833333333334,-0.3132499999999993,0.48683333333333406,True,0.0,True
100,312,-0.5533333333333337,-0.7966666666666664,-0.31333333333333435,0.48333333333333206,True,0.0,True
100,313,-0.5533333333333337,-0.7867500000000003,-0.31650000000000067,0.4702499999999996,True,0.0,True
100,314,-0.5533333333333337,-0.7900833333333332,-0.31324999999999975,0.4768333333333335,True,0.0,True
100,315,-0.5533333333333328,-0.7833333333333332,-0.31999999999999984,0.4633333333333334,True,0.0,True
100,316,-0.5533333333333337,-0.7900833333333337,-0.30991666666666634,0.48016666666666735,True,0.0,True
100,317,-0.5533333333333346,-0.7933333333333339,-0.3166666666666669,0.476666666666667,True,0.0,True
100,318,-0.5533333333333337,-0.7933333333333339,-0.3233333333333337,0.4700000000000002,True,0.0,True
100,319,-0.5533333333333341,-0.7867499999999998,-0.3233333333333337,0.46341666666666614,True,0.0,True
100,320,-0.5533333333333323,-0.7933333333333326,-0.3133333333333339,0.47999999999999865,True,0.0,True
100,321,-0.5533333333333337,-0.7866666666666671,-0.3232500000000008,0.46341666666666625,True,0.0,True
100,322,-0.5533333333333328,-0.793333333333333,-0.3199166666666674,0.4734166666666656,True,0.0,True
100,323,-0.5533333333333337,-0.7966666666666664,-0.3200000000000003,0.47666666666666613,True,0.0,True
100,324,-0.5533333333333346,-0.79,-0.29333333333333345,0.4966666666666666,True,0.0,True
100,325,-0.5533333333333328,-0.7900833333333328,-0.31333333333333346,0.47674999999999934,True,0.0,True
100,326,-0.5533333333333337,-0.7833333333333332,-0.31000000000000005,0.47333333333333316,True,0.0,True
100,327,-0.5533333333333337,-0.7866666666666657,-0.313333333333333,0.4733333333333327,True,0.0,True
100,328,-0.5533333333333337,-0.7833333333333332,-0.31333333333333346,0.46999999999999975,True,0.0,True
100,329,-0.5533333333333341,-0.7799999999999998,-0.32650000000000007,0.45349999999999974,True,0.0,True
100,330,-0.5533333333333328,-0.7933333333333321,-0.3298333333333334,0.4634999999999987,True,0.0,True
100,331,-0.5533333333333341,-0.7933333333333334,-0.30991666666666673,0.4834166666666667,True,0.0,True
100,332,-0.5533333333333337,-0.7800833333333342,-0.30658333333333293,0.4735000000000013,True,0.0,True
100,333,-0.5533333333333328,-0.7999999999999998,-0.3099166666666672,0.49008333333333265,True,0.0,True
100,334,-0.5533333333333328,-0.7866666666666666,-0.3198333333333341,0.46683333333333255,True,0.0,True
100,335,-0.5533333333333337,-0.7999999999999989,-0.3166666666666669,0.48333333333333206,True,0.0,True
100,336,-0.5533333333333328,-0.8033333333333332,-0.3232499999999999,0.4800833333333333,True,0.0,True
100,337,-0.5533333333333346,-0.79,-0.30999999999999917,0.48000000000000087,True,0.0,True
100,338,-0.5533333333333332,-0.7866666666666662,-0.31991666666666696,0.4667499999999992,True,0.0,True
100,339,-0.5533333333333323,-0.7833333333333341,-0.3166666666666668,0.4666666666666673,True,0.0,True
100,340,-0.5533333333333332,-0.793333333333333,-0.31999999999999984,0.47333333333333316,True,0.0,True
100,341,-0.5533333333333332,-0.7834166666666672,-0.3033333333333337,0.48008333333333353,True,0.0,True
100,342,-0.5533333333333332,-0.7934166666666667,-0.3099999999999996,0.48341666666666705,True,0.0,True
100,343,-0.5533333333333328,-0.7899999999999996,-0.3133333333333326,0.476666666666667,True,0.0,True
100,344,-0.5533333333333328,-0.7933333333333339,-0.3166666666666677,0.4766666666666662,True,0.0,True
100,345,-0.5533333333333328,-0.7967500000000004,-0.3266666666666671,0.4700833333333333,True,0.0,True
100,346,-0.5533333333333337,-0.7833333333333328,-0.31333333333333346,0.4699999999999993,True,0.0,True
100,347,-0.5533333333333332,-0.8033333333333328,-0.31333333333333346,0.4899999999999993,True,0.0,True
100,348,-0.5533333333333323,-0.7899999999999996,-0.3033333333333337,0.4866666666666659,True,0.0,True
100,349,-0.5533333333333337,-0.796666666666666,-0.3266666666666658,0.4700000000000002,True,0.0,True
100,350,-0.5533333333333341,-0.790083333333334,-0.31324999999999886,0.47683333333333516,True,0.0,True
100,351,-0.5533333333333337,-0.7866666666666671,-0.3165833333333336,0.47008333333333346,True,0.0,True
100,352,-0.5533333333333328,-0.7999999999999998,-0.3266666666666671,0.4733333333333327,True,0.0,True
100,353,-0.5533333333333323,-0.7799999999999994,-0.3199999999999994,0.45999999999999996,True,0.0,True
100,354,-0.5533333333333337,-0.8066666666666662,-0.3133333333333339,0.4933333333333323,True,0.0,True
100,355,-0.5533333333333332,-0.793333333333333,-0.31000000000000005,0.48333333333333295,True,0.0005,True
100,356,-0.5533333333333346,-0.7733333333333334,-0.30658333333333376,0.46674999999999967,True,0.0,True
100,357,-0.5533333333333346,-0.7834166666666676,-0.3199166666666657,0.46350000000000197,True,0.0,True
100,358,-0.5533333333333341,-0.7866666666666666,-0.3133333333333339,0.4733333333333327,True,0.0,True
100,359,-0.5533333333333332,-0.7966666666666664,-0.31666666666666643,0.48,True,0.0,True
100,360,-0.5533333333333332,-0.7866666666666671,-0.3066666666666662,0.48000000000000087,True,0.0,True
100,361,-0.5533333333333328,-0.7800000000000002,-0.3266666666666675,0.45333333333333276,True,0.0,True
100,362,-0.5533333333333328,-0.7800000000000002,-0.3065833333333329,0.4734166666666674,True,0.0,True
100,363,-0.5533333333333328,-0.7899999999999991,-0.3133333333333339,0.47666666666666524,True,0.0,True
100,364,-0.5533333333333328,-0.7899999999999996,-0.30991666666666634,0.48008333333333325,True,0.0,True
100,365,-0.5533333333333337,-0.7902499999999996,-0.3166666666666673,0.47358333333333225,True,0.0,True
100,366,-0.5533333333333341,-0.7900000000000005,-0.3199166666666661,0.47008333333333435,True,0.0,True
100,367,-0.5533333333333328,-0.8067500000000002,-0.3100000000000005,0.4967499999999997,True,0.0,True
100,368,-0.5533333333333337,-0.7867500000000011,-0.30666666666666753,0.48008333333333353,True,0.0,True
100,369,-0.5533333333333332,-0.796666666666666,-0.32333333333333414,0.47333333333333183,True,0.0,True
100,370,-0.5533333333333346,-0.7866666666666671,-0.3166666666666669,0.4700000000000002,True,0.0,True
100,371,-0.5533333333333337,-0.7933333333333321,-0.3133333333333348,0.4799999999999973,True,0.0,True
100,372,-0.5533333333333332,-0.783416666666666,-0.3233333333333337,0.4600833333333323,True,0.0,True
100,373,-0.5533333333333332,-0.7866666666666671,-0.3333333333333335,0.4533333333333336,True,0.0,True
100,374,-0.5533333333333341,-0.7866666666666657,-0.3233333333333337,0.46333333333333204,True,0.0,True
100,375,-0.5533333333333337,-0.7866666666666666,-0.316666666666666,0.47000000000000064,True,0.0,True
100,376,-0.5533333333333328,-0.7900833333333337,-0.3166666666666669,0.4734166666666668,True,0.0,True
100,377,-0.5533333333333328,-0.7934166666666679,-0.31000000000000005,0.4834166666666678,True,0.0,True
100,378,-0.5533333333333337,-0.8000000000000007,-0.313333333333333,0.4866666666666677,True,0.0005,True
100,379,-0.5533333333333346,-0.7967500000000008,-0.31324999999999975,0.4835000000000011,True,0.0,True
100,380,-0.5533333333333337,-0.7866666666666671,-0.30658333333333293,0.48008333333333414,True,0.0,True
100,381,-0.5533333333333332,-0.8033333333333332,-0.31658333333333355,0.4867499999999997,True,0.0,True
100,382,-0.5533333333333337,-0.8000833333333339,-0.32658333333333334,0.4735000000000006,True,0.0,True
100,383,-0.5533333333333337,-0.7934166666666662,-0.30658333333333376,0.48683333333333245,True,0.0,True
100,384,-0.5533333333333337,-0.7800000000000007,-0.3133333333333339,0.4666666666666668,True,0.0,True
100,385,-0.5533333333333332,-0.7867500000000006,-0.3365833333333331,0.4501666666666675,True,0.0,True
100,386,-0.5533333333333323,-0.7933333333333339,-0.3233333333333328,0.4700000000000011,True,0.0,True
100,387,-0.5533333333333332,-0.7967500000000004,-0.3332500000000002,0.4635000000000002,True,0.0,True
100,388,-0.5533333333333337,-0.7899999999999996,-0.31658333333333355,0.47341666666666604,True,0.0,True
100,389,-0.5533333333333328,-0.7766666666666668,-0.2999999999999998,0.476666666666667,True,0.0,True
100,390,-0.5533333333333319,-0.793416666666667,-0.30325000000000035,0.49016666666666664,True,0.0,True
100,391,-0.5533333333333341,-0.7900000000000005,-0.3200000000000003,0.4700000000000002,True,0.0,True
100,392,-0.5533333333333346,-0.793333333333333,-0.3165833333333327,0.4767500000000003,True,0.0,True
100,393,-0.5533333333333337,-0.7933333333333334,-0.3166666666666669,0.47666666666666657,True,0.0,True
100,394,-0.5533333333333337,-0.7867500000000011,-0.3100000000000005,0.47675000000000056,True,0.0,True
100,395,-0.5533333333333341,-0.7933333333333334,-0.31333333333333435,0.4799999999999991,True,0.0,True
100,396,-0.5533333333333332,-0.7866666666666675,-0.3066666666666662,0.4800000000000013,True,0.0,True
100,397,-0.5533333333333332,-0.796666666666666,-0.3100000000000005,0.48666666666666547,True,0.0,True
100,398,-0.5533333333333337,-0.7967500000000004,-0.3066666666666662,0.4900833333333342,True,0.0,True
100,399,-0.5533333333333332,-0.7834166666666668,-0.3100000000000005,0.47341666666666626,True,0.0,True
100,400,-0.5533333333333337,-0.7933333333333334,-0.31333333333333346,0.48,True,0.0005,True
100,401,-0.5533333333333323,-0.7766666666666668,-0.31000000000000005,0.4666666666666668,True,0.0,True
100,402,-0.5533333333333328,-0.7866666666666675,-0.3065000000000005,0.480166666666667,True,0.0,True
100,403,-0.5533333333333328,-0.7934166666666671,-0.3133333333333339,0.4800833333333332,True,0.0,True
100,404,-0.5533333333333328,-0.7866666666666675,-0.3266666666666658,0.46000000000000174,True,0.0,True
100,405,-0.5533333333333346,-0.7933333333333326,-0.32000000000000073,0.47333333333333183,True,0.0,True
100,406,-0.5533333333333337,-0.7666666666666653,-0.3200000000000003,0.446666666666665,True,0.0,True
100,407,-0.5533333333333337,-0.7933333333333339,-0.3299999999999996,0.46333333333333426,True,0.0,True
100,408,-0.5533333333333337,-0.7799999999999998,-0.32325000000000037,0.45674999999999943,True,0.0,True
100,409,-0.5533333333333323,-0.7866666666666662,-0.31658333333333316,0.470083333333333,True,0.0,True
100,410,-0.5533333333333323,-0.7868333333333325,-0.326666666666668,0.4601666666666645,True,0.0,True
100,411,-0.5533333333333323,-0.7766666666666673,-0.3132499999999997,0.4634166666666676,True,0.0,True
100,412,-0.5533333333333346,-0.7966666666666664,-0.31333333333333346,0.48333333333333295,True,0.0,True
100,413,-0.5533333333333328,-0.8000833333333339,-0.31325000000000014,0.4868333333333338,True,0.0,True
100,414,-0.5533333333333328,-0.7800833333333342,-0.3133333333333334,0.46675000000000083,True,0.0,True
100,415,-0.5533333333333332,-0.796750000000001,-0.3165833333333327,0.48016666666666824,True,0.0,True
100,416,-0.5533333333333337,-0.7866666666666666,-0.313333333333333,0.4733333333333336,True,0.0005,True
100,417,-0.5533333333333341,-0.7900833333333332,-0.3099999999999996,0.48008333333333364,True,0.0,True
100,418,-0.5533333333333346,-0.7866666666666671,-0.313333333333333,0.47333333333333405,True,0.0,True
100,419,-0.5533333333333337,-0.79,-0.31658333333333316,0.4734166666666669,True,0.0,True
100,420,-0.5533333333333328,-0.7800833333333338,-0.313333333333333,0.4667500000000008,True,0.0,True
100,421,-0.5533333333333337,-0.773416666666667,-0.31333333333333474,0.46008333333333223,True,0.0,True
100,422,-0.5533333333333323,-0.7934166666666671,-0.326666666666668,0.4667499999999991,True,0.0,True
100,423,-0.5533333333333332,-0.7833333333333332,-0.30000000000000115,0.48333333333333206,True,0.0,True
100,424,-0.5533333333333337,-0.7899999999999996,-0.313333333333333,0.47666666666666657,True,0.0,True
100,425,-0.5533333333333337,-0.7933333333333343,-0.32000000000000073,0.4733333333333336,True,0.0,True
100,426,-0.5533333333333337,-0.786749999999999,-0.31991666666666696,0.466833333333332,True,0.0,True
100,427,-0.5533333333333323,-0.7933333333333326,-0.30991666666666673,0.48341666666666583,True,0.0,True
100,428,-0.5533333333333332,-0.7834166666666669,-0.3166666666666669,0.46675,True,0.0,True
100,429,-0.5533333333333341,-0.7833333333333328,-0.30666666666666664,0.47666666666666613,True,0.0,True
100,430,-0.5533333333333337,-0.8033333333333328,-0.31000000000000005,0.49333333333333274,True,0.0,True
100,431,-0.5533333333333323,-0.79,-0.3066666666666671,0.48333333333333295,True,0.0,True
100,432,-0.5533333333333337,-0.7900000000000005,-0.3166666666666669,0.4733333333333336,True,0.0,True
100,433,-0.5533333333333323,-0.7967500000000001,-0.3100000000000005,0.48674999999999957,True,0.0,True
100,434,-0.5533333333333332,-0.7867500000000007,-0.3100000000000014,0.47674999999999934,True,0.0,True
100,435,-0.5533333333333332,-0.7767500000000008,-0.3133333333333339,0.4634166666666669,True,0.0,True
100,436,-0.5533333333333332,-0.7799999999999994,-0.31000000000000044,0.4699999999999989,True,0.0,True
100,437,-0.5533333333333323,-0.7767500000000004,-0.31991666666666696,0.4568333333333334,True,0.0,True
100,438,-0.5533333333333319,-0.7833333333333328,-0.3200000000000003,0.4633333333333325,True,0.0,True
100,439,-0.5533333333333337,-0.793333333333333,-0.3166666666666669,0.47666666666666613,True,0.0,True
100,440,-0.5533333333333328,-0.7833333333333328,-0.3133333333333339,0.46999999999999886,True,0.0,True
100,441,-0.5533333333333323,-0.7967500000000005,-0.31999999999999984,0.4767500000000007,True,0.0,True
100,442,-0.5533333333333341,-0.7866666666666671,-0.31325000000000014,0.47341666666666693,True,0.0,True
100,443,-0.5533333333333337,-0.7966666666666669,-0.32666666666666666,0.4700000000000002,True,0.0,True
100,444,-0.5533333333333332,-0.7899999999999991,-0.3233333333333337,0.46666666666666545,True,0.0,True
100,445,-0.5533333333333328,-0.7934166666666679,-0.3132500000000002,0.4801666666666677,True,0.0,True
100,446,-0.5533333333333328,-0.793333333333333,-0.3166666666666669,0.47666666666666613,True,0.0,True
100,447,-0.5533333333333332,-0.7866666666666671,-0.3165833333333327,0.47008333333333435,True,0.0,True
100,448,-0.5533333333333341,-0.7968333333333332,-0.31325000000000014,0.48358333333333303,True,0.0,True
100,449,-0.5533333333333337,-0.7999999999999998,-0.313333333333333,0.4866666666666668,True,0.0,True
100,450,-0.5533333333333337,-0.7866666666666648,-0.3266666666666671,0.45999999999999774,True,0.0,True
100,451,-0.5533333333333332,-0.7999999999999994,-0.3100000000000005,0.4899999999999989,True,0.0,True
100,452,-0.5533333333333346,-0.793416666666667,-0.3132499999999997,0.4801666666666673,True,0.0,True
100,453,-0.5533333333333337,-0.7866666666666662,-0.3233333333333337,0.4633333333333325,True,0.0,True
100,454,-0.5533333333333337,-0.79675,-0.32000000000000073,0.47674999999999923,True,0.0,True
100,455,-0.5533333333333346,-0.783416666666666,-0.3200000000000003,0.4634166666666657,True,0.0,True
100,456,-0.5533333333333328,-0.7766666666666664,-0.31999999999999984,0.45666666666666655,True,0.0,True
100,457,-0.5533333333333337,-0.7966666666666669,-0.3265833333333334,0.47008333333333346,True,0.0,True
100,458,-0.5533333333333332,-0.7767500000000004,-0.3200000000000003,0.4567500000000001,True,0.0,True
100,459,-0.5533333333333332,-0.7833333333333341,-0.31991666666666657,0.46341666666666753,True,0.0,True
100,460,-0.5533333333333328,-0.8000833333333344,-0.3233333333333337,0.4767500000000007,True,0.0005,True
100,461,-0.5533333333333323,-0.7800833333333335,-0.3132499999999997,0.46683333333333377,True,0.0,True
100,462,-0.5533333333333323,-0.796666666666666,-0.30999999999999917,0.4866666666666668,True,0.0,True
100,463,-0.5533333333333328,-0.7866666666666662,-0.32000000000000023,0.46666666666666595,True,0.0,True
100,464,-0.5533333333333337,-0.7866666666666666,-0.31658333333333444,0.4700833333333322,True,0.0,True
100,465,-0.5533333333333337,-0.7833333333333328,-0.32666666666666666,0.4566666666666661,True,0.0,True
100,466,-0.5533333333333319,-0.7900000000000005,-0.3100000000000005,0.48,True,0.0005,True
100,467,-0.5533333333333337,-0.8034166666666672,-0.31000000000000005,0.49341666666666717,True,0.0,True
100,468,-0.5533333333333341,-0.7999999999999998,-0.3133333333333339,0.4866666666666659,True,0.0,True
100,469,-0.5533333333333323,-0.7833333333333323,-0.3231666666666675,0.46016666666666484,True,0.0,True
100,470,-0.5533333333333332,-0.7999999999999998,-0.31666666666666815,0.48333333333333167,True,0.0,True
100,471,-0.5533333333333332,-0.7799999999999998,-0.3032499999999999,0.4767499999999999,True,0.0,True
100,472,-0.5533333333333337,-0.8034166666666663,-0.31333333333333435,0.490083333333332,True,0.0,True
100,473,-0.5533333333333337,-0.7866666666666671,-0.313333333333333,0.47333333333333405,True,0.0,True
100,474,-0.5533333333333337,-0.7800833333333342,-0.31333333333333346,0.4667500000000008,True,0.0,True
100,475,-0.5533333333333337,-0.7833333333333328,-0.31991666666666657,0.4634166666666662,True,0.0,True
100,476,-0.5533333333333337,-0.7900000000000005,-0.3299166666666668,0.4600833333333337,True,0.0,True
100,477,-0.5533333333333337,-0.7866666666666671,-0.31333333333333346,0.4733333333333336,True,0.0,True
100,478,-0.5533333333333323,-0.7866666666666675,-0.3066666666666671,0.4800000000000004,True,0.0,True
100,479,-0.5533333333333332,-0.8000833333333338,-0.3232500000000004,0.4768333333333334,True,0.0005,True
100,480,-0.5533333333333328,-0.793333333333333,-0.3166666666666677,0.4766666666666653,True,0.0,True
100,481,-0.5533333333333346,-0.8033333333333332,-0.3166666666666669,0.48666666666666636,True,0.0,True
100,482,-0.5533333333333337,-0.7866666666666662,-0.3300000000000005,0.45666666666666567,True,0.0,True
100,483,-0.5533333333333337,-0.7966666666666664,-0.3200000000000003,0.47666666666666613,True,0.0,True
100,484,-0.5533333333333332,-0.793416666666667,-0.3133333333333339,0.4800833333333331,True,0.0,True
100,485,-0.5533333333333332,-0.7866666666666666,-0.31999999999999984,0.4666666666666668,True,0.0,True
100,486,-0.5533333333333328,-0.7833333333333328,-0.32333333333333325,0.4599999999999995,True,0.0,True
100,487,-0.5533333333333346,-0.7934166666666658,-0.30658333333333376,0.486833333333332,True,0.0,True
100,488,-0.5533333333333328,-0.793333333333333,-0.3200000000000003,0.4733333333333327,True,0.0,True
100,489,-0.5533333333333323,-0.8000833333333339,-0.3265833333333334,0.47350000000000053,True,0.0,True
100,490,-0.5533333333333346,-0.7833333333333337,-0.31658333333333316,0.4667500000000005,True,0.0,True
100,491,-0.5533333333333332,-0.7833333333333323,-0.31000000000000094,0.4733333333333314,True,0.0,True
100,492,-0.5533333333333332,-0.79,-0.30666666666666753,0.4833333333333325,True,0.0,True
100,493,-0.5533333333333332,-0.7799999999999998,-0.32324999999999954,0.45675000000000027,True,0.0,True
100,494,-0.5533333333333341,-0.793416666666667,-0.32000000000000073,0.47341666666666626,True,0.0,True
100,495,-0.5533333333333337,-0.7900000000000009,-0.3266666666666671,0.4633333333333338,True,0.0,True
100,496,-0.5533333333333346,-0.8033333333333332,-0.32658333333333206,0.4767500000000012,True,0.0,True
100,497,-0.5533333333333341,-0.7866666666666662,-0.3233333333333337,0.4633333333333325,True,0.0,True
100,498,-0.5533333333333337,-0.7866666666666671,-0.32325000000000037,0.4634166666666667,True,0.0,True
100,499,-0.5533333333333337,-0.8067499999999999,-0.3166666666666673,0.49008333333333254,True,0.0,True
