sample_size,trial,point_estimate,ci_lower,ci_upper,ci_width,contains_full_sample_estimate,p_value,significant_at_05
25,0,-0.4666666666666677,-0.7999999999999998,-0.14666666666666694,0.6533333333333329,True,0.0115,True
25,1,-0.8533333333333344,-1.1199999999999992,-0.586666666666666,0.5333333333333332,False,0.0,True
25,2,-0.34666666666666623,-0.6666666666666661,-0.03999999999999959,0.6266666666666665,True,0.0395,True
25,3,-0.41333333333333355,-0.7333333333333338,-0.08000000000000096,0.6533333333333329,True,0.023,True
25,4,-0.16000000000000014,-0.5333333333333332,0.21333333333333337,0.7466666666666666,True,0.4145,False
25,5,-0.6000000000000001,-0.9600000000000004,-0.21333333333333382,0.7466666666666666,True,0.0075,True
25,6,-0.2666666666666666,-0.6000000000000001,0.08000000000000008,0.6800000000000002,True,0.125,False
25,7,-0.56,-0.9466666666666663,-0.14666666666666694,0.7999999999999994,True,0.0225,True
25,8,-0.666666666666667,-1.0133333333333336,-0.30666666666666753,0.7066666666666661,True,0.0025,True
25,9,-0.3733333333333335,-0.6266666666666669,-0.1463333333333346,0.48033333333333234,True,0.009,True
25,10,-0.5466666666666677,-0.8000000000000003,-0.31999999999999984,0.4800000000000004,True,0.0,True
25,11,-0.40000000000000036,-0.7600000000000002,-0.026333333333334027,0.7336666666666662,True,0.061,False
25,12,-0.43999999999999906,-0.8266666666666667,-0.06666666666666643,0.7600000000000002,True,0.0315,True
25,13,-0.10666666666666558,-0.4266666666666672,0.25333333333333297,0.6800000000000002,True,0.5645,False
25,14,-0.7866666666666671,-1.1466666666666674,-0.42666666666666764,0.7199999999999998,False,0.0,True
25,15,-0.23999999999999977,-0.5866666666666669,0.10666666666666692,0.6933333333333338,True,0.203,False
25,16,-0.5333333333333337,-0.9199999999999999,-0.17333333333333334,0.7466666666666666,True,0.013,True
25,17,-0.03999999999999915,-0.3733333333333344,0.3333333333333335,0.7066666666666679,False,0.8175,False
25,18,-0.293333333333333,-0.666666666666667,0.06699999999999878,0.7336666666666658,True,0.146,False
25,19,-0.6266666666666669,-0.96,-0.30666666666666753,0.6533333333333324,True,0.0015,True
25,20,-0.3466666666666667,-0.7333333333333334,0.02666666666666685,0.7600000000000002,True,0.116,False
25,21,-0.5066666666666673,-0.7200000000000006,-0.28000000000000025,0.4400000000000004,True,0.0,True
25,22,-0.3333333333333335,-0.6400000000000001,-0.03966666666666766,0.6003333333333325,True,0.0605,False
25,23,-0.5866666666666669,-0.8933333333333335,-0.28000000000000025,0.6133333333333333,True,0.0015,True
25,24,-0.2400000000000002,-0.41333333333333355,-0.08000000000000007,0.3333333333333335,False,0.0065,True
25,25,-0.4933333333333345,-0.8399999999999999,-0.16000000000000014,0.6799999999999997,True,0.0125,True
25,26,-0.44000000000000083,-0.8000000000000003,-0.05333333333333368,0.7466666666666666,True,0.029,True
25,27,-0.3999999999999999,-0.7733333333333325,-0.026666666666666394,0.7466666666666661,True,0.067,False
25,28,-0.4666666666666659,-0.8266666666666667,-0.11966666666666688,0.7069999999999997,True,0.03,True
25,29,-0.22666666666666746,-0.5200000000000005,0.06666666666666732,0.5866666666666678,True,0.1595,False
25,30,-0.4400000000000004,-0.8000000000000003,-0.12000000000000009,0.6800000000000002,True,0.0225,True
25,31,-0.13333333333333375,-0.4400000000000004,0.21333333333333293,0.6533333333333333,True,0.399,False
25,32,-0.41333333333333355,-0.8133333333333326,-0.013333333333333641,0.7999999999999989,True,0.0505,False
25,33,-0.40000000000000036,-0.706666666666667,-0.11999999999999922,0.5866666666666678,True,0.019,True
25,34,-0.14666666666666694,-0.46666666666666634,0.1333333333333333,0.5999999999999996,True,0.3995,False
25,35,-0.3866666666666667,-0.6933333333333334,-0.013333333333332753,0.6800000000000006,True,0.0455,True
25,36,-0.4933333333333332,-0.8666666666666663,-0.1200000000000001,0.7466666666666661,True,0.017,True
25,37,-0.29333333333333345,-0.6133333333333337,0.026666666666666394,0.6400000000000001,True,0.085,False
25,38,-0.3600000000000003,-0.7203333333333338,-0.013333333333332753,0.7070000000000011,True,0.0695,False
25,39,-0.4800000000000004,-0.813333333333333,-0.1599999999999997,0.6533333333333333,True,0.012,True
25,40,-0.6133333333333337,-0.96,-0.293333333333333,0.666666666666667,True,0.002,True
25,41,-0.40000000000000036,-0.6533333333333329,-0.14666666666666694,0.5066666666666659,True,0.0065,True
25,42,-0.43999999999999995,-0.7869999999999998,-0.10666666666666647,0.6803333333333333,True,0.019,True
25,43,-0.49333333333333407,-0.8533333333333339,-0.1333333333333333,0.7200000000000006,True,0.0145,True
25,44,-0.6133333333333328,-0.947,-0.2796666666666679,0.667333333333332,True,0.0045,True
25,45,-0.6266666666666669,-1.0,-0.2799999999999998,0.7200000000000002,True,0.0015,True
25,46,-0.3466666666666671,-0.7066666666666674,0.05333333333333368,0.7600000000000011,True,0.108,False
25,47,-0.41333333333333355,-0.6799999999999993,-0.16000000000000014,0.5199999999999991,True,0.007,True
25,48,-0.666666666666667,-1.0266666666666668,-0.2933333333333339,0.733333333333333,True,0.002,True
25,49,-0.20000000000000062,-0.5466666666666669,0.14666666666666694,0.6933333333333338,True,0.2635,False
25,50,-0.21333333333333337,-0.5999999999999996,0.17333333333333378,0.7733333333333334,True,0.324,False
25,51,-0.5333333333333337,-0.919999999999999,-0.1733333333333329,0.7466666666666661,True,0.0135,True
25,52,-0.3999999999999999,-0.680000000000001,-0.10666666666666647,0.5733333333333346,True,0.015,True
25,53,-0.08000000000000052,-0.4266666666666663,0.23999999999999977,0.6666666666666661,True,0.6565,False
25,54,-0.3466666666666658,-0.6403333333333338,-0.01333333333333363,0.6270000000000001,True,0.0415,True
25,55,-0.4266666666666672,-0.7333333333333334,-0.1466666666666665,0.5866666666666669,True,0.0085,True
25,56,-0.3733333333333335,-0.7333333333333334,-0.013333333333333197,0.7200000000000002,True,0.061,False
25,57,-0.34666666666666757,-0.6933333333333334,0.06666666666666554,0.7599999999999989,True,0.088,False
25,58,-0.31999999999999984,-0.5600000000000005,-0.08000000000000007,0.4800000000000004,True,0.0215,True
25,59,-0.21333333333333382,-0.5066666666666673,0.1466666666666665,0.6533333333333338,True,0.201,False
25,60,-0.29333333333333345,-0.6133333333333333,0.03999999999999916,0.6533333333333324,True,0.11,False
25,61,-0.666666666666667,-1.0000000000000004,-0.3066666666666671,0.6933333333333334,True,0.001,True
25,62,-0.5333333333333328,-0.8000000000000003,-0.2796666666666679,0.5203333333333324,True,0.0,True
25,63,-0.25333333333333385,-0.5466666666666673,0.06666666666666557,0.6133333333333328,True,0.1265,False
25,64,-0.33333333333333304,-0.5333333333333341,-0.12000000000000054,0.41333333333333355,True,0.0105,True
25,65,-0.40000000000000036,-0.6933333333333338,-0.1200000000000001,0.5733333333333337,True,0.01,True
25,66,-0.6799999999999988,-0.9733333333333336,-0.37333333333333263,0.600000000000001,True,0.0005,True
25,67,-0.29333333333333256,-0.6666666666666665,0.05333333333333368,0.7200000000000002,True,0.1235,False
25,68,-0.2799999999999998,-0.6666666666666665,0.13333333333333375,0.8000000000000003,True,0.177,False
25,69,-0.31999999999999984,-0.6799999999999997,0.06666666666666687,0.7466666666666666,True,0.106,False
25,70,-0.2933333333333339,-0.7066666666666674,0.13333333333333286,0.8400000000000003,True,0.175,False
25,71,-0.4666666666666677,-0.7733333333333339,-0.16000000000000014,0.6133333333333337,True,0.007,True
25,72,-0.3733333333333335,-0.6933333333333334,-0.040000000000000036,0.6533333333333333,True,0.047,True
25,73,-0.3466666666666667,-0.6266666666666665,-0.05333333333333455,0.5733333333333319,True,0.027,True
25,74,-0.4266666666666672,-0.6270000000000006,-0.20000000000000107,0.4269999999999995,True,0.0025,True
25,75,-0.17333333333333423,-0.5066666666666673,0.16000000000000014,0.6666666666666674,True,0.364,False
25,76,-0.5466666666666677,-0.8799999999999999,-0.25333333333333385,0.626666666666666,True,0.003,True
25,77,-0.4266666666666663,-0.7866666666666666,-0.10666666666666647,0.6800000000000002,True,0.0235,True
25,78,-0.4399999999999995,-0.8266666666666662,-0.026666666666667282,0.7999999999999989,True,0.044,True
25,79,-0.600000000000001,-0.9066666666666663,-0.28000000000000114,0.6266666666666652,True,0.001,True
25,80,-0.20000000000000062,-0.5333333333333332,0.16000000000000014,0.6933333333333334,True,0.283,False
25,81,-0.40000000000000036,-0.8799999999999999,0.1333333333333333,1.0133333333333332,True,0.135,False
25,82,-0.33333333333333304,-0.6666666666666661,-0.013333333333333641,0.6533333333333324,True,0.055,False
25,83,-0.746666666666667,-1.1066666666666674,-0.3596666666666675,0.7469999999999999,True,0.0,True
25,84,-0.7333333333333334,-1.0266666666666664,-0.46666666666666723,0.5599999999999992,False,0.0005,True
25,85,-0.43999999999999995,-0.8266666666666671,-0.0400000000000009,0.7866666666666662,True,0.04,True
25,86,-0.33333333333333304,-0.7199999999999998,0.040000000000000036,0.7599999999999998,True,0.1315,False
25,87,-0.4800000000000004,-0.8399999999999994,-0.1200000000000001,0.7199999999999993,True,0.0175,True
25,88,-0.6933333333333334,-1.0400000000000005,-0.3599999999999999,0.6800000000000006,True,0.0005,True
25,89,-0.3866666666666667,-0.773333333333333,-0.013333333333332753,0.7600000000000002,True,0.062,False
25,90,-0.4800000000000013,-0.6933333333333334,-0.28000000000000025,0.4133333333333331,True,0.0,True
25,91,-0.38666666666666627,-0.7599999999999998,-0.03966666666666767,0.7203333333333322,True,0.0615,False
25,92,-0.42666666666666586,-0.7999999999999998,-0.013333333333333641,0.7866666666666662,True,0.062,False
25,93,-0.5866666666666673,-0.9599999999999991,-0.25333333333333385,0.7066666666666652,True,0.005,True
25,94,-0.23999999999999977,-0.6003333333333328,0.10666666666666602,0.7069999999999989,True,0.2325,False
25,95,-0.3733333333333331,-0.6800000000000002,-0.09333333333333194,0.5866666666666682,True,0.029,True
25,96,-0.4533333333333336,-0.8800000000000003,-0.05300000000000131,0.8269999999999991,True,0.04,True
25,97,-0.5066666666666668,-0.8270000000000007,-0.16000000000000011,0.6670000000000006,True,0.0055,True
25,98,-0.5466666666666664,-0.96,-0.0933333333333337,0.8666666666666663,True,0.022,True
25,99,-0.49333333333333407,-0.773333333333333,-0.23999999999999977,0.5333333333333332,True,0.001,True
25,100,-0.6799999999999997,-1.0933333333333333,-0.2533333333333334,0.8399999999999999,True,0.005,True
25,101,-0.6800000000000002,-1.0133333333333328,-0.38666666666666627,0.6266666666666665,True,0.0,True
25,102,-0.41333333333333355,-0.7600000000000002,-0.02666666666666684,0.7333333333333334,True,0.06,False
25,103,-0.3866666666666667,-0.7333333333333321,-0.040000000000000036,0.693333333333332,True,0.0355,True
25,104,-0.293333333333333,-0.5603333333333341,-0.026666666666667716,0.5336666666666664,True,0.0375,True
25,105,-0.42666666666666675,-0.8003333333333335,-0.05333333333333368,0.7469999999999998,True,0.0465,True
25,106,-0.5066666666666668,-0.7866666666666675,-0.20000000000000018,0.5866666666666673,True,0.005,True
25,107,-0.706666666666667,-1.040333333333333,-0.3600000000000003,0.6803333333333328,True,0.001,True
25,108,-0.5733333333333333,-0.9066666666666663,-0.26666666666666705,0.6399999999999992,True,0.002,True
25,109,-0.3466666666666667,-0.6133333333333342,-0.08000000000000007,0.5333333333333341,True,0.028,True
25,110,-0.4933333333333332,-0.853333333333333,-0.14666666666666647,0.7066666666666666,True,0.0125,True
25,111,-0.3599999999999999,-0.7599999999999993,0.040000000000000036,0.7999999999999994,True,0.1125,False
25,112,-0.28000000000000025,-0.5733333333333337,0.0,0.5733333333333337,True,0.068,False
25,113,-0.41333333333333266,-0.8000000000000003,-0.013000000000001698,0.7869999999999986,True,0.063,False
25,114,-0.2400000000000002,-0.6133333333333333,0.1333333333333333,0.7466666666666666,True,0.2035,False
25,115,-0.4933333333333336,-0.8400000000000003,-0.1599999999999997,0.6800000000000006,True,0.016,True
25,116,-0.1599999999999997,-0.4933333333333332,0.1736666666666657,0.6669999999999989,True,0.3955,False
25,117,-0.46666666666666723,-0.733666666666667,-0.22633333333333422,0.5073333333333327,True,0.0005,True
25,118,-0.46666666666666723,-0.7603333333333339,-0.18666666666666654,0.5736666666666673,True,0.007,True
25,119,-0.22666666666666568,-0.5866666666666664,0.14666666666666694,0.7333333333333334,True,0.272,False
25,120,-0.56,-0.8133333333333335,-0.3333333333333335,0.48,True,0.0,True
25,121,-0.5866666666666664,-0.9066666666666658,-0.29300000000000065,0.6136666666666653,True,0.002,True
25,122,-0.28000000000000025,-0.52,-0.05333333333333322,0.4666666666666668,True,0.0355,True
25,123,-0.26666666666666705,-0.5466666666666664,-0.013333333333333641,0.5333333333333328,True,0.0565,False
25,124,-0.27999999999999936,-0.5333333333333332,-0.026666666666666394,0.5066666666666668,True,0.063,False
25,125,-0.2799999999999998,-0.56,0.0,0.56,True,0.0795,False
25,126,-0.6666666666666674,-1.0666666666666669,-0.2796666666666679,0.786999999999999,True,0.0035,True
25,127,-0.2400000000000002,-0.5336666666666668,0.05333333333333323,0.5870000000000001,True,0.1325,False
25,128,-0.09333333333333282,-0.47999999999999954,0.2933333333333339,0.7733333333333334,True,0.619,False
25,129,-0.45333333333333403,-0.8533333333333326,-0.05333333333333368,0.7999999999999989,True,0.048,True
25,130,-0.28000000000000025,-0.5866666666666664,0.0,0.5866666666666664,True,0.087,False
25,131,-0.5333333333333341,-0.8936666666666663,-0.21333333333333382,0.6803333333333325,True,0.001,True
25,132,-0.3866666666666667,-0.6933333333333338,-0.09333333333333371,0.6000000000000001,True,0.0235,True
25,133,-0.38666666666666627,-0.7199999999999998,-0.026666666666667716,0.693333333333332,True,0.046,True
25,134,-0.20000000000000018,-0.4933333333333332,0.09333333333333371,0.5866666666666669,True,0.1875,False
25,135,-0.1599999999999997,-0.5733333333333328,0.2400000000000002,0.813333333333333,True,0.45,False
25,136,-0.33333333333333304,-0.6533333333333338,-0.013333333333333187,0.6400000000000006,True,0.068,False
25,137,-0.25333333333333297,-0.5999999999999996,0.0799999999999992,0.6799999999999988,True,0.1965,False
25,138,-0.18666666666666654,-0.45333333333333403,0.10666666666666647,0.5600000000000005,True,0.1915,False
25,139,-0.22666666666666657,-0.6133333333333333,0.17333333333333334,0.7866666666666666,True,0.2985,False
25,140,-0.5999999999999996,-0.9866666666666664,-0.26666666666666616,0.7200000000000002,True,0.0035,True
25,141,-0.4399999999999995,-0.813333333333333,-0.07999999999999918,0.7333333333333338,True,0.027,True
25,142,-0.3333333333333335,-0.6533333333333338,0.0,0.6533333333333338,True,0.061,False
25,143,-0.5733333333333333,-0.8666666666666667,-0.3066666666666662,0.5600000000000005,True,0.0,True
25,144,-0.6933333333333347,-1.0136666666666667,-0.38666666666666716,0.6269999999999996,True,0.0,True
25,145,-0.5733333333333341,-0.9066666666666663,-0.21333333333333337,0.6933333333333329,True,0.0065,True
25,146,-0.38666666666666627,-0.7999999999999998,0.013333333333333641,0.8133333333333335,True,0.091,False
25,147,-0.5600000000000005,-0.8933333333333331,-0.2400000000000002,0.6533333333333329,True,0.0045,True
25,148,-0.3866666666666667,-0.7203333333333334,-0.09333333333333371,0.6269999999999997,True,0.031,True
25,149,-0.5333333333333328,-0.853333333333333,-0.22666666666666657,0.6266666666666665,True,0.007,True
25,150,-0.6799999999999997,-0.9733333333333332,-0.413333333333334,0.5599999999999992,True,0.0,True
25,151,-0.40000000000000036,-0.7736666666666666,-0.05333333333333368,0.7203333333333329,True,0.0385,True
25,152,-0.46666666666666723,-0.7866666666666666,-0.17333333333333378,0.6133333333333328,True,0.0035,True
25,153,-0.413333333333334,-0.6933333333333334,-0.12000000000000097,0.5733333333333324,True,0.016,True
25,154,-0.32000000000000073,-0.6933333333333334,0.05366666666666472,0.7469999999999981,True,0.102,False
25,155,-0.10666666666666647,-0.3866666666666667,0.21333333333333337,0.6000000000000001,False,0.5115,False
25,156,-0.48,-0.8133333333333335,-0.1466666666666674,0.6666666666666661,True,0.0085,True
25,157,-0.5066666666666664,-0.9200000000000004,-0.11999999999999965,0.8000000000000007,True,0.034,True
25,158,-0.38666666666666716,-0.7466666666666666,-0.026666666666666394,0.7200000000000002,True,0.0625,False
25,159,-0.3866666666666667,-0.666666666666667,-0.08000000000000007,0.5866666666666669,True,0.0205,True
25,160,-0.46666666666666634,-0.879999999999999,-0.04000000000000002,0.839999999999999,True,0.0545,False
25,161,-0.2400000000000002,-0.6266666666666669,0.16000000000000014,0.7866666666666671,True,0.252,False
25,162,-0.2799999999999998,-0.5999999999999992,0.040000000000000924,0.6400000000000001,True,0.13,False
25,163,-0.7333333333333338,-1.0933333333333333,-0.38633333333333436,0.706999999999999,True,0.0005,True
25,164,-0.22666666666666613,-0.5600000000000009,0.13366666666666566,0.6936666666666667,True,0.226,False
25,165,-0.13333333333333286,-0.5200000000000005,0.26666666666666705,0.7866666666666675,True,0.537,False
25,166,-0.5733333333333333,-0.8933333333333326,-0.21333333333333293,0.6799999999999997,True,0.0045,True
25,167,-0.4133333333333331,-0.8136666666666666,-0.02666666666666684,0.7869999999999998,True,0.068,False
25,168,-0.22666666666666613,-0.5203333333333336,0.06666666666666643,0.5870000000000001,True,0.176,False
25,169,-0.4800000000000004,-0.8533333333333335,-0.13333333333333375,0.7199999999999998,True,0.015,True
25,170,-0.5866666666666669,-0.9599999999999995,-0.23999999999999977,0.7199999999999998,True,0.005,True
25,171,-0.11999999999999966,-0.45333333333333403,0.23999999999999932,0.6933333333333334,True,0.495,False
25,172,-0.4400000000000004,-0.706666666666667,-0.213000000000001,0.49366666666666603,True,0.0015,True
25,173,-0.5600000000000005,-0.9999999999999996,-0.11999999999999966,0.8799999999999999,True,0.018,True
25,174,-0.30666666666666753,-0.7066666666666666,0.10699999999999928,0.8136666666666659,True,0.1685,False
25,175,-0.3733333333333335,-0.6399999999999997,-0.09333333333333371,0.546666666666666,True,0.0135,True
25,176,-0.16000000000000103,-0.3466666666666671,0.02666666666666684,0.37333333333333396,False,0.1075,False
25,177,-0.40000000000000036,-0.8266666666666658,0.026666666666667282,0.853333333333333,True,0.0875,False
25,178,-0.20000000000000018,-0.5066666666666668,0.09333333333333282,0.5999999999999996,True,0.1735,False
25,179,-0.4800000000000004,-0.8266666666666667,-0.18666666666666654,0.6400000000000001,True,0.013,True
25,180,-0.10666666666666735,-0.40033333333333354,0.1603333333333325,0.560666666666666,False,0.533,False
25,181,-0.5199999999999996,-0.8533333333333326,-0.18666666666666742,0.6666666666666652,True,0.0065,True
25,182,-0.3333333333333335,-0.653666666666667,-0.013333333333333187,0.6403333333333338,True,0.0585,False
25,183,-0.3466666666666667,-0.5999999999999996,-0.06666666666666643,0.5333333333333332,True,0.0185,True
25,184,-0.5466666666666673,-0.8666666666666654,-0.2533333333333334,0.613333333333332,True,0.0025,True
25,185,-0.5066666666666668,-0.8266666666666662,-0.17333333333333378,0.6533333333333324,True,0.004,True
25,186,-0.44000000000000083,-0.8799999999999994,-1.3211653993039969e-15,0.8799999999999981,True,0.0535,False
25,187,-0.3866666666666667,-0.7866666666666671,0.013333333333331887,0.7999999999999989,True,0.0895,False
25,188,-0.36000000000000076,-0.6133333333333337,-0.09333333333333414,0.5199999999999996,True,0.0125,True
25,189,-0.5066666666666659,-0.7600000000000011,-0.22666666666666657,0.5333333333333345,True,0.002,True
25,190,-0.5200000000000005,-0.8400000000000012,-0.18666666666666654,0.6533333333333347,True,0.011,True
25,191,-0.5466666666666664,-0.8533333333333326,-0.25333333333333297,0.5999999999999996,True,0.003,True
25,192,-0.45333333333333314,-0.8266666666666671,-0.06666666666666687,0.7600000000000002,True,0.0285,True
25,193,-0.6133333333333337,-0.8536666666666667,-0.3466666666666671,0.5069999999999996,True,0.0,True
25,194,-0.2933333333333339,-0.6799999999999997,0.08000000000000007,0.7599999999999998,True,0.148,False
25,195,-0.5333333333333337,-0.813333333333333,-0.2666666666666666,0.5466666666666664,True,0.0,True
25,196,-0.31999999999999895,-0.6399999999999997,-0.013333333333333197,0.6266666666666665,True,0.07,False
25,197,-0.48000000000000087,-0.7599999999999998,-0.20000000000000018,0.5599999999999996,True,0.002,True
25,198,-0.46666666666666723,-0.8800000000000003,-0.05333333333333368,0.8266666666666667,True,0.0415,True
25,199,-0.2533333333333334,-0.5466666666666673,0.026666666666667282,0.5733333333333346,True,0.0865,False
25,200,-0.6400000000000006,-0.9066666666666663,-0.3866666666666667,0.5199999999999996,True,0.0,True
25,201,-0.07999999999999963,-0.45333333333333226,0.2933333333333339,0.7466666666666661,True,0.7055,False
25,202,-0.5733333333333337,-0.9199999999999995,-0.2799999999999998,0.6399999999999997,True,0.0025,True
25,203,-0.3733333333333331,-0.640000000000001,-0.12000000000000008,0.5200000000000009,True,0.013,True
25,204,-0.6533333333333333,-0.9866666666666668,-0.30666666666666664,0.6800000000000002,True,0.0015,True
25,205,-0.43999999999999995,-0.7866666666666671,-0.08000000000000007,0.706666666666667,True,0.0185,True
25,206,-0.41333333333333355,-0.7866666666666662,-8.659739592077433e-16,0.7866666666666653,True,0.0565,False
25,207,-0.3333333333333335,-0.666666666666667,-0.026666666666666394,0.6400000000000006,True,0.0415,True
25,208,-0.4933333333333332,-0.8670000000000003,-0.13333333333333286,0.7336666666666675,True,0.022,True
25,209,-0.52,-0.813333333333333,-0.25333333333333385,0.5599999999999992,True,0.002,True
25,210,-0.3466666666666671,-0.6799999999999997,0.013333333333333208,0.6933333333333329,True,0.068,False
25,211,-0.2800000000000016,-0.5866666666666669,0.026666666666666394,0.6133333333333333,True,0.08,False
25,212,-0.4000000000000008,-0.8000000000000007,0.013333333333332763,0.8133333333333335,True,0.065,False
25,213,-0.5466666666666664,-0.8666666666666671,-0.22666666666666657,0.6400000000000006,True,0.0025,True
25,214,-0.5733333333333341,-0.840333333333333,-0.30666666666666664,0.5336666666666664,True,0.0,True
25,215,-0.7999999999999998,-1.1203333333333336,-0.5066666666666673,0.6136666666666664,False,0.0,True
25,216,-0.6400000000000001,-0.9200000000000004,-0.38666666666666627,0.5333333333333341,True,0.0,True
25,217,-0.22666666666666702,-0.586666666666666,0.10666666666666647,0.6933333333333325,True,0.206,False
25,218,-0.43999999999999995,-0.8133333333333326,-0.04000000000000091,0.7733333333333317,True,0.0335,True
25,219,-0.6533333333333324,-0.9466666666666663,-0.3733333333333331,0.5733333333333333,True,0.0005,True
25,220,-0.30666666666666664,-0.7066666666666661,0.10666666666666647,0.8133333333333326,True,0.1485,False
25,221,-0.3333333333333339,-0.6266666666666669,2.2204460492381962e-17,0.6266666666666669,True,0.0655,False
25,222,-0.7200000000000002,-1.04,-0.4130000000000012,0.6269999999999989,True,0.0,True
25,223,-0.45333333333333403,-0.7999999999999998,-0.1333333333333346,0.6666666666666652,True,0.0075,True
25,224,-0.6533333333333338,-0.9736666666666663,-0.3200000000000003,0.6536666666666661,True,0.0015,True
25,225,-0.546666666666666,-0.7999999999999998,-0.31999999999999984,0.48,True,0.0,True
25,226,-0.3599999999999999,-0.6666666666666674,-0.10666666666666558,0.5600000000000018,True,0.022,True
25,227,-0.4533333333333336,-0.7333333333333325,-0.18666666666666654,0.546666666666666,True,0.004,True
25,228,-0.41333333333333355,-0.7466666666666666,-0.06666666666666732,0.6799999999999993,True,0.021,True
25,229,-0.41333333333333355,-0.8399999999999994,4.440892098500626e-16,0.8399999999999999,True,0.0595,False
25,230,-0.10666666666666602,-0.44000000000000083,0.2400000000000002,0.680000000000001,True,0.5305,False
25,231,-0.30666666666666753,-0.5466666666666669,-0.09333333333333282,0.45333333333333403,True,0.0065,True
25,232,-0.43999999999999995,-0.7200000000000006,-0.18633333333333418,0.5336666666666665,True,0.007,True
25,233,-0.4666666666666677,-0.7600000000000002,-0.20000000000000062,0.5599999999999996,True,0.0035,True
25,234,-0.41333333333333355,-0.7999999999999998,-0.02666666666666684,0.773333333333333,True,0.0515,False
25,235,-0.3600000000000003,-0.7333333333333334,0.040000000000000036,0.7733333333333334,True,0.07,False
25,236,-0.7333333333333334,-1.0,-0.45333333333333403,0.546666666666666,False,0.0,True
25,237,-0.45333333333333403,-0.746666666666667,-0.1599999999999997,0.5866666666666673,True,0.003,True
25,238,-0.49333333333333274,-0.9333333333333336,-0.06633333333333495,0.8669999999999987,True,0.039,True
25,239,-0.4266666666666672,-0.746666666666667,-0.1200000000000001,0.6266666666666669,True,0.011,True
25,240,-0.4133333333333331,-0.7999999999999998,-0.040000000000000036,0.7599999999999998,True,0.051,False
25,241,-0.4533333333333336,-0.8266666666666671,-0.10633333333333456,0.7203333333333326,True,0.019,True
25,242,-0.3733333333333331,-0.7066666666666657,-0.0666666666666673,0.6399999999999983,True,0.042,True
25,243,-0.39999999999999947,-0.7603333333333339,-0.026666666666666384,0.7336666666666675,True,0.0555,False
25,244,-0.25333333333333385,-0.52,0.026666666666666415,0.5466666666666664,True,0.088,False
25,245,-0.1466666666666665,-0.47999999999999954,0.18666666666666698,0.6666666666666665,True,0.413,False
25,246,-0.10666666666666735,-0.4533333333333336,0.23999999999999932,0.6933333333333329,True,0.5415,False
25,247,-0.45333333333333403,-0.8933333333333335,0.013333333333332763,0.9066666666666663,True,0.063,False
25,248,-0.37333333333333263,-0.7866666666666671,0.05333333333333369,0.8400000000000007,True,0.1275,False
25,249,-0.5066666666666677,-0.8533333333333335,-0.20000000000000018,0.6533333333333333,True,0.0085,True
25,250,-0.6133333333333333,-0.9466666666666668,-0.2666666666666666,0.6800000000000002,True,0.0025,True
25,251,-0.7733333333333334,-1.1199999999999992,-0.4666666666666668,0.6533333333333324,False,0.0,True
25,252,-0.2666666666666666,-0.5733333333333337,0.08033333333333244,0.6536666666666662,True,0.161,False
25,253,-0.2666666666666657,-0.6400000000000001,0.09366666666666609,0.7336666666666662,True,0.193,False
25,254,-0.33333333333333304,-0.6266666666666674,-0.09333333333333282,0.5333333333333345,True,0.0235,True
25,255,-0.2666666666666666,-0.6533333333333324,0.10666666666666735,0.7599999999999998,True,0.1775,False
25,256,-0.46666666666666723,-0.6400000000000006,-0.30666666666666664,0.3333333333333339,True,0.0,True
25,257,-0.3733333333333335,-0.7200000000000002,-0.013333333333333187,0.706666666666667,True,0.061,False
25,258,-0.27999999999999936,-0.6000000000000001,0.026666666666666405,0.6266666666666665,True,0.1035,False
25,259,-0.6933333333333338,-1.04,-0.35966666666666797,0.6803333333333321,True,0.0,True
25,260,-0.413333333333334,-0.7066666666666661,-0.16000000000000014,0.546666666666666,True,0.0015,True
25,261,-0.5333333333333341,-0.8933333333333335,-0.18633333333333418,0.7069999999999994,True,0.0105,True
25,262,-0.5866666666666669,-0.8800000000000008,-0.28000000000000025,0.6000000000000005,True,0.001,True
25,263,-0.600000000000001,-0.9069999999999999,-0.29333333333333345,0.6136666666666665,True,0.002,True
25,264,-0.5199999999999991,-0.8933333333333335,-0.14666666666666694,0.7466666666666666,True,0.0165,True
25,265,-0.25333333333333297,-0.6136666666666674,0.09333333333333328,0.7070000000000006,True,0.1915,False
25,266,-0.6399999999999997,-1.0266666666666668,-0.25333333333333385,0.773333333333333,True,0.002,True
25,267,-0.3599999999999999,-0.6666666666666665,-0.05333333333333368,0.6133333333333328,True,0.03,True
25,268,-0.4533333333333336,-0.7599999999999998,-0.14666666666666694,0.6133333333333328,True,0.013,True
25,269,-0.413333333333334,-0.8000000000000003,0.0,0.8000000000000003,True,0.051,False
25,270,-0.41333333333333355,-0.6933333333333334,-0.1466666666666674,0.546666666666666,True,0.0085,True
25,271,-0.5733333333333333,-0.9200000000000004,-0.22666666666666746,0.6933333333333329,True,0.005,True
25,272,-0.5333333333333332,-0.8266666666666667,-0.2666666666666666,0.56,True,0.0005,True
25,273,-0.20000000000000018,-0.5599999999999996,0.1733333333333329,0.7333333333333325,True,0.3195,False
25,274,-0.46666666666666634,-0.8133333333333326,-0.13300000000000095,0.6803333333333317,True,0.013,True
25,275,-0.640000000000001,-0.9066666666666672,-0.38666666666666716,0.52,True,0.0,True
25,276,-0.3600000000000003,-0.7203333333333334,0.013666666666665118,0.7339999999999985,True,0.091,False
25,277,-0.8133333333333335,-1.186666666666667,-0.42666666666666764,0.7599999999999993,False,0.0,True
25,278,-0.6133333333333324,-0.9200000000000004,-0.3200000000000003,0.6000000000000001,True,0.0005,True
25,279,-0.36000000000000076,-0.626666666666666,-0.11999999999999965,0.5066666666666664,True,0.008,True
25,280,-0.5200000000000005,-0.8266666666666671,-0.22666666666666657,0.6000000000000005,True,0.001,True
25,281,-0.18666666666666698,-0.4666666666666659,0.13333333333333375,0.5999999999999996,True,0.2485,False
25,282,-0.20000000000000107,-0.48,0.040000000000000056,0.52,True,0.161,False
25,283,-0.5733333333333328,-0.8933333333333331,-0.25333333333333297,0.6400000000000001,True,0.0025,True
25,284,-0.28000000000000025,-0.5733333333333341,0.026666666666666415,0.6000000000000005,True,0.087,False
25,285,-0.52,-0.8266666666666658,-0.20000000000000107,0.6266666666666647,True,0.0045,True
25,286,-0.21333333333333293,-0.56,0.10666666666666735,0.6666666666666674,True,0.2555,False
25,287,-0.3333333333333335,-0.760333333333333,0.09333333333333371,0.8536666666666667,True,0.149,False
25,288,-0.3466666666666671,-0.6399999999999997,-0.09333333333333371,0.546666666666666,True,0.012,True
25,289,-0.14666666666666694,-0.5336666666666668,0.25333333333333297,0.7869999999999998,True,0.4655,False
25,290,-0.4800000000000004,-0.7866666666666671,-0.17333333333333245,0.6133333333333346,True,0.013,True
25,291,-0.13333333333333375,-0.40000000000000036,0.1600000000000006,0.5600000000000009,False,0.327,False
25,292,-0.3600000000000003,-0.7200000000000002,0.02666666666666595,0.7466666666666661,True,0.0825,False
25,293,-0.40000000000000036,-0.733333333333333,-0.05333333333333411,0.6799999999999988,True,0.038,True
25,294,-0.293333333333333,-0.6670000000000006,0.0933333333333324,0.760333333333333,True,0.1335,False
25,295,-0.33333333333333437,-0.7066666666666661,0.040000000000000924,0.746666666666667,True,0.092,False
25,296,-0.41333333333333355,-0.7866666666666671,-0.05333333333333323,0.7333333333333338,True,0.043,True
25,297,-0.5066666666666677,-0.7466666666666661,-0.2933333333333339,0.45333333333333226,True,0.0005,True
25,298,-0.4533333333333336,-0.8266666666666671,-0.06666666666666732,0.7599999999999998,True,0.0375,True
25,299,-0.3466666666666667,-0.600000000000001,-0.09300000000000135,0.5069999999999997,True,0.0125,True
25,300,-0.7200000000000002,-1.0399999999999996,-0.41333333333333355,0.626666666666666,True,0.0005,True
25,301,-0.5733333333333328,-0.9333333333333336,-0.2400000000000002,0.6933333333333334,True,0.0075,True
25,302,-0.6533333333333333,-0.9599999999999995,-0.3600000000000003,0.5999999999999992,True,0.0,True
25,303,-0.2666666666666666,-0.6133333333333333,0.09366666666666608,0.7069999999999994,True,0.199,False
25,304,-0.18666666666666654,-0.5466666666666673,0.14666666666666653,0.6933333333333338,True,0.292,False
25,305,-0.5066666666666673,-0.8666666666666671,-0.16000000000000014,0.706666666666667,True,0.012,True
25,306,-0.49333333333333407,-0.853333333333333,-0.15966666666666776,0.6936666666666653,True,0.015,True
25,307,-0.6933333333333334,-1.0266666666666664,-0.37333333333333396,0.6533333333333324,True,0.0005,True
25,308,-0.46666666666666723,-0.7869999999999998,-0.17333333333333378,0.613666666666666,True,0.006,True
25,309,-0.20000000000000018,-0.45333333333333403,0.053666666666666044,0.5070000000000001,True,0.1445,False
25,310,-0.7466666666666666,-1.08,-0.4400000000000004,0.6399999999999997,False,0.0,True
25,311,-0.3599999999999999,-0.7066666666666661,-0.039999999999999133,0.666666666666667,True,0.047,True
25,312,-0.43999999999999995,-0.7333333333333325,-0.13333333333333375,0.5999999999999988,True,0.0115,True
25,313,-0.30666666666666664,-0.6933333333333329,0.06666666666666644,0.7599999999999993,True,0.113,False
25,314,-0.4133333333333331,-0.7600000000000002,-0.09333333333333282,0.6666666666666674,True,0.0315,True
25,315,-0.38666666666666627,-0.746666666666667,-0.05333333333333323,0.6933333333333338,True,0.034,True
25,316,-0.4933333333333332,-0.7869999999999998,-0.22666666666666657,0.5603333333333332,True,0.0025,True
25,317,-0.680000000000001,-0.9733333333333336,-0.38666666666666716,0.5866666666666664,True,0.0005,True
25,318,-0.39999999999999947,-0.6799999999999997,-0.1466666666666665,0.5333333333333332,True,0.003,True
25,319,-0.5066666666666668,-0.8133333333333335,-0.18666666666666742,0.626666666666666,True,0.0045,True
25,320,-0.18666666666666698,-0.5333333333333332,0.14666666666666606,0.6799999999999993,True,0.323,False
25,321,-0.8533333333333335,-1.186666666666666,-0.5463333333333353,0.6403333333333308,False,0.0,True
25,322,-0.1333333333333333,-0.4269999999999999,0.17333333333333334,0.6003333333333332,True,0.4315,False
25,323,-0.3733333333333331,-0.6533333333333329,-0.06666666666666687,0.586666666666666,True,0.021,True
25,324,-0.5733333333333328,-0.8400000000000007,-0.30666666666666753,0.5333333333333332,True,0.0015,True
25,325,-0.41333333333333266,-0.8000000000000003,-0.013000000000001254,0.786999999999999,True,0.051,False
25,326,-0.3200000000000003,-0.6533333333333338,0.026666666666666415,0.6800000000000002,True,0.087,False
25,327,-0.46666666666666634,-0.7603333333333325,-0.16000000000000014,0.6003333333333324,True,0.0105,True
25,328,-0.41333333333333266,-0.6933333333333329,-0.1466666666666674,0.5466666666666655,True,0.0105,True
25,329,-0.19999999999999973,-0.5870000000000001,0.18666666666666698,0.7736666666666671,True,0.334,False
25,330,-0.46666666666666723,-0.8133333333333335,-0.11999999999999922,0.6933333333333342,True,0.019,True
25,331,-0.4533333333333327,-0.7333333333333343,-0.1866666666666661,0.5466666666666682,True,0.0085,True
25,332,-0.6400000000000006,-1.0266666666666664,-0.24000000000000066,0.7866666666666657,True,0.0035,True
25,333,-0.22666666666666657,-0.5333333333333337,0.12000000000000058,0.6533333333333342,True,0.205,False
25,334,-0.5733333333333346,-0.9603333333333336,-0.16000000000000014,0.8003333333333335,True,0.007,True
25,335,-0.4400000000000004,-0.7866666666666666,-0.08000000000000007,0.7066666666666666,True,0.019,True
25,336,-0.6133333333333328,-0.9603333333333336,-0.2400000000000002,0.7203333333333334,True,0.004,True
25,337,-0.706666666666667,-1.0000000000000004,-0.42666666666666675,0.5733333333333337,False,0.0,True
25,338,-0.4933333333333332,-0.8533333333333326,-0.10666666666666735,0.7466666666666653,True,0.012,True
25,339,-0.6933333333333329,-1.0399999999999996,-0.3200000000000003,0.7199999999999993,True,0.001,True
25,340,-0.45333333333333403,-0.8003333333333335,-0.1200000000000001,0.6803333333333333,True,0.016,True
25,341,-0.4933333333333336,-0.8533333333333335,-0.13333333333333375,0.7199999999999998,True,0.0155,True
25,342,-0.1999999999999993,-0.5066666666666668,0.11999999999999966,0.6266666666666665,True,0.2715,False
25,343,-0.41333333333333355,-0.7866666666666666,-0.026666666666666828,0.7599999999999998,True,0.0515,False
25,344,-0.3733333333333335,-0.7333333333333334,0.0,0.7333333333333334,True,0.0785,False
25,345,-0.29333333333333345,-0.6399999999999997,4.440892098500626e-16,0.6400000000000001,True,0.12,False
25,346,-0.4400000000000004,-0.8266666666666658,-0.08000000000000007,0.7466666666666657,True,0.031,True
25,347,-0.6533333333333347,-0.9600000000000004,-0.3200000000000003,0.6400000000000001,True,0.001,True
25,348,-0.4933333333333332,-0.8666666666666671,-0.08000000000000007,0.7866666666666671,True,0.026,True
25,349,-0.3733333333333335,-0.733333333333333,0.0,0.733333333333333,True,0.0875,False
25,350,-0.3333333333333335,-0.7333333333333334,0.05333333333333368,0.7866666666666671,True,0.103,False
25,351,-0.6533333333333342,-0.9066666666666663,-0.399666666666668,0.5069999999999983,True,0.0,True
25,352,-0.41333333333333355,-0.813333333333333,0.0,0.813333333333333,True,0.0635,False
25,353,-0.37333333333333396,-0.7466666666666666,0.02666666666666685,0.7733333333333334,True,0.0955,False
25,354,-0.5200000000000005,-0.8399999999999994,-0.1866666666666674,0.653333333333332,True,0.0025,True
25,355,-0.4400000000000004,-0.7866666666666653,-0.09333333333333371,0.6933333333333316,True,0.028,True
25,356,-0.08000000000000096,-0.3999999999999999,0.293333333333333,0.6933333333333329,False,0.6605,False
25,357,-0.5066666666666659,-0.8533333333333339,-0.1200000000000001,0.7333333333333338,True,0.0165,True
25,358,-0.6266666666666669,-0.9866666666666668,-0.293333333333333,0.6933333333333338,True,0.002,True
25,359,-0.17333333333333378,-0.5333333333333337,0.17333333333333378,0.7066666666666674,True,0.383,False
25,360,-0.22666666666666613,-0.6270000000000001,0.186666666666667,0.8136666666666671,True,0.317,False
25,361,-0.28000000000000025,-0.5333333333333337,-0.04000000000000048,0.4933333333333332,True,0.0485,True
25,362,-0.4800000000000004,-0.7333333333333325,-0.2400000000000002,0.4933333333333323,True,0.0025,True
25,363,-0.30666666666666575,-0.6533333333333324,-0.013000000000001698,0.6403333333333308,True,0.084,False
25,364,-0.5466666666666669,-0.8133333333333335,-0.27999999999999936,0.5333333333333341,True,0.0005,True
25,365,-0.45333333333333314,-0.7200000000000011,-0.17333333333333423,0.5466666666666669,True,0.0075,True
25,366,-0.4933333333333336,-0.746666666666667,-0.23966666666666783,0.5069999999999992,True,0.0025,True
25,367,-0.28000000000000025,-0.5600000000000005,0.026666666666666394,0.5866666666666669,True,0.0775,False
25,368,-0.4266666666666672,-0.7200000000000006,-0.11966666666666774,0.6003333333333329,True,0.024,True
25,369,-0.2666666666666675,-0.6800000000000002,0.13333333333333242,0.8133333333333326,True,0.257,False
25,370,-0.2400000000000002,-0.5066666666666668,0.03999999999999917,0.546666666666666,True,0.0915,False
25,371,-0.5733333333333333,-0.8933333333333335,-0.2533333333333325,0.640000000000001,True,0.003,True
25,372,-0.3733333333333335,-0.733666666666667,0.01333333333333323,0.7470000000000002,True,0.0585,False
25,373,-0.5200000000000009,-0.8666666666666667,-0.18666666666666654,0.6800000000000002,True,0.0065,True
25,374,-0.3066666666666671,-0.6666666666666674,-1.3211653993039969e-15,0.6666666666666661,True,0.0825,False
25,375,-0.18666666666666698,-0.5999999999999996,0.21333333333333382,0.8133333333333335,True,0.3865,False
25,376,-0.4400000000000004,-0.746666666666667,-0.1200000000000001,0.6266666666666669,True,0.0095,True
25,377,-0.4133333333333331,-0.7333333333333334,-0.09333333333333327,0.6400000000000001,True,0.0145,True
25,378,-0.5733333333333341,-0.9200000000000004,-0.2400000000000002,0.6800000000000002,True,0.0035,True
25,379,-0.5066666666666677,-0.8133333333333339,-0.18666666666666742,0.6266666666666665,True,0.005,True
25,380,-0.13333333333333286,-0.5466666666666669,0.27999999999999936,0.8266666666666662,True,0.549,False
25,381,-0.25333333333333385,-0.5866666666666664,0.08000000000000008,0.6666666666666665,True,0.181,False
25,382,-0.6666666666666661,-1.0799999999999992,-0.23999999999999977,0.8399999999999994,True,0.0075,True
25,383,-0.0533333333333319,-0.4266666666666672,0.29333333333333345,0.7200000000000006,True,0.748,False
25,384,-0.5599999999999996,-0.8269999999999998,-0.29333333333333345,0.5336666666666664,True,0.0,True
25,385,-0.17333333333333245,-0.4933333333333323,0.17333333333333334,0.6666666666666656,True,0.3765,False
25,386,-0.3866666666666676,-0.6399999999999997,-0.160000000000001,0.47999999999999865,True,0.0005,True
25,387,-0.42666666666666586,-0.8266666666666662,-0.0530000000000013,0.773666666666665,True,0.0335,True
25,388,-0.4266666666666672,-0.733333333333333,-0.15999999999999925,0.5733333333333337,True,0.0105,True
25,389,-0.26666666666666705,-0.6670000000000001,0.14666666666666606,0.8136666666666662,True,0.2035,False
25,390,-0.3999999999999999,-0.8133333333333335,0.01333333333333232,0.8266666666666658,True,0.07,False
25,391,-0.21333333333333293,-0.5733333333333337,0.1866666666666661,0.7599999999999998,True,0.319,False
25,392,-0.2666666666666657,-0.6000000000000005,0.05333333333333323,0.6533333333333338,True,0.157,False
25,393,-0.6533333333333333,-1.066666666666666,-0.21333333333333424,0.8533333333333317,True,0.0065,True
25,394,-0.4400000000000004,-0.7999999999999998,-0.06666666666666686,0.733333333333333,True,0.027,True
25,395,-0.1733333333333329,-0.399999999999999,0.05333333333333279,0.4533333333333318,False,0.183,False
25,396,-0.28000000000000025,-0.6133333333333333,0.07999999999999918,0.6933333333333325,True,0.1395,False
25,397,-0.30666666666666753,-0.5599999999999992,-0.06666666666666643,0.49333333333333274,True,0.039,True
25,398,-0.5733333333333337,-0.9066666666666672,-0.22666666666666657,0.6800000000000006,True,0.0035,True
25,399,-0.23999999999999977,-0.5066666666666664,0.026666666666666394,0.5333333333333328,True,0.091,False
25,400,-0.4266666666666672,-0.7866666666666666,-0.05333333333333368,0.733333333333333,True,0.026,True
25,401,0.02666666666666684,-0.3066666666666671,0.34666666666666623,0.6533333333333333,False,0.9225,False
25,402,-0.5866666666666673,-0.8799999999999999,-0.3063333333333343,0.5736666666666657,True,0.0015,True
25,403,-0.3733333333333335,-0.7200000000000002,-0.026666666666667282,0.6933333333333329,True,0.0565,False
25,404,-0.18666666666666698,-0.5333333333333332,0.14699999999999885,0.6803333333333321,True,0.335,False
25,405,-0.48,-0.8400000000000003,-0.13333333333333286,0.7066666666666674,True,0.0235,True
25,406,-0.7066666666666666,-1.0133333333333336,-0.42666666666666764,0.586666666666666,False,0.0,True
25,407,-0.32000000000000073,-0.6400000000000001,0.0,0.6400000000000001,True,0.0495,True
25,408,-0.43999999999999995,-0.8133333333333326,-0.06666666666666643,0.7466666666666661,True,0.0305,True
25,409,-0.19999999999999973,-0.5603333333333332,0.18666666666666698,0.7470000000000002,True,0.36,False
25,410,-0.5600000000000005,-0.8933333333333335,-0.2400000000000002,0.6533333333333333,True,0.003,True
25,411,-0.56,-0.7733333333333339,-0.33333333333333304,0.44000000000000083,True,0.0,True
25,412,-0.4533333333333336,-0.8266666666666675,-0.12000000000000054,0.706666666666667,True,0.02,True
25,413,-0.33333333333333304,-0.6533333333333333,-0.02666666666666684,0.6266666666666665,True,0.035,True
25,414,-0.11999999999999966,-0.46666666666666723,0.22666666666666702,0.6933333333333342,True,0.501,False
25,415,-0.1466666666666665,-0.4933333333333336,0.20000000000000018,0.6933333333333338,True,0.399,False
25,416,-0.3200000000000003,-0.5736666666666669,-0.08000000000000093,0.4936666666666659,True,0.0145,True
25,417,-0.43999999999999995,-0.7599999999999998,-0.11999999999999922,0.6400000000000006,True,0.0315,True
25,418,-0.44000000000000083,-0.7866666666666662,-0.09333333333333371,0.6933333333333325,True,0.0245,True
25,419,-0.38666666666666627,-0.7866666666666671,0.026666666666666394,0.8133333333333335,True,0.084,False
25,420,-0.3733333333333335,-0.6933333333333325,-0.08000000000000007,0.6133333333333324,True,0.0195,True
25,421,-0.33333333333333304,-0.7066666666666661,0.026999999999999205,0.7336666666666654,True,0.0975,False
25,422,-0.5199999999999991,-0.8666666666666663,-0.1599999999999997,0.7066666666666666,True,0.0085,True
25,423,-0.46666666666666634,-0.7066666666666679,-0.21333333333333293,0.49333333333333496,True,0.0025,True
25,424,-0.5333333333333337,-0.7999999999999998,-0.2533333333333343,0.5466666666666655,True,0.001,True
25,425,-0.666666666666667,-0.9333333333333336,-0.3733333333333335,0.56,True,0.0,True
25,426,-0.5333333333333337,-0.8533333333333335,-0.21333333333333337,0.6400000000000001,True,0.005,True
25,427,-0.41333333333333355,-0.7199999999999998,-0.10633333333333413,0.6136666666666656,True,0.017,True
25,428,-0.5200000000000005,-0.7999999999999994,-0.21333333333333293,0.5866666666666664,True,0.0045,True
25,429,-0.3600000000000003,-0.7466666666666661,0.026666666666665527,0.7733333333333317,True,0.0965,False
25,430,-0.7066666666666661,-1.0666666666666664,-0.3733333333333322,0.6933333333333342,True,0.0,True
25,431,-0.3999999999999999,-0.7200000000000002,-0.09333333333333327,0.6266666666666669,True,0.0195,True
25,432,-0.4933333333333336,-0.8133333333333335,-0.21333333333333204,0.6000000000000014,True,0.004,True
25,433,-0.5066666666666655,-0.8399999999999999,-0.1730000000000014,0.6669999999999985,True,0.0095,True
25,434,-0.47999999999999865,-0.7999999999999998,-0.18666666666666654,0.6133333333333333,True,0.0035,True
25,435,-0.4933333333333345,-0.7600000000000002,-0.22666666666666746,0.5333333333333328,True,0.003,True
25,436,-0.5466666666666669,-0.8799999999999999,-0.2400000000000002,0.6399999999999997,True,0.003,True
25,437,-0.29333333333333345,-0.5733333333333333,0.013333333333332753,0.586666666666666,True,0.077,False
25,438,-0.4533333333333327,-0.8136666666666671,-0.1330000000000014,0.6806666666666656,True,0.018,True
25,439,-0.17333333333333423,-0.546666666666666,0.2003333333333321,0.7469999999999981,True,0.386,False
25,440,-0.4933333333333336,-0.7866666666666662,-0.20000000000000018,0.586666666666666,True,0.003,True
25,441,-0.45333333333333403,-0.8266666666666667,-0.10666666666666691,0.7199999999999998,True,0.0195,True
25,442,-0.46666666666666723,-0.8133333333333335,-0.09333333333333371,0.7199999999999998,True,0.019,True
25,443,-0.46666666666666723,-0.7066666666666674,-0.22666666666666657,0.48000000000000087,True,0.0035,True
25,444,-0.36000000000000076,-0.7333333333333334,0.0,0.7333333333333334,True,0.055,False
25,445,-0.640000000000001,-0.9466666666666672,-0.3333333333333339,0.6133333333333333,True,0.0005,True
25,446,-0.39999999999999947,-0.7600000000000007,-0.08000000000000007,0.6800000000000006,True,0.0255,True
25,447,-0.26666666666666705,-0.5866666666666664,0.040000000000000036,0.6266666666666665,True,0.126,False
25,448,-0.23999999999999977,-0.47999999999999954,0.0,0.47999999999999954,True,0.0765,False
25,449,-0.5333333333333337,-0.9333333333333336,-0.16000000000000014,0.7733333333333334,True,0.0095,True
25,450,-0.41333333333333355,-0.7603333333333339,-0.013333333333333641,0.7470000000000002,True,0.045,True
25,451,-0.4133333333333322,-0.8133333333333335,0.013333333333333641,0.8266666666666671,True,0.079,False
25,452,-0.413333333333334,-0.706666666666667,-0.13333333333333375,0.5733333333333333,True,0.0075,True
25,453,-0.4000000000000008,-0.6933333333333329,-0.1600000000000006,0.5333333333333323,True,0.0045,True
25,454,-0.5333333333333337,-0.8666666666666671,-0.22633333333333508,0.6403333333333321,True,0.0055,True
25,455,-0.773333333333333,-1.12,-0.43999999999999995,0.6800000000000002,False,0.001,True
25,456,-0.3999999999999999,-0.7466666666666666,-0.06666666666666643,0.6800000000000002,True,0.036,True
25,457,-0.7199999999999998,-1.0266666666666668,-0.42666666666666675,0.6000000000000001,False,0.0,True
25,458,-0.5466666666666673,-0.813333333333333,-0.293333333333333,0.52,True,0.0,True
25,459,-0.3733333333333331,-0.7333333333333325,-0.026666666666665506,0.706666666666667,True,0.0685,False
25,460,-0.7333333333333343,-1.1066666666666674,-0.3600000000000003,0.746666666666667,True,0.0005,True
25,461,-0.4399999999999995,-0.6800000000000006,-0.20000000000000018,0.4800000000000004,True,0.005,True
25,462,-0.48000000000000087,-0.7733333333333334,-0.1733333333333329,0.6000000000000005,True,0.006,True
25,463,-0.4666666666666668,-0.7066666666666679,-0.23999999999999932,0.46666666666666856,True,0.0015,True
25,464,-0.5600000000000005,-0.9466666666666677,-0.18666666666666654,0.7600000000000011,True,0.0065,True
25,465,-0.2933333333333339,-0.5733333333333328,-0.03999999999999959,0.5333333333333332,True,0.034,True
25,466,-0.3866666666666658,-0.6133333333333342,-0.1599999999999997,0.4533333333333345,True,0.0035,True
25,467,-0.22666666666666746,-0.5200000000000005,0.09333333333333371,0.6133333333333342,True,0.1575,False
25,468,-0.6133333333333333,-0.9066666666666663,-0.33333333333333304,0.5733333333333333,True,0.0005,True
25,469,-0.3466666666666671,-0.7066666666666674,0.0,0.7066666666666674,True,0.0785,False
25,470,-0.28000000000000025,-0.5999999999999996,0.040000000000000036,0.6399999999999997,True,0.103,False
25,471,-0.5466666666666669,-0.9336666666666668,-0.19966666666666824,0.7339999999999985,True,0.0085,True
25,472,-0.41333333333333355,-0.8536666666666662,0.013333333333332753,0.866999999999999,True,0.1035,False
25,473,-0.3600000000000003,-0.6933333333333329,-0.013333333333333641,0.6799999999999993,True,0.0315,True
25,474,-0.6133333333333333,-0.9466666666666668,-0.2400000000000011,0.7066666666666657,True,0.0035,True
25,475,-0.6000000000000001,-1.0000000000000004,-0.16000000000000014,0.8400000000000003,True,0.015,True
25,476,-0.7866666666666671,-1.0936666666666672,-0.4666666666666659,0.6270000000000013,False,0.0,True
25,477,-0.52,-0.9599999999999986,-0.09333333333333238,0.8666666666666663,True,0.033,True
25,478,-0.4399999999999995,-0.7199999999999993,-0.17333333333333378,0.5466666666666655,True,0.005,True
25,479,-0.5333333333333332,-0.8399999999999999,-0.22666666666666657,0.6133333333333333,True,0.0005,True
25,480,-0.5066666666666673,-0.8933333333333335,-0.13333333333333375,0.7599999999999998,True,0.0085,True
25,481,-0.3866666666666667,-0.7333333333333343,-0.040000000000000466,0.6933333333333338,True,0.0455,True
25,482,-0.5599999999999996,-0.8666666666666663,-0.28000000000000025,0.586666666666666,True,0.0005,True
25,483,-0.5733333333333333,-0.9866666666666668,-0.21300000000000147,0.7736666666666654,True,0.01,True
25,484,-0.34666666666666623,-0.706666666666667,0.013666666666665118,0.7203333333333322,True,0.0925,False
25,485,-0.09333333333333371,-0.3999999999999999,0.22666666666666657,0.6266666666666665,False,0.563,False
25,486,-0.6000000000000005,-0.8400000000000003,-0.3733333333333331,0.46666666666666723,True,0.0,True
25,487,-0.5733333333333328,-0.9066666666666676,-0.2400000000000002,0.6666666666666674,True,0.003,True
25,488,-0.46666666666666723,-0.8266666666666667,-0.09333333333333414,0.7333333333333325,True,0.0225,True
25,489,-0.35999999999999943,-0.7866666666666671,0.05333333333333412,0.8400000000000012,True,0.12,False
25,490,-0.25333333333333385,-0.5733333333333341,0.06666666666666644,0.6400000000000006,True,0.1585,False
25,491,-0.3199999999999994,-0.6133333333333328,-0.040000000000000036,0.5733333333333328,True,0.0305,True
25,492,-0.5733333333333333,-0.9336666666666663,-0.21333333333333293,0.7203333333333334,True,0.01,True
25,493,-0.6399999999999997,-0.9733333333333327,-0.3333333333333335,0.6399999999999992,True,0.0005,True
25,494,-0.3999999999999999,-0.733333333333333,-0.06633333333333492,0.666999999999998,True,0.0245,True
25,495,-0.22666666666666568,-0.5466666666666673,0.09333333333333282,0.6400000000000001,True,0.1715,False
25,496,-0.21333333333333382,-0.5333333333333332,0.1333333333333333,0.6666666666666665,True,0.264,False
25,497,-0.38666666666666627,-0.773333333333333,-0.013333333333333641,0.7599999999999993,True,0.059,False
25,498,-0.4666666666666668,-0.8666666666666671,-0.0530000000000013,0.8136666666666659,True,0.053,False
25,499,-0.47999999999999954,-0.8133333333333335,-0.12000000000000009,0.6933333333333334,True,0.0115,True
50,0,-0.4066666666666672,-0.6533333333333338,-0.13999999999999968,0.5133333333333341,True,0.0025,True
50,1,-0.5599999999999996,-0.8001666666666666,-0.3266666666666671,0.4734999999999995,True,0.0,True
50,2,-0.33999999999999986,-0.5735000000000009,-0.0798333333333339,0.49366666666666703,True,0.0125,True
50,3,-0.39999999999999947,-0.5866666666666673,-0.1999999999999993,0.38666666666666805,True,0.0005,True
50,4,-0.4200000000000004,-0.6466666666666656,-0.18000000000000016,0.46666666666666545,True,0.0015,True
50,5,-0.40666666666666673,-0.6600000000000006,-0.1465000000000008,0.5134999999999998,True,0.002,True
50,6,-0.4933333333333345,-0.7468333333333333,-0.2400000000000002,0.5068333333333331,True,0.001,True
50,7,-0.30666666666666753,-0.5333333333333323,-0.07333333333333324,0.4599999999999991,True,0.012,True
50,8,-0.45333333333333314,-0.6933333333333334,-0.22666666666666657,0.4666666666666668,True,0.0005,True
50,9,-0.399999999999999,-0.6333333333333333,-0.1731666666666672,0.4601666666666661,True,0.0015,True
50,10,-0.5133333333333341,-0.7599999999999998,-0.26666666666666705,0.49333333333333274,True,0.0,True
50,11,-0.4199999999999995,-0.6533333333333329,-0.1800000000000006,0.4733333333333323,True,0.001,True
50,12,-0.3533333333333335,-0.5799999999999992,-0.1198333333333335,0.46016666666666567,True,0.0065,True
50,13,-0.3133333333333326,-0.5333333333333328,-0.10666666666666647,0.4266666666666663,True,0.0045,True
50,14,-0.3266666666666671,-0.5666666666666669,-0.09983333333333305,0.4668333333333338,True,0.009,True
50,15,-0.359999999999999,-0.6066666666666665,-0.11333333333333284,0.4933333333333336,True,0.0055,True
50,16,-0.32666666666666755,-0.5733333333333328,-0.09333333333333325,0.47999999999999954,True,0.015,True
50,17,-0.3400000000000003,-0.5733333333333328,-0.11333333333333327,0.4599999999999995,True,0.0095,True
50,18,-0.5200000000000009,-0.766666666666667,-0.26666666666666616,0.5000000000000009,True,0.001,True
50,19,-0.26666666666666705,-0.48683333333333356,-0.026666666666665506,0.46016666666666806,True,0.0305,True
50,20,-0.5599999999999996,-0.8066666666666666,-0.32650000000000046,0.4801666666666662,True,0.0,True
50,21,-0.5466666666666664,-0.8001666666666675,-0.2866666666666662,0.5135000000000013,True,0.0,True
50,22,-0.36000000000000076,-0.5933333333333328,-0.1266666666666678,0.466666666666665,True,0.0065,True
50,23,-0.4400000000000004,-0.6933333333333325,-0.18000000000000016,0.5133333333333323,True,0.0035,True
50,24,-0.5133333333333332,-0.7533333333333334,-0.2866666666666666,0.4666666666666668,True,0.0,True
50,25,-0.4933333333333336,-0.753333333333333,-0.2398333333333336,0.5134999999999994,True,0.0005,True
50,26,-0.4933333333333323,-0.7533333333333339,-0.2466666666666666,0.5066666666666673,True,0.002,True
50,27,-0.49999999999999956,-0.6933333333333334,-0.2933333333333339,0.39999999999999947,True,0.0,True
50,28,-0.34666666666666757,-0.5666666666666664,-0.12666666666666693,0.4399999999999995,True,0.0025,True
50,29,-0.44666666666666677,-0.7133333333333329,-0.17333333333333378,0.5399999999999991,True,0.0005,True
50,30,-0.31999999999999984,-0.5799999999999996,-0.08000000000000007,0.49999999999999956,True,0.012,True
50,31,-0.4599999999999995,-0.7268333333333333,-0.19333333333333336,0.5335,True,0.0015,True
50,32,-0.4933333333333332,-0.7533333333333325,-0.22666666666666702,0.5266666666666655,True,0.0,True
50,33,-0.3866666666666667,-0.6399999999999997,-0.12666666666666734,0.5133333333333323,True,0.004,True
50,34,-0.4266666666666672,-0.7199999999999998,-0.12666666666666648,0.5933333333333333,True,0.009,True
50,35,-0.3933333333333344,-0.5933333333333328,-0.16666666666666563,0.4266666666666672,True,0.0015,True
50,36,-0.5133333333333341,-0.7335000000000006,-0.2866666666666666,0.44683333333333397,True,0.0,True
50,37,-0.32666666666666844,-0.6333333333333337,-0.05333333333333323,0.5800000000000005,True,0.034,True
50,38,-0.48666666666666725,-0.6733333333333338,-0.30666666666666664,0.36666666666666714,True,0.0,True
50,39,-0.33999999999999986,-0.6066666666666665,-0.07333333333333325,0.5333333333333332,True,0.0185,True
50,40,-0.40666666666666673,-0.5999999999999992,-0.22666666666666702,0.3733333333333322,True,0.0005,True
50,41,-0.4800000000000004,-0.7335000000000006,-0.24666666666666703,0.48683333333333356,True,0.0,True
50,42,-0.46666666666666723,-0.6868333333333337,-0.24666666666666703,0.4401666666666667,True,0.0,True
50,43,-0.3733333333333331,-0.6066666666666674,-0.12000000000000098,0.48666666666666636,True,0.01,True
50,44,-0.41333333333333355,-0.6533333333333333,-0.18666666666666654,0.4666666666666668,True,0.001,True
50,45,-0.48,-0.7199999999999998,-0.2533333333333334,0.46666666666666634,True,0.0005,True
50,46,-0.4666666666666668,-0.7133333333333329,-0.2400000000000002,0.4733333333333327,True,0.0,True
50,47,-0.4866666666666668,-0.7199999999999998,-0.2598333333333332,0.46016666666666656,True,0.0,True
50,48,-0.6133333333333337,-0.8599999999999994,-0.3733333333333335,0.4866666666666659,True,0.0,True
50,49,-0.4400000000000004,-0.6800000000000002,-0.21316666666666678,0.4668333333333334,True,0.0005,True
50,50,-0.4066666666666672,-0.626666666666666,-0.2066666666666661,0.41999999999999993,True,0.0,True
50,51,-0.3133333333333339,-0.5333333333333332,-0.08666666666666688,0.4466666666666663,True,0.012,True
50,52,-0.41999999999999993,-0.6468333333333337,-0.21333333333333293,0.4335000000000008,True,0.0,True
50,53,-0.34666666666666623,-0.586666666666666,-0.10666666666666735,0.47999999999999865,True,0.004,True
50,54,-0.4199999999999995,-0.6400000000000006,-0.20000000000000062,0.43999999999999995,True,0.0005,True
50,55,-0.48,-0.7266666666666666,-0.2533333333333334,0.47333333333333316,True,0.0005,True
50,56,-0.3933333333333331,-0.6468333333333333,-0.1466666666666674,0.5001666666666659,True,0.0045,True
50,57,-0.3133333333333326,-0.5799999999999996,-0.07316666666666664,0.506833333333333,True,0.018,True
50,58,-0.4933333333333336,-0.7199999999999998,-0.273333333333333,0.44666666666666677,True,0.0,True
50,59,-0.3733333333333331,-0.6199999999999997,-0.12666666666666648,0.4933333333333332,True,0.0085,True
50,60,-0.4533333333333345,-0.7066666666666666,-0.21333333333333293,0.4933333333333336,True,0.001,True
50,61,-0.3466666666666667,-0.5866666666666669,-0.10000000000000052,0.48666666666666636,True,0.006,True
50,62,-0.5333333333333332,-0.7533333333333343,-0.31333333333333346,0.44000000000000083,True,0.0,True
50,63,-0.413333333333334,-0.646666666666667,-0.17333333333333467,0.4733333333333323,True,0.0015,True
50,64,-0.5866666666666656,-0.8066666666666658,-0.3733333333333335,0.43333333333333224,True,0.0,True
50,65,-0.41333333333333266,-0.6666666666666661,-0.17333333333333334,0.49333333333333274,True,0.003,True
50,66,-0.43333333333333357,-0.6399999999999997,-0.2400000000000002,0.39999999999999947,True,0.0,True
50,67,-0.4933333333333336,-0.7066666666666666,-0.293333333333333,0.41333333333333355,True,0.0,True
50,68,-0.32666666666666666,-0.5599999999999996,-0.09999999999999964,0.45999999999999996,True,0.011,True
50,69,-0.40666666666666673,-0.6133333333333337,-0.20649999999999996,0.40683333333333377,True,0.001,True
50,70,-0.2866666666666666,-0.5399999999999996,-0.033333333333333215,0.5066666666666664,True,0.046,True
50,71,-0.23999999999999932,-0.45999999999999996,-0.013333333333333641,0.4466666666666663,True,0.047,True
50,72,-0.5733333333333337,-0.7933333333333343,-0.3466666666666671,0.4466666666666672,True,0.0,True
50,73,-0.3466666666666658,-0.6133333333333328,-0.07316666666666752,0.5401666666666654,True,0.0195,True
50,74,-0.32000000000000073,-0.5335000000000004,-0.09333333333333371,0.4401666666666667,True,0.007,True
50,75,-0.313333333333333,-0.5133333333333332,-0.11333333333333283,0.40000000000000036,True,0.0025,True
50,76,-0.5466666666666673,-0.7866666666666662,-0.32666666666666666,0.4599999999999995,True,0.0,True
50,77,-0.32000000000000073,-0.5800000000000001,-0.07333333333333325,0.5066666666666668,True,0.0195,True
50,78,-0.5666666666666664,-0.773333333333333,-0.3666666666666667,0.4066666666666663,True,0.0,True
50,79,-0.33999999999999986,-0.6200000000000001,-0.03333333333333408,0.586666666666666,True,0.016,True
50,80,-0.45999999999999996,-0.7068333333333333,-0.21333333333333293,0.4935000000000004,True,0.0025,True
50,81,-0.3533333333333335,-0.5733333333333324,-0.13999999999999968,0.4333333333333327,True,0.002,True
50,82,-0.30666666666666664,-0.5668333333333341,-0.05333333333333279,0.5135000000000013,True,0.0245,True
50,83,-0.20000000000000018,-0.4600000000000004,0.046833333333332595,0.506833333333333,True,0.132,False
50,84,-0.5533333333333341,-0.7866666666666671,-0.3265000000000009,0.46016666666666617,True,0.0,True
50,85,-0.3266666666666671,-0.5800000000000001,-0.08000000000000095,0.4999999999999991,True,0.015,True
50,86,-0.5199999999999991,-0.7666666666666662,-0.29333333333333345,0.4733333333333327,True,0.0,True
50,87,-0.36666666666666625,-0.6266666666666669,-0.11333333333333372,0.5133333333333332,True,0.0085,True
50,88,-0.3400000000000003,-0.5600000000000005,-0.10000000000000096,0.4599999999999995,True,0.0035,True
50,89,-0.2933333333333339,-0.5266666666666673,-0.05333333333333368,0.4733333333333336,True,0.021,True
50,90,-0.33999999999999986,-0.5466666666666673,-0.1200000000000001,0.4266666666666672,True,0.0055,True
50,91,-0.4066666666666663,-0.673500000000001,-0.14000000000000012,0.5335000000000009,True,0.004,True
50,92,-0.4333333333333331,-0.6466666666666661,-0.21333333333333382,0.43333333333333224,True,0.0,True
50,93,-0.273333333333333,-0.5133333333333336,-0.03333333333333276,0.48000000000000087,True,0.036,True
50,94,-0.5266666666666673,-0.7799999999999989,-0.28000000000000025,0.49999999999999867,True,0.0005,True
50,95,-0.46666666666666634,-0.6733333333333342,-0.25333333333333385,0.4200000000000004,True,0.0,True
50,96,-0.24666666666666703,-0.4601666666666668,-0.02000000000000045,0.4401666666666663,True,0.0345,True
50,97,-0.52,-0.7466666666666666,-0.3198333333333337,0.4268333333333329,True,0.0,True
50,98,-0.4333333333333327,-0.7133333333333338,-0.1466666666666674,0.5666666666666664,True,0.0025,True
50,99,-0.4200000000000004,-0.6333333333333333,-0.21983333333333357,0.41349999999999976,True,0.0005,True
50,100,-0.42666666666666675,-0.6666666666666661,-0.1933333333333329,0.47333333333333316,True,0.0015,True
50,101,-0.26000000000000023,-0.45350000000000124,-0.04666666666666597,0.40683333333333527,True,0.0135,True
50,102,-0.3533333333333335,-0.6001666666666673,-0.11333333333333416,0.4868333333333331,True,0.006,True
50,103,-0.3466666666666667,-0.6066666666666669,-0.07316666666666664,0.5335000000000003,True,0.016,True
50,104,-0.40000000000000036,-0.6533333333333338,-0.14000000000000057,0.5133333333333332,True,0.003,True
50,105,-0.40000000000000036,-0.6866666666666665,-0.14000000000000057,0.546666666666666,True,0.0045,True
50,106,-0.4066666666666672,-0.6066666666666656,-0.22000000000000064,0.38666666666666494,True,0.0,True
50,107,-0.4066666666666663,-0.6601666666666673,-0.1531666666666676,0.5069999999999998,True,0.004,True
50,108,-0.2933333333333339,-0.5533333333333332,-0.040000000000000036,0.5133333333333332,True,0.032,True
50,109,-0.4200000000000004,-0.686666666666667,-0.15333333333333377,0.5333333333333332,True,0.0035,True
50,110,-0.3066666666666671,-0.5268333333333336,-0.06666666666666643,0.46016666666666717,True,0.0135,True
50,111,-0.3333333333333335,-0.5400000000000009,-0.1333333333333333,0.4066666666666676,True,0.0025,True
50,112,-0.41333333333333355,-0.6666666666666661,-0.1600000000000006,0.5066666666666655,True,0.002,True
50,113,-0.4666666666666668,-0.7133333333333338,-0.2133333333333338,0.5,True,0.0,True
50,114,-0.46666666666666723,-0.6933333333333342,-0.22000000000000064,0.4733333333333336,True,0.0005,True
50,115,-0.31333333333333346,-0.5466666666666664,-0.06650000000000025,0.4801666666666662,True,0.012,True
50,116,-0.4400000000000004,-0.6866666666666674,-0.21983333333333316,0.46683333333333427,True,0.0015,True
50,117,-0.37999999999999945,-0.6600000000000001,-0.09333333333333414,0.566666666666666,True,0.011,True
50,118,-0.43999999999999995,-0.6533333333333338,-0.2333333333333334,0.4200000000000004,True,0.0005,True
50,119,-0.43999999999999995,-0.7268333333333338,-0.16000000000000014,0.5668333333333336,True,0.0055,True
50,120,-0.4533333333333336,-0.7066666666666666,-0.20000000000000018,0.5066666666666664,True,0.0005,True
50,121,-0.3466666666666667,-0.6000000000000005,-0.10666666666666735,0.4933333333333332,True,0.008,True
50,122,-0.4199999999999995,-0.6466666666666665,-0.18666666666666654,0.45999999999999996,True,0.0,True
50,123,-0.21999999999999975,-0.4533333333333336,0.0,0.4533333333333336,True,0.0695,False
50,124,-0.5000000000000004,-0.7466666666666653,-0.2666666666666666,0.47999999999999865,True,0.0,True
50,125,-0.3200000000000003,-0.5666666666666669,-0.07333333333333414,0.49333333333333274,True,0.021,True
50,126,-0.5266666666666664,-0.7666666666666657,-0.30666666666666664,0.4599999999999991,True,0.0,True
50,127,-0.3799999999999999,-0.6333333333333324,-0.1200000000000001,0.5133333333333323,True,0.0025,True
50,128,-0.433333333333334,-0.6868333333333337,-0.1866666666666661,0.5001666666666676,True,0.002,True
50,129,-0.4200000000000004,-0.6599999999999997,-0.1800000000000006,0.4799999999999991,True,0.002,True
50,130,-0.30000000000000027,-0.54,-0.04650000000000025,0.49349999999999977,True,0.032,True
50,131,-0.43999999999999906,-0.706666666666667,-0.16666666666666782,0.5399999999999991,True,0.0025,True
50,132,-0.43333333333333446,-0.6466666666666674,-0.2200000000000006,0.42666666666666675,True,0.0,True
50,133,-0.35999999999999943,-0.5801666666666673,-0.1466666666666665,0.4335000000000008,True,0.002,True
50,134,-0.38666666666666627,-0.6268333333333346,-0.1398333333333331,0.4870000000000015,True,0.0045,True
50,135,-0.433333333333334,-0.6600000000000001,-0.20000000000000062,0.4599999999999995,True,0.0,True
50,136,-0.3533333333333326,-0.5666666666666673,-0.14000000000000057,0.42666666666666675,True,0.003,True
50,137,-0.37333333333333263,-0.6266666666666665,-0.12666666666666604,0.5000000000000004,True,0.007,True
50,138,-0.19333333333333336,-0.4000000000000008,0.013333333333333641,0.41333333333333444,False,0.0965,False
50,139,-0.3266666666666662,-0.5666666666666669,-0.086666666666666,0.48000000000000087,True,0.007,True
50,140,-0.3200000000000003,-0.54,-0.09999999999999964,0.4400000000000004,True,0.0055,True
50,141,-0.5133333333333328,-0.7735000000000002,-0.24000000000000066,0.5334999999999995,True,0.0,True
50,142,-0.36000000000000076,-0.5999999999999992,-0.09999999999999964,0.49999999999999956,True,0.0075,True
50,143,-0.39999999999999947,-0.6133333333333333,-0.20000000000000018,0.4133333333333331,True,0.0,True
50,144,-0.313333333333333,-0.5466666666666669,-0.05333333333333368,0.4933333333333332,True,0.019,True
50,145,-0.40666666666666584,-0.606666666666666,-0.2066666666666661,0.3999999999999999,True,0.0005,True
50,146,-0.526666666666666,-0.7533333333333334,-0.28000000000000025,0.47333333333333316,True,0.0,True
50,147,-0.3000000000000007,-0.5399999999999991,-0.0600000000000005,0.47999999999999865,True,0.0125,True
50,148,-0.3933333333333331,-0.6000000000000005,-0.17333333333333378,0.42666666666666675,True,0.0005,True
50,149,-0.36666666666666625,-0.6333333333333324,-0.09333333333333371,0.5399999999999987,True,0.0115,True
50,150,-0.26000000000000023,-0.4800000000000004,-0.019999999999999574,0.46000000000000085,True,0.039,True
50,151,-0.4200000000000004,-0.6333333333333333,-0.19999999999999973,0.43333333333333357,True,0.0,True
50,152,-0.5733333333333337,-0.7935000000000002,-0.3600000000000003,0.4334999999999999,True,0.0,True
50,153,-0.45333333333333314,-0.7333333333333334,-0.17333333333333245,0.5600000000000009,True,0.002,True
50,154,-0.3333333333333335,-0.5733333333333328,-0.06666666666666732,0.5066666666666655,True,0.0165,True
50,155,-0.30666666666666664,-0.5533333333333337,-0.07333333333333325,0.4800000000000004,True,0.021,True
50,156,-0.3333333333333335,-0.5599999999999996,-0.09333333333333371,0.4666666666666659,True,0.007,True
50,157,-0.3333333333333335,-0.5533333333333332,-0.12666666666666693,0.4266666666666663,True,0.0045,True
50,158,-0.4266666666666672,-0.6533333333333333,-0.20000000000000062,0.4533333333333327,True,0.001,True
50,159,-0.43999999999999995,-0.660000000000001,-0.22666666666666657,0.43333333333333446,True,0.0,True
50,160,-0.5466666666666677,-0.800166666666667,-0.30000000000000066,0.5001666666666664,True,0.0,True
50,161,-0.5066666666666668,-0.7468333333333342,-0.2599999999999998,0.48683333333333445,True,0.0005,True
50,162,-0.4200000000000004,-0.6733333333333329,-0.19333333333333336,0.47999999999999954,True,0.001,True
50,163,-0.3600000000000003,-0.5999999999999996,-0.1333333333333333,0.46666666666666634,True,0.0065,True
50,164,-0.5000000000000009,-0.7333333333333334,-0.273333333333333,0.4600000000000004,True,0.0,True
50,165,-0.5,-0.7335000000000002,-0.2599999999999998,0.47350000000000037,True,0.0,True
50,166,-0.40666666666666673,-0.6333333333333333,-0.16666666666666782,0.46666666666666545,True,0.0005,True
50,167,-0.46666666666666723,-0.7399999999999998,-0.19999999999999973,0.54,True,0.0025,True
50,168,-0.38000000000000034,-0.6066666666666674,-0.16000000000000103,0.4466666666666663,True,0.0045,True
50,169,-0.2999999999999998,-0.5400000000000005,-0.08000000000000007,0.4600000000000004,True,0.0085,True
50,170,-0.5933333333333337,-0.8266666666666671,-0.38650000000000095,0.44016666666666615,True,0.0,True
50,171,-0.4266666666666663,-0.660000000000001,-0.1866666666666674,0.4733333333333336,True,0.0015,True
50,172,-0.41999999999999993,-0.6999999999999997,-0.1466666666666678,0.5533333333333319,True,0.007,True
50,173,-0.4600000000000004,-0.7200000000000006,-0.19999999999999973,0.5200000000000009,True,0.0005,True
50,174,-0.4066666666666663,-0.6534999999999993,-0.18666666666666654,0.46683333333333277,True,0.0025,True
50,175,-0.31999999999999984,-0.5800000000000001,-0.07333333333333322,0.5066666666666668,True,0.0115,True
50,176,-0.3799999999999999,-0.580000000000001,-0.18666666666666698,0.393333333333334,True,0.0015,True
50,177,-0.4133333333333331,-0.6200000000000001,-0.1933333333333338,0.4266666666666663,True,0.001,True
50,178,-0.4600000000000004,-0.7066666666666666,-0.21333333333333337,0.4933333333333332,True,0.001,True
50,179,-0.38666666666666716,-0.653500000000001,-0.12666666666666737,0.5268333333333336,True,0.006,True
50,180,-0.16000000000000014,-0.37333333333333263,0.05333333333333368,0.4266666666666663,False,0.166,False
50,181,-0.38666666666666627,-0.6333333333333333,-0.11333333333333416,0.5199999999999991,True,0.0045,True
50,182,-0.35999999999999943,-0.5866666666666669,-0.14000000000000057,0.4466666666666663,True,0.0025,True
50,183,-0.31333333333333346,-0.5533333333333337,-0.07983333333333346,0.4735000000000002,True,0.0155,True
50,184,-0.3466666666666667,-0.5533333333333337,-0.15333333333333243,0.40000000000000124,True,0.0025,True
50,185,-0.3266666666666671,-0.5666666666666664,-0.086666666666666,0.4800000000000004,True,0.0105,True
50,186,-0.3733333333333335,-0.6335000000000005,-0.09983333333333434,0.5336666666666662,True,0.009,True
50,187,-0.38666666666666716,-0.5935000000000005,-0.17333333333333334,0.42016666666666713,True,0.001,True
50,188,-0.35333333333333306,-0.5933333333333337,-0.11333333333333329,0.4800000000000004,True,0.006,True
50,189,-0.6266666666666665,-0.8600000000000008,-0.3998333333333333,0.46016666666666745,True,0.0,True
50,190,-0.47333333333333405,-0.7399999999999993,-0.2266666666666661,0.5133333333333332,True,0.002,True
50,191,-0.3866666666666658,-0.6333333333333337,-0.15983333333333352,0.47350000000000025,True,0.0045,True
50,192,-0.3666666666666667,-0.586666666666666,-0.1466666666666665,0.4399999999999995,True,0.003,True
50,193,-0.48666666666666636,-0.7333333333333338,-0.2400000000000002,0.4933333333333336,True,0.0005,True
50,194,-0.5666666666666678,-0.8199999999999994,-0.33333333333333304,0.48666666666666636,True,0.0,True
50,195,-0.3733333333333331,-0.6333333333333333,-0.15333333333333288,0.4800000000000004,True,0.0045,True
50,196,-0.25333333333333297,-0.5066666666666668,2.2204460492381962e-17,0.5066666666666668,True,0.057,False
50,197,-0.41999999999999904,-0.6199999999999992,-0.21333333333333382,0.4066666666666654,True,0.0,True
50,198,-0.5133333333333336,-0.7399999999999993,-0.2933333333333339,0.44666666666666544,True,0.0,True
50,199,-0.546666666666666,-0.7866666666666666,-0.3266666666666671,0.4599999999999995,True,0.0,True
50,200,-0.47333333333333405,-0.7066666666666666,-0.25333333333333297,0.4533333333333336,True,0.0,True
50,201,-0.3666666666666667,-0.5866666666666678,-0.12666666666666693,0.46000000000000085,True,0.007,True
50,202,-0.4733333333333336,-0.7466666666666666,-0.19999999999999973,0.5466666666666669,True,0.001,True
50,203,-0.5199999999999996,-0.773333333333333,-0.27333333333333343,0.49999999999999956,True,0.0,True
50,204,-0.5200000000000005,-0.7533333333333334,-0.27333333333333343,0.48,True,0.0005,True
50,205,-0.45333333333333403,-0.6733333333333342,-0.2333333333333334,0.44000000000000083,True,0.0005,True
50,206,-0.379999999999999,-0.5733333333333341,-0.17999999999999972,0.3933333333333344,True,0.0005,True
50,207,-0.393333333333334,-0.6266666666666669,-0.1600000000000006,0.46666666666666634,True,0.0015,True
50,208,-0.48000000000000087,-0.7399999999999998,-0.23333333333333336,0.5066666666666664,True,0.0,True
50,209,-0.3333333333333335,-0.5935000000000005,-0.05316666666666709,0.5403333333333333,True,0.0145,True
50,210,-0.40000000000000036,-0.6133333333333337,-0.206666666666667,0.40666666666666673,True,0.0,True
50,211,-0.3533333333333335,-0.5933333333333342,-0.11316666666666711,0.4801666666666671,True,0.0045,True
50,212,-0.44666666666666677,-0.6933333333333338,-0.1800000000000006,0.5133333333333332,True,0.0015,True
50,213,-0.36666666666666714,-0.6001666666666668,-0.12666666666666693,0.4734999999999999,True,0.002,True
50,214,-0.4666666666666659,-0.7066666666666661,-0.19999999999999973,0.5066666666666664,True,0.001,True
50,215,-0.566666666666666,-0.793333333333333,-0.333166666666666,0.460166666666667,True,0.0,True
50,216,-0.27333333333333387,-0.5335,-0.013333333333333641,0.5201666666666663,True,0.053,False
50,217,-0.4733333333333336,-0.7066666666666666,-0.2400000000000002,0.46666666666666634,True,0.0005,True
50,218,-0.3799999999999999,-0.6533333333333329,-0.0733333333333337,0.5799999999999992,True,0.0095,True
50,219,-0.4000000000000008,-0.6601666666666665,-0.16000000000000014,0.5001666666666663,True,0.004,True
50,220,-0.3133333333333339,-0.5533333333333323,-0.08000000000000007,0.4733333333333323,True,0.0115,True
50,221,-0.28000000000000114,-0.48016666666666724,-0.086666666666666,0.39350000000000124,True,0.008,True
50,222,-0.4666666666666668,-0.7133333333333338,-0.2066666666666661,0.5066666666666677,True,0.0005,True
50,223,-0.4066666666666663,-0.6599999999999993,-0.15983333333333352,0.5001666666666658,True,0.004,True
50,224,-0.39999999999999947,-0.5933333333333337,-0.17333333333333378,0.41999999999999993,True,0.0005,True
50,225,-0.3733333333333331,-0.5933333333333328,-0.15333333333333418,0.4399999999999986,True,0.0,True
50,226,-0.5066666666666668,-0.7466666666666666,-0.25333333333333297,0.4933333333333336,True,0.0,True
50,227,-0.3533333333333326,-0.5868333333333337,-0.11333333333333327,0.47350000000000037,True,0.0045,True
50,228,-0.52,-0.7666666666666657,-0.2998333333333337,0.46683333333333205,True,0.0,True
50,229,-0.1933333333333338,-0.4468333333333336,0.06666666666666689,0.5135000000000005,True,0.1365,False
50,230,-0.2333333333333334,-0.48666666666666725,0.020000000000000462,0.5066666666666677,True,0.075,False
50,231,-0.5133333333333332,-0.7599999999999998,-0.25333333333333297,0.5066666666666668,True,0.0,True
50,232,-0.3600000000000012,-0.5999999999999996,-0.12666666666666693,0.4733333333333327,True,0.004,True
50,233,-0.40666666666666673,-0.6333333333333342,-0.16650000000000037,0.4668333333333338,True,0.0015,True
50,234,-0.40000000000000036,-0.6401666666666664,-0.15333333333333377,0.4868333333333327,True,0.002,True
50,235,-0.3599999999999999,-0.6201666666666673,-0.11983333333333307,0.5003333333333342,True,0.004,True
50,236,-0.3800000000000008,-0.6201666666666664,-0.1266666666666678,0.4934999999999986,True,0.006,True
50,237,-0.4066666666666672,-0.6266666666666665,-0.20000000000000018,0.4266666666666663,True,0.001,True
50,238,-0.3800000000000008,-0.6133333333333328,-0.17333333333333378,0.43999999999999906,True,0.0005,True
50,239,-0.32666666666666755,-0.5866666666666669,-0.05999999999999961,0.5266666666666673,True,0.014,True
50,240,-0.2466666666666666,-0.4800000000000004,0.0,0.4800000000000004,True,0.053,False
50,241,-0.41333333333333266,-0.6600000000000001,-0.16666666666666607,0.49333333333333407,True,0.0015,True
50,242,-0.43333333333333357,-0.6400000000000001,-0.22666666666666657,0.41333333333333355,True,0.0005,True
50,243,-0.40666666666666673,-0.6333333333333329,-0.1733333333333329,0.45999999999999996,True,0.001,True
50,244,-0.26666666666666705,-0.5535000000000004,0.020000000000000483,0.5735000000000009,True,0.062,False
50,245,-0.39999999999999947,-0.6135000000000005,-0.1733333333333329,0.4401666666666676,True,0.001,True
50,246,-0.49333333333333407,-0.6933333333333325,-0.30666666666666664,0.3866666666666658,True,0.0,True
50,247,-0.4200000000000004,-0.6466666666666665,-0.1733333333333329,0.4733333333333336,True,0.001,True
50,248,-0.3799999999999999,-0.5801666666666677,-0.17333333333333378,0.40683333333333394,True,0.0,True
50,249,-0.32666666666666666,-0.5333333333333337,-0.12000000000000054,0.4133333333333331,True,0.0015,True
50,250,-0.27999999999999936,-0.4666666666666668,-0.08666666666666689,0.3799999999999999,True,0.0105,True
50,251,-0.35999999999999943,-0.6400000000000001,-0.08666666666666645,0.5533333333333337,True,0.0165,True
50,252,-0.4866666666666668,-0.7400000000000002,-0.22000000000000064,0.5199999999999996,True,0.0005,True
50,253,-0.2666666666666666,-0.49999999999999956,-0.026666666666666394,0.47333333333333316,True,0.033,True
50,254,-0.45333333333333314,-0.7266666666666666,-0.18649999999999994,0.5401666666666667,True,0.002,True
50,255,-0.3533333333333335,-0.6066666666666665,-0.09333333333333282,0.5133333333333336,True,0.0075,True
50,256,-0.3599999999999999,-0.6133333333333328,-0.09999999999999964,0.5133333333333332,True,0.0065,True
50,257,-0.5200000000000009,-0.766666666666667,-0.28650000000000003,0.480166666666667,True,0.0,True
50,258,-0.2999999999999998,-0.5333333333333332,-0.07333333333333325,0.45999999999999996,True,0.0145,True
50,259,-0.2999999999999998,-0.5333333333333332,-0.06666666666666686,0.46666666666666634,True,0.016,True
50,260,-0.413333333333334,-0.6333333333333337,-0.1800000000000006,0.45333333333333314,True,0.0025,True
50,261,-0.3400000000000003,-0.5999999999999996,-0.08650000000000031,0.5134999999999993,True,0.0075,True
50,262,-0.32666666666666666,-0.5466666666666673,-0.10666666666666647,0.44000000000000083,True,0.006,True
50,263,-0.3999999999999999,-0.6066666666666678,-0.18666666666666742,0.4200000000000004,True,0.0005,True
50,264,-0.2466666666666657,-0.5133333333333332,0.013333333333333641,0.5266666666666668,True,0.058,False
50,265,-0.25333333333333385,-0.45999999999999996,-0.033333333333333215,0.42666666666666675,True,0.0225,True
50,266,-0.3733333333333335,-0.6266666666666669,-0.1200000000000001,0.5066666666666668,True,0.0055,True
50,267,-0.39333333333333353,-0.6468333333333337,-0.12666666666666734,0.5201666666666663,True,0.0035,True
50,268,-0.39333333333333265,-0.6533333333333333,-0.13316666666666627,0.5201666666666671,True,0.006,True
50,269,-0.5000000000000009,-0.7400000000000007,-0.2600000000000007,0.48,True,0.0,True
50,270,-0.5466666666666673,-0.7866666666666657,-0.313333333333333,0.4733333333333327,True,0.0,True
50,271,-0.35333333333333306,-0.5733333333333341,-0.11333333333333329,0.46000000000000085,True,0.003,True
50,272,-0.4466666666666663,-0.6799999999999997,-0.23333333333333428,0.44666666666666544,True,0.0005,True
50,273,-0.4333333333333327,-0.6599999999999993,-0.22000000000000064,0.4399999999999986,True,0.0,True
50,274,-0.38000000000000034,-0.6199999999999997,-0.15333333333333377,0.4666666666666659,True,0.0025,True
50,275,-0.4133333333333331,-0.6333333333333342,-0.19333333333333336,0.44000000000000083,True,0.001,True
50,276,-0.25333333333333385,-0.5266666666666664,0.026666666666666394,0.5533333333333328,True,0.0895,False
50,277,-0.5199999999999991,-0.7466666666666661,-0.293333333333333,0.45333333333333314,True,0.0,True
50,278,-0.4066666666666654,-0.6599999999999997,-0.1466666666666674,0.5133333333333323,True,0.0025,True
50,279,-0.26666666666666705,-0.49333333333333274,-0.03333333333333497,0.45999999999999774,True,0.0215,True
50,280,-0.4466666666666659,-0.6533333333333329,-0.2400000000000011,0.4133333333333318,True,0.0,True
50,281,-0.4533333333333336,-0.7201666666666674,-0.17316666666666805,0.5469999999999994,True,0.0015,True
50,282,-0.3200000000000003,-0.5600000000000005,-0.08000000000000006,0.4800000000000004,True,0.01,True
50,283,-0.35999999999999943,-0.5466666666666673,-0.1800000000000006,0.3666666666666667,True,0.0005,True
50,284,-0.4866666666666668,-0.7333333333333334,-0.24650000000000086,0.48683333333333256,True,0.001,True
50,285,-0.6800000000000002,-0.9133333333333336,-0.4665000000000006,0.44683333333333297,False,0.0,True
50,286,-0.5733333333333337,-0.8200000000000007,-0.3266666666666671,0.4933333333333336,True,0.0,True
50,287,-0.33333333333333304,-0.6000000000000001,-0.08649999999999942,0.5135000000000006,True,0.015,True
50,288,-0.31333333333333346,-0.586666666666666,-0.046666666666666856,0.5399999999999991,True,0.034,True
50,289,-0.4866666666666677,-0.7333333333333338,-0.246666666666667,0.4866666666666668,True,0.0,True
50,290,-0.30666666666666664,-0.5600000000000005,-0.046666666666667724,0.5133333333333328,True,0.023,True
50,291,-0.24000000000000066,-0.4533333333333327,-0.02000000000000133,0.43333333333333135,True,0.0395,True
50,292,-0.4133333333333331,-0.6866666666666665,-0.12666666666666604,0.5600000000000005,True,0.0075,True
50,293,-0.5333333333333332,-0.766666666666667,-0.3000000000000007,0.46666666666666634,True,0.0,True
50,294,-0.4000000000000008,-0.6200000000000001,-0.15333333333333332,0.4666666666666668,True,0.002,True
50,295,-0.34666666666666623,-0.5799999999999996,-0.09333333333333368,0.4866666666666659,True,0.008,True
50,296,-0.4000000000000008,-0.6266666666666669,-0.17999999999999972,0.4466666666666672,True,0.001,True
50,297,-0.39333333333333265,-0.6066666666666669,-0.18666666666666654,0.4200000000000004,True,0.001,True
50,298,-0.56,-0.780166666666667,-0.3333333333333335,0.4468333333333335,True,0.0,True
50,299,-0.47333333333333405,-0.6801666666666674,-0.25333333333333385,0.4268333333333335,True,0.0,True
50,300,-0.4466666666666672,-0.7199999999999998,-0.18000000000000016,0.5399999999999996,True,0.003,True
50,301,-0.21333333333333382,-0.45333333333333314,0.03333333333333233,0.48666666666666547,True,0.0805,False
50,302,-0.37333333333333396,-0.6200000000000006,-0.1333333333333333,0.48666666666666725,True,0.004,True
50,303,-0.5933333333333328,-0.8333333333333339,-0.3466666666666667,0.48666666666666725,True,0.0,True
50,304,-0.44000000000000083,-0.6866666666666665,-0.18666666666666698,0.49999999999999956,True,0.001,True
50,305,-0.3400000000000003,-0.5735000000000005,-0.12633333333333455,0.44716666666666594,True,0.007,True
50,306,-0.5000000000000004,-0.7133333333333334,-0.30666666666666664,0.40666666666666673,True,0.0,True
50,307,-0.5733333333333333,-0.8133333333333335,-0.33999999999999897,0.4733333333333345,True,0.0,True
50,308,-0.45999999999999996,-0.6999999999999993,-0.2065000000000004,0.4934999999999989,True,0.0015,True
50,309,-0.5266666666666673,-0.7666666666666675,-0.2864999999999996,0.4801666666666679,True,0.0,True
50,310,-0.4666666666666659,-0.7400000000000002,-0.1866666666666661,0.5533333333333341,True,0.002,True
50,311,-0.2666666666666666,-0.47999999999999954,-0.05333333333333368,0.42666666666666586,True,0.022,True
50,312,-0.4199999999999995,-0.6601666666666673,-0.16000000000000056,0.5001666666666668,True,0.0015,True
50,313,-0.4400000000000004,-0.6800000000000002,-0.206666666666667,0.47333333333333316,True,0.0005,True
50,314,-0.33333333333333304,-0.5666666666666678,-0.09999999999999963,0.4666666666666681,True,0.011,True
50,315,-0.4600000000000004,-0.7266666666666666,-0.18666666666666742,0.5399999999999991,True,0.002,True
50,316,-0.5466666666666673,-0.7599999999999998,-0.3533333333333335,0.4066666666666663,True,0.0,True
50,317,-0.5466666666666673,-0.7735000000000006,-0.30666666666666664,0.466833333333334,True,0.0,True
50,318,-0.48666666666666636,-0.726666666666667,-0.2531666666666672,0.4734999999999998,True,0.001,True
50,319,-0.4666666666666668,-0.7133333333333338,-0.21983333333333357,0.49350000000000027,True,0.0005,True
50,320,-0.5533333333333337,-0.8133333333333335,-0.29316666666666685,0.5201666666666667,True,0.0005,True
50,321,-0.44000000000000083,-0.6666666666666661,-0.1933333333333338,0.4733333333333323,True,0.0015,True
50,322,-0.4200000000000008,-0.6733333333333329,-0.16666666666666607,0.5066666666666668,True,0.002,True
50,323,-0.3466666666666667,-0.5933333333333328,-0.11999999999999922,0.4733333333333336,True,0.0055,True
50,324,-0.5066666666666673,-0.7266666666666675,-0.2666666666666666,0.46000000000000085,True,0.0005,True
50,325,-0.44666666666666677,-0.6266666666666674,-0.27333333333333343,0.35333333333333394,True,0.0,True
50,326,-0.2799999999999989,-0.4933333333333336,-0.06000000000000004,0.43333333333333357,True,0.01,True
50,327,-0.28000000000000025,-0.5266666666666668,-0.04000000000000002,0.4866666666666668,True,0.028,True
50,328,-0.5066666666666677,-0.7535000000000002,-0.2799999999999998,0.47350000000000037,True,0.0005,True
50,329,-0.35333333333333306,-0.6066666666666674,-0.11316666666666755,0.4934999999999998,True,0.0105,True
50,330,-0.36666666666666625,-0.6199999999999997,-0.1198333333333335,0.5001666666666662,True,0.0095,True
50,331,-0.25333333333333297,-0.5066666666666664,0.019999999999999574,0.526666666666666,True,0.0695,False
50,332,-0.4133333333333331,-0.646666666666667,-0.18000000000000016,0.4666666666666668,True,0.001,True
50,333,-0.3733333333333335,-0.5933333333333337,-0.13333333333333375,0.45999999999999996,True,0.004,True
50,334,-0.41333333333333444,-0.6333333333333337,-0.18666666666666698,0.44666666666666677,True,0.0005,True
50,335,-0.41999999999999993,-0.6133333333333328,-0.23999999999999977,0.3733333333333331,True,0.0005,True
50,336,-0.3266666666666662,-0.5466666666666664,-0.12649999999999945,0.42016666666666697,True,0.005,True
50,337,-0.4800000000000004,-0.7333333333333338,-0.21333333333333382,0.52,True,0.001,True
50,338,-0.25333333333333297,-0.5266666666666664,0.006666666666666388,0.5333333333333328,True,0.059,False
50,339,-0.5200000000000005,-0.8066666666666666,-0.2665,0.5401666666666667,True,0.0,True
50,340,-0.293333333333333,-0.5400000000000009,-0.05333333333333279,0.48666666666666814,True,0.0225,True
50,341,-0.41333333333333355,-0.6333333333333329,-0.20000000000000018,0.4333333333333327,True,0.0,True
50,342,-0.37999999999999856,-0.6333333333333337,-0.11333333333333416,0.5199999999999996,True,0.009,True
50,343,-0.38666666666666716,-0.626666666666666,-0.14000000000000057,0.48666666666666547,True,0.0025,True
50,344,-0.40666666666666673,-0.6733333333333333,-0.14666666666666694,0.5266666666666664,True,0.0035,True
50,345,-0.413333333333334,-0.6266666666666669,-0.21999999999999975,0.4066666666666672,True,0.0,True
50,346,-0.4133333333333331,-0.6733333333333333,-0.1666666666666674,0.5066666666666659,True,0.004,True
50,347,-0.28000000000000025,-0.5000000000000004,-0.05316666666666706,0.44683333333333336,True,0.0305,True
50,348,-0.3400000000000012,-0.6066666666666665,-0.07333333333333411,0.5333333333333323,True,0.014,True
50,349,-0.17999999999999972,-0.4000000000000008,0.046666666666666426,0.4466666666666672,False,0.129,False
50,350,-0.433333333333334,-0.6599999999999997,-0.2133333333333329,0.44666666666666677,True,0.0,True
50,351,-0.40666666666666584,-0.6266666666666665,-0.20000000000000062,0.42666666666666586,True,0.0005,True
50,352,-0.3666666666666667,-0.5935000000000005,-0.13333333333333283,0.4601666666666676,True,0.0025,True
50,353,-0.5666666666666673,-0.8133333333333339,-0.3200000000000003,0.4933333333333336,True,0.0,True
50,354,-0.5466666666666669,-0.7600000000000007,-0.33999999999999986,0.4200000000000008,True,0.0,True
50,355,-0.3733333333333335,-0.6200000000000001,-0.13983333333333398,0.48016666666666613,True,0.002,True
50,356,-0.49999999999999956,-0.733333333333333,-0.2666666666666666,0.46666666666666634,True,0.0,True
50,357,-0.44666666666666677,-0.7001666666666674,-0.19333333333333425,0.5068333333333331,True,0.0005,True
50,358,-0.4866666666666668,-0.7466666666666661,-0.2200000000000002,0.526666666666666,True,0.0,True
50,359,-0.36666666666666714,-0.6000000000000005,-0.1266666666666669,0.4733333333333336,True,0.0055,True
50,360,-0.4466666666666672,-0.6800000000000006,-0.18666666666666742,0.4933333333333332,True,0.0015,True
50,361,-0.3533333333333335,-0.5733333333333337,-0.12650000000000033,0.44683333333333336,True,0.003,True
50,362,-0.5400000000000014,-0.7866666666666662,-0.2866666666666662,0.5,True,0.0,True
50,363,-0.5200000000000009,-0.7799999999999998,-0.2599999999999998,0.52,True,0.0005,True
50,364,-0.3599999999999999,-0.5933333333333328,-0.15333333333333332,0.4399999999999995,True,0.002,True
50,365,-0.4866666666666668,-0.7000000000000002,-0.2799999999999998,0.4200000000000004,True,0.0,True
50,366,-0.4599999999999995,-0.706666666666667,-0.21333333333333382,0.4933333333333332,True,0.0,True
50,367,-0.48666666666666725,-0.7468333333333342,-0.24000000000000019,0.506833333333334,True,0.0005,True
50,368,-0.37333333333333263,-0.6266666666666669,-0.10666666666666647,0.5200000000000005,True,0.007,True
50,369,-0.41333333333333355,-0.6868333333333325,-0.12666666666666693,0.5601666666666656,True,0.0115,True
50,370,-0.32666666666666666,-0.5866666666666664,-0.07333333333333325,0.5133333333333332,True,0.0205,True
50,371,-0.49333333333333407,-0.7533333333333317,-0.23333333333333336,0.5199999999999984,True,0.0,True
50,372,-0.3799999999999999,-0.6466666666666665,-0.12000000000000097,0.5266666666666655,True,0.005,True
50,373,-0.3000000000000007,-0.5399999999999996,-0.06666666666666686,0.4733333333333327,True,0.019,True
50,374,-0.6199999999999997,-0.8401666666666671,-0.39983333333333415,0.4403333333333329,True,0.0,True
50,375,-0.25333333333333297,-0.46666666666666634,-0.040000000000000015,0.4266666666666663,True,0.0335,True
50,376,-0.2999999999999994,-0.5399999999999996,-0.05983333333333345,0.48016666666666613,True,0.017,True
50,377,-0.23999999999999977,-0.5133333333333328,0.006666666666666843,0.5199999999999996,True,0.079,False
50,378,-0.4666666666666668,-0.7199999999999998,-0.20666666666666697,0.5133333333333328,True,0.001,True
50,379,-0.413333333333334,-0.660000000000001,-0.17333333333333334,0.4866666666666677,True,0.0005,True
50,380,-0.4333333333333327,-0.6868333333333333,-0.1733333333333329,0.5135000000000004,True,0.001,True
50,381,-0.39333333333333353,-0.6133333333333328,-0.1800000000000006,0.43333333333333224,True,0.0015,True
50,382,-0.44666666666666766,-0.6933333333333338,-0.21333333333333293,0.48000000000000087,True,0.0005,True
50,383,-0.29333333333333345,-0.5535000000000004,-0.046666666666666815,0.5068333333333336,True,0.027,True
50,384,-0.44000000000000083,-0.6800000000000006,-0.20666666666666655,0.47333333333333405,True,0.0,True
50,385,-0.38000000000000034,-0.6266666666666665,-0.14666666666666694,0.47999999999999954,True,0.0025,True
50,386,-0.3866666666666667,-0.6000000000000005,-0.17999999999999972,0.4200000000000008,True,0.0,True
50,387,-0.37333333333333263,-0.6333333333333337,-0.12666666666666737,0.5066666666666664,True,0.008,True
50,388,-0.3600000000000003,-0.6201666666666673,-0.12000000000000009,0.5001666666666672,True,0.0085,True
50,389,-0.566666666666666,-0.7933333333333334,-0.36000000000000076,0.4333333333333327,True,0.0,True
50,390,-0.4533333333333336,-0.6733333333333333,-0.2466666666666666,0.42666666666666675,True,0.0,True
50,391,-0.4400000000000004,-0.6799999999999997,-0.1933333333333329,0.4866666666666668,True,0.0,True
50,392,-0.28000000000000025,-0.5133333333333328,-0.033333333333333215,0.47999999999999954,True,0.0285,True
50,393,-0.4266666666666663,-0.646666666666667,-0.206666666666667,0.43999999999999995,True,0.0,True
50,394,-0.5066666666666668,-0.746666666666667,-0.2731666666666673,0.47349999999999975,True,0.0,True
50,395,-0.45333333333333403,-0.7066666666666657,-0.22666666666666568,0.48,True,0.0005,True
50,396,-0.42666666666666675,-0.6599999999999988,-0.20000000000000018,0.45999999999999863,True,0.002,True
50,397,-0.4666666666666668,-0.7333333333333338,-0.19999999999999973,0.5333333333333341,True,0.0015,True
50,398,-0.36000000000000076,-0.6066666666666665,-0.11333333333333329,0.4933333333333332,True,0.007,True
50,399,-0.3066666666666671,-0.5599999999999992,-0.03333333333333409,0.5266666666666651,True,0.0285,True
50,400,-0.41333333333333444,-0.6133333333333342,-0.19333333333333336,0.4200000000000008,True,0.0005,True
50,401,-0.4266666666666663,-0.6200000000000001,-0.23316666666666677,0.38683333333333336,True,0.0,True
50,402,-0.3733333333333335,-0.6133333333333333,-0.1133333333333324,0.5000000000000009,True,0.004,True
50,403,-0.19999999999999973,-0.43333333333333357,0.03999999999999915,0.4733333333333327,True,0.088,False
50,404,-0.3999999999999999,-0.6266666666666665,-0.18649999999999994,0.44016666666666654,True,0.001,True
50,405,-0.3933333333333331,-0.6133333333333324,-0.17999999999999972,0.4333333333333327,True,0.0005,True
50,406,-0.4000000000000008,-0.6466666666666656,-0.1599999999999997,0.4866666666666659,True,0.005,True
50,407,-0.3800000000000008,-0.5933333333333328,-0.1733333333333329,0.41999999999999993,True,0.004,True
50,408,-0.38666666666666716,-0.6266666666666665,-0.13999999999999968,0.4866666666666668,True,0.003,True
50,409,-0.33999999999999986,-0.5866666666666669,-0.08666666666666689,0.5,True,0.009,True
50,410,-0.33333333333333304,-0.5666666666666669,-0.07333333333333411,0.49333333333333274,True,0.0115,True
50,411,-0.3266666666666662,-0.5335000000000004,-0.10666666666666602,0.4268333333333344,True,0.008,True
50,412,-0.5733333333333333,-0.8266666666666667,-0.3400000000000003,0.48666666666666636,True,0.0,True
50,413,-0.4066666666666672,-0.6201666666666669,-0.20000000000000107,0.4201666666666658,True,0.0005,True
50,414,-0.3799999999999999,-0.6066666666666669,-0.1466666666666665,0.4600000000000004,True,0.0025,True
50,415,-0.313333333333333,-0.5533333333333341,-0.09333333333333457,0.4599999999999995,True,0.0035,True
50,416,-0.5400000000000009,-0.793333333333333,-0.28666666666666707,0.5066666666666659,True,0.0005,True
50,417,-0.37999999999999945,-0.5666666666666669,-0.17333333333333378,0.3933333333333331,True,0.001,True
50,418,-0.4333333333333327,-0.6733333333333329,-0.21333333333333382,0.4599999999999991,True,0.0005,True
50,419,-0.3399999999999994,-0.5666666666666664,-0.10000000000000096,0.46666666666666545,True,0.0115,True
50,420,-0.4399999999999995,-0.6400000000000001,-0.2333333333333334,0.40666666666666673,True,0.0,True
50,421,-0.359999999999999,-0.5800000000000005,-0.1466666666666674,0.4333333333333331,True,0.0015,True
50,422,-0.3333333333333335,-0.5800000000000001,-0.08666666666666686,0.4933333333333332,True,0.0125,True
50,423,-0.5066666666666673,-0.7533333333333339,-0.2600000000000007,0.4933333333333332,True,0.0,True
50,424,-0.4600000000000013,-0.7135000000000006,-0.1800000000000006,0.5335,True,0.003,True
50,425,-0.42666666666666675,-0.6801666666666674,-0.16666666666666696,0.5135000000000004,True,0.003,True
50,426,-0.47333333333333405,-0.7133333333333334,-0.24666666666666703,0.46666666666666634,True,0.0,True
50,427,-0.35333333333333306,-0.5733333333333328,-0.13333333333333375,0.43999999999999906,True,0.0005,True
50,428,-0.26666666666666705,-0.5200000000000005,-0.0066666666666663765,0.5133333333333341,True,0.0515,False
50,429,-0.1800000000000006,-0.413333333333334,0.060000000000000955,0.47333333333333494,True,0.1665,False
50,430,-0.38666666666666627,-0.5800000000000005,-0.1933333333333338,0.3866666666666667,True,0.001,True
50,431,-0.45333333333333226,-0.7133333333333338,-0.1731666666666672,0.5401666666666667,True,0.0005,True
50,432,-0.6200000000000006,-0.8666666666666671,-0.36000000000000076,0.5066666666666664,True,0.0,True
50,433,-0.3600000000000003,-0.6000000000000001,-0.10666666666666733,0.49333333333333274,True,0.0075,True
50,434,-0.46666666666666723,-0.7001666666666674,-0.22666666666666657,0.4735000000000008,True,0.0,True
50,435,-0.3733333333333322,-0.6068333333333341,-0.11333333333333329,0.4935000000000008,True,0.008,True
50,436,-0.43333333333333357,-0.7000000000000002,-0.19316666666666762,0.5068333333333326,True,0.0015,True
50,437,-0.4600000000000004,-0.7066666666666666,-0.20000000000000018,0.5066666666666664,True,0.0015,True
50,438,-0.3000000000000007,-0.48666666666666725,-0.0933333333333328,0.3933333333333344,True,0.0065,True
50,439,-0.5600000000000005,-0.8068333333333347,-0.3200000000000003,0.48683333333333445,True,0.0,True
50,440,-0.23333333333333295,-0.46666666666666634,8.881784197001252e-16,0.46666666666666723,True,0.061,False
50,441,-0.2999999999999998,-0.5600000000000005,-0.033333333333333215,0.5266666666666673,True,0.032,True
50,442,-0.4533333333333336,-0.6933333333333334,-0.2131666666666659,0.48016666666666746,True,0.0005,True
50,443,-0.43999999999999906,-0.7066666666666661,-0.1800000000000006,0.5266666666666655,True,0.0015,True
50,444,-0.47333333333333405,-0.6999999999999993,-0.2599999999999998,0.4399999999999995,True,0.0,True
50,445,-0.46666666666666545,-0.6933333333333342,-0.23999999999999977,0.4533333333333345,True,0.0,True
50,446,-0.4200000000000004,-0.6866666666666665,-0.15999999999999923,0.5266666666666673,True,0.005,True
50,447,-0.4800000000000004,-0.7133333333333329,-0.2466666666666666,0.46666666666666634,True,0.0005,True
50,448,-0.4200000000000004,-0.6333333333333337,-0.18649999999999994,0.4468333333333338,True,0.0005,True
50,449,-0.4266666666666663,-0.7001666666666665,-0.14650000000000035,0.5536666666666661,True,0.0055,True
50,450,-0.4466666666666659,-0.7133333333333334,-0.19333333333333336,0.52,True,0.002,True
50,451,-0.4933333333333336,-0.7333333333333321,-0.2599999999999998,0.4733333333333323,True,0.0,True
50,452,-0.4599999999999991,-0.7200000000000006,-0.21333333333333337,0.5066666666666673,True,0.0005,True
50,453,-0.4400000000000004,-0.6600000000000001,-0.22666666666666613,0.433333333333334,True,0.0,True
50,454,-0.5200000000000005,-0.7666666666666675,-0.2733333333333343,0.4933333333333332,True,0.0,True
50,455,-0.4533333333333336,-0.6933333333333334,-0.22000000000000064,0.4733333333333327,True,0.0,True
50,456,-0.37333333333333263,-0.6333333333333333,-0.12666666666666693,0.5066666666666664,True,0.0025,True
50,457,-0.3733333333333335,-0.6266666666666665,-0.11333333333333372,0.5133333333333328,True,0.0025,True
50,458,-0.43333333333333357,-0.6800000000000002,-0.19333333333333336,0.4866666666666668,True,0.001,True
50,459,-0.36666666666666714,-0.5801666666666673,-0.13333333333333375,0.4468333333333335,True,0.002,True
50,460,-0.46666666666666723,-0.6999999999999997,-0.22666666666666657,0.47333333333333316,True,0.0005,True
50,461,-0.38666666666666627,-0.6666666666666661,-0.12666666666666648,0.5399999999999996,True,0.005,True
50,462,-0.3799999999999999,-0.6135000000000009,-0.16000000000000014,0.4535000000000008,True,0.0015,True
50,463,-0.2333333333333334,-0.47999999999999954,0.03333333333333235,0.5133333333333319,True,0.092,False
50,464,-0.5399999999999987,-0.7735000000000002,-0.3133333333333339,0.4601666666666663,True,0.0,True
50,465,-0.6400000000000015,-0.8466666666666667,-0.42666666666666764,0.41999999999999904,False,0.0,True
50,466,-0.49333333333333407,-0.7533333333333339,-0.23983333333333318,0.5135000000000007,True,0.0005,True
50,467,-0.3400000000000012,-0.5600000000000005,-0.12666666666666693,0.43333333333333357,True,0.0055,True
50,468,-0.5733333333333333,-0.8066666666666662,-0.3400000000000003,0.4666666666666659,True,0.0,True
50,469,-0.3999999999999999,-0.6399999999999992,-0.16000000000000011,0.4799999999999991,True,0.0,True
50,470,-0.5000000000000004,-0.733333333333333,-0.26650000000000046,0.4668333333333325,True,0.0,True
50,471,-0.43999999999999995,-0.7068333333333338,-0.21333333333333382,0.49349999999999994,True,0.001,True
50,472,-0.4666666666666677,-0.7000000000000002,-0.22666666666666657,0.4733333333333336,True,0.0005,True
50,473,-0.38666666666666627,-0.6399999999999992,-0.13316666666666713,0.5068333333333321,True,0.0055,True
50,474,-0.26666666666666705,-0.48,-0.07333333333333279,0.4066666666666672,True,0.0125,True
50,475,-0.4266666666666663,-0.6599999999999984,-0.1933333333333338,0.46666666666666456,True,0.0005,True
50,476,-0.5733333333333328,-0.8199999999999998,-0.3265000000000009,0.49349999999999894,True,0.0,True
50,477,-0.4733333333333336,-0.7133333333333334,-0.22666666666666788,0.48666666666666547,True,0.0,True
50,478,-0.4066666666666663,-0.6666666666666665,-0.14666666666666694,0.5199999999999996,True,0.004,True
50,479,-0.3066666666666662,-0.54,-0.06666666666666642,0.4733333333333336,True,0.009,True
50,480,-0.38666666666666716,-0.6133333333333328,-0.1533333333333342,0.45999999999999863,True,0.001,True
50,481,-0.43333333333333357,-0.6535000000000005,-0.21333333333333382,0.4401666666666667,True,0.0005,True
50,482,-0.3999999999999999,-0.6266666666666665,-0.1999999999999993,0.4266666666666672,True,0.0005,True
50,483,-0.4133333333333331,-0.6400000000000001,-0.19333333333333336,0.44666666666666677,True,0.001,True
50,484,-0.5333333333333332,-0.726666666666667,-0.3400000000000012,0.3866666666666658,True,0.0,True
50,485,-0.3733333333333335,-0.6200000000000006,-0.1200000000000001,0.5000000000000004,True,0.008,True
50,486,-0.413333333333334,-0.660000000000001,-0.1533333333333342,0.5066666666666668,True,0.0025,True
50,487,-0.313333333333333,-0.5333333333333341,-0.1200000000000001,0.413333333333334,True,0.004,True
50,488,-0.4733333333333327,-0.6800000000000006,-0.2599999999999998,0.4200000000000008,True,0.0,True
50,489,-0.4400000000000004,-0.6466666666666665,-0.22666666666666657,0.41999999999999993,True,0.0,True
50,490,-0.3066666666666671,-0.5733333333333328,-0.040000000000000036,0.5333333333333328,True,0.0225,True
50,491,-0.3600000000000003,-0.6000000000000005,-0.11999999999999966,0.48000000000000087,True,0.0035,True
50,492,-0.3333333333333335,-0.5801666666666668,-0.086666666666666,0.4935000000000008,True,0.007,True
50,493,-0.35333333333333394,-0.6068333333333337,-0.10666666666666647,0.5001666666666672,True,0.011,True
50,494,-0.32000000000000073,-0.5733333333333341,-0.05333333333333323,0.5200000000000009,True,0.021,True
50,495,-0.4466666666666672,-0.6800000000000002,-0.2200000000000002,0.45999999999999996,True,0.0005,True
50,496,-0.5,-0.733333333333333,-0.25983333333333364,0.4734999999999993,True,0.0,True
50,497,-0.3266666666666671,-0.5533333333333328,-0.11333333333333284,0.43999999999999995,True,0.0055,True
50,498,-0.5666666666666664,-0.8000000000000007,-0.34650000000000053,0.4535000000000002,True,0.0,True
50,499,-0.26000000000000023,-0.5068333333333336,-0.020000000000000462,0.4868333333333331,True,0.04,True
100,0,-0.41333333333333444,-0.5833333333333339,-0.2500000000000009,0.33333333333333304,True,0.0,True
100,1,-0.413333333333334,-0.5899999999999999,-0.24333333333333404,0.3466666666666658,True,0.0,True
100,2,-0.41333333333333444,-0.589999999999999,-0.2499166666666663,0.3400833333333327,True,0.0,True
100,3,-0.4133333333333331,-0.5900000000000003,-0.24658333333333332,0.343416666666667,True,0.0,True
100,4,-0.4133333333333331,-0.5834166666666671,-0.25325000000000014,0.330166666666667,True,0.0,True
100,5,-0.4133333333333331,-0.5833333333333335,-0.24333333333333407,0.3399999999999994,True,0.0,True
100,6,-0.4133333333333331,-0.5800000000000005,-0.24333333333333362,0.3366666666666669,True,0.0,True
100,7,-0.4133333333333331,-0.5933333333333342,-0.2466666666666666,0.34666666666666757,True,0.0,True
100,8,-0.41333333333333355,-0.5766666666666667,-0.2400000000000011,0.33666666666666556,True,0.0,True
100,9,-0.4133333333333331,-0.5833333333333344,-0.25666666666666593,0.32666666666666844,True,0.0,True
100,10,-0.4133333333333331,-0.5800000000000005,-0.23333333333333425,0.34666666666666623,True,0.0,True
100,11,-0.413333333333334,-0.583333333333333,-0.23991666666666733,0.3434166666666657,True,0.0,True
100,12,-0.4133333333333331,-0.5834166666666679,-0.24324999999999988,0.34016666666666806,True,0.0,True
100,13,-0.4133333333333331,-0.5833333333333335,-0.24658333333333285,0.33675000000000066,True,0.0,True
100,14,-0.41333333333333355,-0.5766666666666671,-0.2399166666666669,0.3367500000000002,True,0.0,True
100,15,-0.41333333333333355,-0.5834166666666675,-0.24991666666666626,0.33350000000000124,True,0.0,True
100,16,-0.4133333333333331,-0.586666666666666,-0.2466666666666666,0.3399999999999994,True,0.0,True
100,17,-0.41333333333333355,-0.5799999999999996,-0.24333333333333362,0.336666666666666,True,0.0,True
100,18,-0.4133333333333331,-0.5833333333333339,-0.24333333333333274,0.3400000000000012,True,0.0,True
100,19,-0.4133333333333331,-0.5734166666666668,-0.2499166666666667,0.3235000000000001,True,0.0,True
100,20,-0.41333333333333444,-0.5800833333333333,-0.24658333333333288,0.3335000000000004,True,0.0,True
100,21,-0.413333333333334,-0.5900000000000003,-0.24324999999999947,0.34675000000000084,True,0.0,True
100,22,-0.4133333333333331,-0.5800833333333324,-0.24333333333333362,0.3367499999999988,True,0.0,True
100,23,-0.41333333333333355,-0.5834166666666679,-0.2466666666666679,0.33675,True,0.0,True
100,24,-0.41333333333333444,-0.5800000000000001,-0.22999999999999998,0.3500000000000001,True,0.0,True
100,25,-0.4133333333333331,-0.5833333333333326,-0.24324999999999988,0.34008333333333274,True,0.0,True
100,26,-0.41333333333333444,-0.5800833333333337,-0.2432500000000003,0.33683333333333343,True,0.0,True
100,27,-0.4133333333333322,-0.5866666666666656,-0.24658333333333327,0.3400833333333323,True,0.0,True
100,28,-0.41333333333333355,-0.586666666666666,-0.24666666666666703,0.33999999999999897,True,0.0,True
100,29,-0.4133333333333322,-0.5866666666666673,-0.24324999999999947,0.34341666666666787,True,0.0005,True
100,30,-0.4133333333333322,-0.5933333333333333,-0.24666666666666615,0.3466666666666671,True,0.0,True
100,31,-0.4133333333333322,-0.5834166666666667,-0.24666666666666703,0.33674999999999966,True,0.0,True
100,32,-0.41333333333333355,-0.5799999999999987,-0.24666666666666615,0.3333333333333326,True,0.0,True
100,33,-0.4133333333333331,-0.5800000000000005,-0.2366666666666659,0.3433333333333346,True,0.0,True
100,34,-0.41333333333333444,-0.5799999999999996,-0.24666666666666615,0.3333333333333335,True,0.0,True
100,35,-0.413333333333334,-0.5866666666666664,-0.23999999999999974,0.3466666666666667,True,0.0,True
100,36,-0.4133333333333331,-0.5866666666666669,-0.2366666666666668,0.3500000000000001,True,0.0,True
100,37,-0.4133333333333322,-0.5799999999999996,-0.23991666666666647,0.3400833333333332,True,0.0,True
100,38,-0.413333333333334,-0.589999999999999,-0.2465833333333333,0.3434166666666657,True,0.0,True
100,39,-0.41333333333333355,-0.586666666666666,-0.24666666666666703,0.33999999999999897,True,0.0,True
100,40,-0.4133333333333331,-0.5833333333333335,-0.2433333333333323,0.3400000000000012,True,0.0,True
100,41,-0.41333333333333355,-0.5767500000000007,-0.24666666666666703,0.3300833333333336,True,0.0,True
100,42,-0.4133333333333331,-0.5800833333333354,-0.24325000000000033,0.3368333333333351,True,0.0,True
100,43,-0.41333333333333355,-0.586666666666666,-0.2533333333333334,0.3333333333333326,True,0.0,True
100,44,-0.413333333333334,-0.5833333333333339,-0.2499999999999991,0.3333333333333348,True,0.0,True
100,45,-0.4133333333333331,-0.5833333333333339,-0.24666666666666615,0.3366666666666678,True,0.0,True
100,46,-0.41333333333333355,-0.5866666666666669,-0.23991666666666606,0.34675000000000084,True,0.0,True
100,47,-0.4133333333333331,-0.5766666666666671,-0.2399166666666669,0.3367500000000002,True,0.0,True
100,48,-0.413333333333334,-0.5833333333333335,-0.2366666666666668,0.3466666666666667,True,0.0,True
100,49,-0.41333333333333444,-0.5900000000000003,-0.24333333333333274,0.34666666666666757,True,0.0,True
100,50,-0.4133333333333331,-0.5766666666666667,-0.24666666666666703,0.3299999999999996,True,0.0,True
100,51,-0.413333333333334,-0.5767500000000007,-0.25,0.32675000000000065,True,0.0,True
100,52,-0.4133333333333331,-0.5800000000000005,-0.24333333333333274,0.3366666666666678,True,0.0,True
100,53,-0.41333333333333355,-0.5867499999999997,-0.24666666666666703,0.3400833333333326,True,0.0,True
100,54,-0.41333333333333355,-0.583333333333333,-0.24666666666666703,0.336666666666666,True,0.0,True
100,55,-0.41333333333333355,-0.5866666666666669,-0.24991666666666715,0.33674999999999977,True,0.0,True
100,56,-0.41333333333333355,-0.5833333333333339,-0.2465833333333333,0.33675000000000066,True,0.0,True
100,57,-0.4133333333333331,-0.5766666666666671,-0.2400000000000002,0.3366666666666669,True,0.0,True
100,58,-0.4133333333333331,-0.5833333333333321,-0.24999999999999956,0.3333333333333326,True,0.0,True
100,59,-0.4133333333333322,-0.5833333333333339,-0.2366666666666677,0.34666666666666623,True,0.0,True
100,60,-0.4133333333333331,-0.5733333333333328,-0.2400000000000002,0.3333333333333326,True,0.0,True
100,61,-0.4133333333333331,-0.5866666666666664,-0.24666666666666703,0.3399999999999994,True,0.0,True
100,62,-0.4133333333333322,-0.5900833333333343,-0.2500000000000009,0.3400833333333334,True,0.0,True
100,63,-0.41333333333333355,-0.583416666666667,-0.24666666666666748,0.33674999999999955,True,0.0,True
100,64,-0.41333333333333355,-0.5800000000000018,-0.24666666666666703,0.3333333333333348,True,0.0,True
100,65,-0.413333333333334,-0.5800833333333341,-0.2465833333333333,0.3335000000000008,True,0.0,True
100,66,-0.4133333333333331,-0.5833333333333335,-0.25000000000000044,0.33333333333333304,True,0.0,True
100,67,-0.413333333333334,-0.5933333333333333,-0.2433333333333345,0.34999999999999876,True,0.0,True
100,68,-0.413333333333334,-0.5800833333333341,-0.24324999999999988,0.3368333333333342,True,0.0,True
100,69,-0.4133333333333322,-0.5834166666666671,-0.24000000000000019,0.3434166666666669,True,0.0,True
100,70,-0.4133333333333331,-0.5900000000000003,-0.2466666666666666,0.3433333333333337,True,0.0,True
100,71,-0.4133333333333331,-0.5866666666666664,-0.23999999999999932,0.3466666666666671,True,0.0,True
100,72,-0.4133333333333331,-0.5866666666666673,-0.24333333333333362,0.3433333333333337,True,0.0,True
100,73,-0.41333333333333355,-0.5767500000000008,-0.2533333333333334,0.32341666666666735,True,0.0,True
100,74,-0.4133333333333331,-0.5800000000000005,-0.24666666666666748,0.33333333333333304,True,0.0,True
100,75,-0.4133333333333331,-0.5800833333333341,-0.23658333333333392,0.34350000000000014,True,0.0,True
100,76,-0.4133333333333331,-0.5833333333333339,-0.2432499999999999,0.340083333333334,True,0.0,True
100,77,-0.413333333333334,-0.583333333333333,-0.2400000000000002,0.3433333333333328,True,0.0,True
100,78,-0.4133333333333322,-0.5866666666666669,-0.24666666666666792,0.33999999999999897,True,0.0,True
100,79,-0.4133333333333322,-0.586666666666666,-0.23000000000000043,0.3566666666666656,True,0.0,True
100,80,-0.4133333333333331,-0.5733333333333341,-0.243333333333334,0.3300000000000001,True,0.0,True
100,81,-0.4133333333333322,-0.5867500000000009,-0.2466666666666666,0.3400833333333343,True,0.0,True
100,82,-0.4133333333333331,-0.5833333333333321,-0.2433333333333345,0.33999999999999764,True,0.0,True
100,83,-0.41333333333333355,-0.589999999999999,-0.24666666666666748,0.3433333333333315,True,0.0,True
100,84,-0.413333333333334,-0.5833333333333335,-0.24333333333333318,0.3400000000000003,True,0.0,True
100,85,-0.4133333333333331,-0.5766666666666653,-0.23658333333333437,0.34008333333333096,True,0.0,True
100,86,-0.4133333333333331,-0.583333333333333,-0.23658333333333353,0.3467499999999995,True,0.0,True
100,87,-0.413333333333334,-0.5767500000000007,-0.25,0.32675000000000065,True,0.0,True
100,88,-0.41333333333333355,-0.583333333333333,-0.2400000000000002,0.3433333333333328,True,0.0,True
100,89,-0.413333333333334,-0.5800000000000001,-0.24333333333333362,0.33666666666666645,True,0.0,True
100,90,-0.41333333333333444,-0.5833333333333335,-0.24325000000000033,0.3400833333333332,True,0.0,True
100,91,-0.4133333333333331,-0.5800000000000001,-0.2565833333333335,0.3234166666666666,True,0.0,True
100,92,-0.41333333333333355,-0.5800000000000005,-0.24991666666666626,0.3300833333333343,True,0.0,True
100,93,-0.4133333333333331,-0.5867500000000009,-0.24666666666666748,0.3400833333333334,True,0.0,True
100,94,-0.413333333333334,-0.5734166666666677,-0.25325000000000014,0.32016666666666754,True,0.0,True
100,95,-0.4133333333333331,-0.583416666666667,-0.24991666666666626,0.3335000000000008,True,0.0,True
100,96,-0.4133333333333331,-0.5933333333333333,-0.24324999999999944,0.35008333333333386,True,0.0,True
100,97,-0.41333333333333355,-0.586666666666666,-0.24324999999999988,0.34341666666666615,True,0.0,True
100,98,-0.41333333333333355,-0.583416666666667,-0.24324999999999902,0.340166666666668,True,0.0,True
100,99,-0.41333333333333355,-0.580000000000001,-0.24999999999999956,0.3300000000000014,True,0.0,True
100,100,-0.4133333333333331,-0.5834166666666675,-0.2400000000000002,0.34341666666666726,True,0.0,True
100,101,-0.41333333333333444,-0.5866666666666651,-0.2400000000000002,0.3466666666666649,True,0.0,True
100,102,-0.41333333333333355,-0.583333333333333,-0.24000000000000066,0.3433333333333324,True,0.0,True
100,103,-0.41333333333333444,-0.5799999999999996,-0.2466666666666657,0.3333333333333339,True,0.0,True
100,104,-0.41333333333333444,-0.5866666666666669,-0.2466666666666666,0.3400000000000003,True,0.0,True
100,105,-0.41333333333333355,-0.5866666666666656,-0.2400000000000002,0.34666666666666535,True,0.0,True
100,106,-0.41333333333333444,-0.5866666666666673,-0.25000000000000044,0.3366666666666669,True,0.0,True
100,107,-0.41333333333333355,-0.5800000000000005,-0.2465833333333333,0.33341666666666725,True,0.0,True
100,108,-0.413333333333334,-0.589999999999999,-0.2466666666666666,0.3433333333333324,True,0.0,True
100,109,-0.413333333333334,-0.5799999999999992,-0.2333333333333334,0.3466666666666658,True,0.0,True
100,110,-0.4133333333333331,-0.5799999999999992,-0.23991666666666644,0.34008333333333274,True,0.0,True
100,111,-0.4133333333333331,-0.5800833333333337,-0.2466666666666666,0.33341666666666714,True,0.0,True
100,112,-0.4133333333333349,-0.5866666666666673,-0.2465833333333333,0.34008333333333407,True,0.0,True
100,113,-0.4133333333333331,-0.5800000000000001,-0.24666666666666615,0.3333333333333339,True,0.0,True
100,114,-0.413333333333334,-0.5799999999999992,-0.2400000000000002,0.33999999999999897,True,0.0,True
100,115,-0.413333333333334,-0.5866666666666664,-0.24333333333333318,0.34333333333333327,True,0.0,True
100,116,-0.41333333333333355,-0.586666666666666,-0.2466666666666666,0.3399999999999994,True,0.0,True
100,117,-0.413333333333334,-0.5734166666666672,-0.24000000000000107,0.33341666666666614,True,0.0,True
100,118,-0.4133333333333322,-0.5834166666666671,-0.24333333333333315,0.34008333333333396,True,0.0,True
100,119,-0.4133333333333331,-0.5767500000000002,-0.23999999999999932,0.3367500000000009,True,0.0,True
100,120,-0.4133333333333331,-0.5833333333333335,-0.24000000000000066,0.3433333333333328,True,0.0,True
100,121,-0.4133333333333331,-0.5833333333333335,-0.2533333333333343,0.3299999999999992,True,0.0,True
100,122,-0.4133333333333349,-0.5900000000000003,-0.24324999999999988,0.34675000000000045,True,0.0,True
100,123,-0.41333333333333355,-0.5766666666666667,-0.2499999999999991,0.32666666666666755,True,0.0,True
100,124,-0.41333333333333355,-0.5934166666666673,-0.24333333333333274,0.3500833333333345,True,0.0,True
100,125,-0.41333333333333444,-0.5800000000000001,-0.23999999999999974,0.3400000000000003,True,0.0,True
100,126,-0.4133333333333331,-0.5834166666666671,-0.2466666666666666,0.33675000000000055,True,0.0,True
100,127,-0.4133333333333331,-0.5833333333333339,-0.2499166666666667,0.33341666666666725,True,0.0,True
100,128,-0.41333333333333266,-0.583333333333333,-0.24324999999999944,0.3400833333333336,True,0.0,True
100,129,-0.4133333333333349,-0.586666666666666,-0.2432500000000003,0.3434166666666657,True,0.0,True
100,130,-0.4133333333333322,-0.586666666666666,-0.25,0.336666666666666,True,0.0,True
100,131,-0.41333333333333355,-0.590083333333333,-0.2400000000000002,0.35008333333333275,True,0.0,True
100,132,-0.41333333333333444,-0.5834166666666663,-0.23999999999999932,0.3434166666666669,True,0.0,True
100,133,-0.413333333333334,-0.5833333333333321,-0.23333333333333295,0.3499999999999992,True,0.0,True
100,134,-0.4133333333333331,-0.5766666666666667,-0.24333333333333407,0.3333333333333326,True,0.0,True
100,135,-0.41333333333333355,-0.5900833333333338,-0.2466666666666666,0.34341666666666726,True,0.0,True
100,136,-0.413333333333334,-0.5767500000000007,-0.2466666666666666,0.33008333333333406,True,0.0,True
100,137,-0.41333333333333355,-0.5834166666666667,-0.23666666666666636,0.34675000000000034,True,0.0,True
100,138,-0.4133333333333322,-0.5733333333333333,-0.24666666666666748,0.3266666666666658,True,0.0,True
100,139,-0.413333333333334,-0.5800000000000001,-0.24333333333333318,0.3366666666666669,True,0.0,True
100,140,-0.4133333333333331,-0.5866666666666664,-0.24333333333333274,0.3433333333333337,True,0.0,True
100,141,-0.4133333333333331,-0.5833333333333335,-0.24333333333333362,0.33999999999999986,True,0.0,True
100,142,-0.41333333333333355,-0.586666666666666,-0.2400000000000002,0.3466666666666658,True,0.0,True
100,143,-0.4133333333333322,-0.5899999999999999,-0.24333333333333274,0.3466666666666671,True,0.0,True
100,144,-0.41333333333333355,-0.5833333333333339,-0.23991666666666647,0.3434166666666675,True,0.0,True
100,145,-0.41333333333333355,-0.589999999999999,-0.24000000000000019,0.34999999999999876,True,0.0,True
100,146,-0.41333333333333355,-0.5899999999999994,-0.24000000000000063,0.34999999999999876,True,0.0,True
100,147,-0.4133333333333331,-0.5833333333333339,-0.24991666666666626,0.3334166666666677,True,0.0,True
100,148,-0.4133333333333331,-0.5800000000000001,-0.24666666666666703,0.33333333333333304,True,0.0,True
100,149,-0.4133333333333331,-0.5833333333333335,-0.24333333333333362,0.33999999999999986,True,0.0,True
100,150,-0.4133333333333331,-0.5833333333333335,-0.24658333333333243,0.33675000000000105,True,0.0,True
100,151,-0.41333333333333355,-0.5899999999999999,-0.24333333333333407,0.3466666666666658,True,0.0,True
100,152,-0.41333333333333355,-0.5833333333333335,-0.24325000000000033,0.3400833333333332,True,0.0,True
100,153,-0.41333333333333355,-0.5866666666666664,-0.23666666666666725,0.3499999999999992,True,0.0,True
100,154,-0.4133333333333331,-0.5800000000000005,-0.2532499999999988,0.3267500000000017,True,0.0,True
100,155,-0.413333333333334,-0.5867500000000005,-0.2399999999999993,0.3467500000000012,True,0.0,True
100,156,-0.41333333333333355,-0.5933333333333328,-0.24666666666666745,0.34666666666666535,True,0.0,True
100,157,-0.4133333333333331,-0.5833333333333335,-0.24333333333333274,0.34000000000000075,True,0.0,True
100,158,-0.413333333333334,-0.5766666666666667,-0.24999999999999956,0.3266666666666671,True,0.0,True
100,159,-0.4133333333333331,-0.5800000000000005,-0.24324999999999988,0.33675000000000066,True,0.0,True
100,160,-0.413333333333334,-0.589999999999999,-0.23999999999999932,0.34999999999999964,True,0.0,True
100,161,-0.4133333333333331,-0.5800833333333336,-0.25,0.3300833333333336,True,0.0,True
100,162,-0.4133333333333331,-0.5799999999999992,-0.24333333333333362,0.33666666666666556,True,0.0,True
100,163,-0.4133333333333331,-0.5866666666666669,-0.2366666666666668,0.3500000000000001,True,0.0,True
100,164,-0.4133333333333331,-0.5966666666666667,-0.246666666666667,0.34999999999999964,True,0.0,True
100,165,-0.4133333333333331,-0.5800000000000001,-0.24666666666666703,0.33333333333333304,True,0.0,True
100,166,-0.41333333333333355,-0.5900833333333335,-0.23999999999999932,0.3500833333333342,True,0.0005,True
100,167,-0.4133333333333331,-0.5934166666666669,-0.24333333333333362,0.3500833333333333,True,0.0,True
100,168,-0.41333333333333444,-0.5833333333333339,-0.23999999999999977,0.34333333333333416,True,0.0,True
100,169,-0.4133333333333331,-0.5800000000000005,-0.2433333333333336,0.3366666666666669,True,0.0005,True
100,170,-0.4133333333333322,-0.5899999999999999,-0.2466666666666666,0.34333333333333327,True,0.0,True
100,171,-0.4133333333333331,-0.5900000000000003,-0.24324999999999902,0.3467500000000013,True,0.0,True
100,172,-0.41333333333333266,-0.5933333333333328,-0.23666666666666636,0.35666666666666647,True,0.0,True
100,173,-0.4133333333333331,-0.5966666666666667,-0.2366666666666677,0.359999999999999,True,0.0,True
100,174,-0.41333333333333355,-0.5733333333333337,-0.2465833333333333,0.32675000000000043,True,0.0,True
100,175,-0.41333333333333355,-0.5866666666666673,-0.24999999999999867,0.33666666666666867,True,0.0,True
100,176,-0.4133333333333331,-0.5866666666666669,-0.24333333333333407,0.3433333333333328,True,0.0,True
100,177,-0.41333333333333355,-0.5866666666666664,-0.24999999999999956,0.3366666666666669,True,0.0,True
100,178,-0.413333333333334,-0.5867500000000009,-0.2466666666666666,0.3400833333333343,True,0.0,True
100,179,-0.4133333333333331,-0.5799999999999996,-0.24333333333333407,0.33666666666666556,True,0.0,True
100,180,-0.41333333333333355,-0.5800000000000001,-0.24666666666666615,0.3333333333333339,True,0.0,True
100,181,-0.41333333333333355,-0.5833333333333326,-0.253250000000001,0.3300833333333316,True,0.0,True
100,182,-0.4133333333333331,-0.5799999999999996,-0.24333333333333404,0.33666666666666556,True,0.0,True
100,183,-0.4133333333333331,-0.5766666666666667,-0.24666666666666615,0.3300000000000005,True,0.0,True
100,184,-0.4133333333333322,-0.5899999999999994,-0.24333333333333362,0.3466666666666658,True,0.0,True
100,185,-0.4133333333333331,-0.5833333333333344,-0.23991666666666647,0.3434166666666679,True,0.0,True
100,186,-0.4133333333333331,-0.5867500000000009,-0.2499166666666667,0.3368333333333342,True,0.0,True
100,187,-0.4133333333333331,-0.5834166666666667,-0.24333333333333274,0.34008333333333396,True,0.0,True
100,188,-0.413333333333334,-0.5799999999999996,-0.24666666666666703,0.3333333333333326,True,0.0,True
100,189,-0.4133333333333331,-0.586666666666666,-0.2432499999999994,0.3434166666666666,True,0.0,True
100,190,-0.4133333333333331,-0.5899999999999994,-0.23999999999999977,0.34999999999999964,True,0.0,True
100,191,-0.4133333333333331,-0.5900000000000007,-0.2466666666666666,0.34333333333333416,True,0.0,True
100,192,-0.4133333333333331,-0.5833333333333339,-0.24333333333333362,0.3400000000000003,True,0.0,True
100,193,-0.4133333333333331,-0.5833333333333339,-0.24000000000000063,0.34333333333333327,True,0.0,True
100,194,-0.4133333333333331,-0.5800833333333345,-0.2399166666666665,0.340166666666668,True,0.0,True
100,195,-0.4133333333333331,-0.5766666666666662,-0.24324999999999902,0.3334166666666672,True,0.0,True
100,196,-0.4133333333333331,-0.5833333333333335,-0.23666666666666725,0.34666666666666623,True,0.0,True
100,197,-0.413333333333334,-0.586666666666666,-0.2533333333333347,0.3333333333333313,True,0.0,True
100,198,-0.41333333333333355,-0.583416666666667,-0.2400000000000002,0.3434166666666668,True,0.0,True
100,199,-0.4133333333333331,-0.5767500000000012,-0.23666666666666636,0.34008333333333485,True,0.0,True
100,200,-0.4133333333333331,-0.5800000000000001,-0.24991666666666673,0.33008333333333334,True,0.0,True
100,201,-0.41333333333333355,-0.5833333333333326,-0.24991666666666715,0.3334166666666655,True,0.0,True
100,202,-0.4133333333333331,-0.5866666666666673,-0.24333333333333318,0.34333333333333416,True,0.0,True
100,203,-0.41333333333333444,-0.5899999999999999,-0.24333333333333318,0.3466666666666667,True,0.0,True
100,204,-0.4133333333333331,-0.5867500000000013,-0.24333333333333362,0.3434166666666677,True,0.0,True
100,205,-0.4133333333333331,-0.5833333333333339,-0.24000000000000066,0.34333333333333327,True,0.0,True
100,206,-0.41333333333333355,-0.5834166666666667,-0.24999999999999956,0.33341666666666714,True,0.0,True
100,207,-0.41333333333333355,-0.5799999999999992,-0.24666666666666703,0.33333333333333215,True,0.0,True
100,208,-0.413333333333334,-0.5899999999999994,-0.2400000000000002,0.3499999999999992,True,0.0,True
100,209,-0.4133333333333331,-0.5800833333333345,-0.24333333333333318,0.3367500000000013,True,0.0,True
100,210,-0.4133333333333331,-0.5866666666666664,-0.246583333333332,0.34008333333333446,True,0.0,True
100,211,-0.41333333333333355,-0.583333333333333,-0.25000000000000044,0.3333333333333326,True,0.0,True
100,212,-0.4133333333333331,-0.583333333333333,-0.24325000000000035,0.3400833333333327,True,0.0,True
100,213,-0.413333333333334,-0.586666666666666,-0.24333333333333318,0.3433333333333328,True,0.0,True
100,214,-0.4133333333333331,-0.583333333333333,-0.2399166666666665,0.34341666666666654,True,0.0,True
100,215,-0.41333333333333355,-0.5833333333333339,-0.24333333333333318,0.34000000000000075,True,0.0,True
100,216,-0.41333333333333355,-0.5867500000000004,-0.2500000000000009,0.33674999999999955,True,0.0,True
100,217,-0.413333333333334,-0.5800000000000001,-0.24666666666666615,0.3333333333333339,True,0.0,True
100,218,-0.4133333333333349,-0.5866666666666669,-0.2465833333333333,0.3400833333333336,True,0.0,True
100,219,-0.4133333333333322,-0.5800000000000001,-0.25000000000000044,0.3299999999999996,True,0.0,True
100,220,-0.4133333333333322,-0.5899999999999999,-0.23666666666666725,0.3533333333333326,True,0.0,True
100,221,-0.4133333333333331,-0.5933333333333333,-0.24000000000000066,0.3533333333333326,True,0.0,True
100,222,-0.4133333333333331,-0.5766666666666667,-0.24991666666666756,0.3267499999999991,True,0.0,True
100,223,-0.41333333333333355,-0.5966666666666662,-0.24324999999999902,0.3534166666666672,True,0.0,True
100,224,-0.413333333333334,-0.5833333333333335,-0.23999999999999977,0.3433333333333337,True,0.0,True
100,225,-0.4133333333333331,-0.586666666666666,-0.24000000000000107,0.3466666666666649,True,0.0,True
100,226,-0.41333333333333355,-0.586666666666666,-0.24333333333333448,0.3433333333333315,True,0.0,True
100,227,-0.41333333333333444,-0.5700833333333343,-0.2400000000000002,0.33008333333333406,True,0.0,True
100,228,-0.4133333333333331,-0.583333333333333,-0.24000000000000107,0.34333333333333194,True,0.0,True
100,229,-0.413333333333334,-0.5834166666666663,-0.2366666666666677,0.34674999999999856,True,0.0,True
100,230,-0.41333333333333355,-0.5900000000000003,-0.24333333333333362,0.3466666666666667,True,0.0,True
100,231,-0.4133333333333331,-0.5833333333333335,-0.24333333333333318,0.3400000000000003,True,0.0,True
100,232,-0.4133333333333331,-0.583333333333333,-0.2533333333333321,0.33000000000000096,True,0.0,True
100,233,-0.4133333333333331,-0.5833333333333335,-0.2400000000000002,0.34333333333333327,True,0.0,True
100,234,-0.41333333333333355,-0.5799999999999996,-0.24666666666666748,0.33333333333333215,True,0.0,True
100,235,-0.413333333333334,-0.5833333333333335,-0.24333333333333362,0.33999999999999986,True,0.0,True
100,236,-0.4133333333333331,-0.586666666666666,-0.2400000000000002,0.3466666666666658,True,0.0,True
100,237,-0.413333333333334,-0.5800000000000001,-0.24000000000000152,0.3399999999999985,True,0.0,True
100,238,-0.4133333333333331,-0.5766666666666662,-0.2533333333333334,0.3233333333333328,True,0.0,True
100,239,-0.41333333333333444,-0.5799999999999992,-0.2400000000000002,0.33999999999999897,True,0.0,True
100,240,-0.4133333333333331,-0.583333333333333,-0.23999999999999977,0.34333333333333327,True,0.0,True
100,241,-0.413333333333334,-0.583333333333333,-0.2466666666666666,0.33666666666666645,True,0.0005,True
100,242,-0.413333333333334,-0.5866666666666656,-0.24333333333333274,0.3433333333333328,True,0.0,True
100,243,-0.4133333333333331,-0.5766666666666667,-0.2433333333333345,0.33333333333333215,True,0.0,True
100,244,-0.413333333333334,-0.5833333333333326,-0.24658333333333332,0.33674999999999927,True,0.0,True
100,245,-0.4133333333333331,-0.5800833333333337,-0.26333333333333364,0.3167500000000001,True,0.0,True
100,246,-0.41333333333333444,-0.586666666666666,-0.23666666666666636,0.34999999999999964,True,0.0,True
100,247,-0.41333333333333355,-0.5734166666666674,-0.2400000000000002,0.33341666666666714,True,0.0,True
100,248,-0.4133333333333331,-0.586666666666666,-0.25000000000000044,0.33666666666666556,True,0.0,True
100,249,-0.41333333333333355,-0.5734166666666672,-0.24991666666666626,0.323500000000001,True,0.0,True
100,250,-0.41333333333333355,-0.586666666666666,-0.2366666666666677,0.3499999999999983,True,0.0,True
100,251,-0.41333333333333266,-0.5833333333333335,-0.24333333333333493,0.3399999999999985,True,0.0,True
100,252,-0.41333333333333355,-0.5833333333333339,-0.24333333333333362,0.3400000000000003,True,0.0,True
100,253,-0.4133333333333331,-0.5799999999999987,-0.24333333333333318,0.33666666666666556,True,0.0,True
100,254,-0.4133333333333322,-0.5933333333333333,-0.24324999999999905,0.3500833333333342,True,0.0,True
100,255,-0.413333333333334,-0.5799999999999992,-0.23666666666666766,0.3433333333333315,True,0.0,True
100,256,-0.41333333333333355,-0.5866666666666664,-0.2400000000000011,0.34666666666666535,True,0.0,True
100,257,-0.41333333333333444,-0.5800000000000001,-0.24324999999999988,0.3367500000000002,True,0.0,True
100,258,-0.41333333333333355,-0.5933333333333324,-0.24000000000000107,0.3533333333333313,True,0.0,True
100,259,-0.4133333333333331,-0.5766666666666662,-0.24666666666666703,0.3299999999999992,True,0.0,True
100,260,-0.4133333333333331,-0.5800833333333332,-0.23991666666666517,0.340166666666668,True,0.0,True
100,261,-0.41333333333333355,-0.5833333333333335,-0.23991666666666647,0.34341666666666704,True,0.0,True
100,262,-0.41333333333333355,-0.5734166666666672,-0.25000000000000044,0.3234166666666668,True,0.0,True
100,263,-0.41333333333333355,-0.5833333333333335,-0.24666666666666656,0.3366666666666669,True,0.0,True
100,264,-0.41333333333333355,-0.5833333333333335,-0.23666666666666636,0.3466666666666671,True,0.0,True
100,265,-0.4133333333333331,-0.5900000000000003,-0.2333333333333334,0.3566666666666669,True,0.0,True
100,266,-0.4133333333333331,-0.5866666666666664,-0.2400000000000002,0.34666666666666623,True,0.0,True
100,267,-0.41333333333333355,-0.5800000000000001,-0.24000000000000063,0.3399999999999994,True,0.0,True
100,268,-0.413333333333334,-0.5867500000000005,-0.2433333333333336,0.3434166666666669,True,0.0,True
100,269,-0.41333333333333355,-0.5800000000000001,-0.25,0.33000000000000007,True,0.0,True
100,270,-0.41333333333333444,-0.5833333333333339,-0.24666666666666703,0.3366666666666669,True,0.0,True
100,271,-0.4133333333333331,-0.5766666666666667,-0.2466666666666666,0.33000000000000007,True,0.0,True
100,272,-0.41333333333333355,-0.5899999999999999,-0.24666666666666742,0.34333333333333244,True,0.0,True
100,273,-0.4133333333333331,-0.5766666666666658,-0.24333333333333318,0.3333333333333326,True,0.0,True
100,274,-0.41333333333333444,-0.589999999999999,-0.24333333333333404,0.3466666666666649,True,0.0,True
100,275,-0.4133333333333331,-0.5867500000000004,-0.2466666666666666,0.34008333333333385,True,0.0,True
100,276,-0.41333333333333355,-0.5800000000000005,-0.24333333333333362,0.3366666666666669,True,0.0,True
100,277,-0.4133333333333331,-0.5866666666666673,-0.24324999999999944,0.3434166666666679,True,0.0,True
100,278,-0.41333333333333355,-0.5899999999999994,-0.24333333333333362,0.3466666666666658,True,0.0,True
100,279,-0.41333333333333355,-0.5833333333333344,-0.2532499999999997,0.33008333333333467,True,0.0,True
100,280,-0.413333333333334,-0.5899999999999994,-0.24000000000000019,0.3499999999999992,True,0.0,True
100,281,-0.41333333333333355,-0.5833333333333335,-0.23999999999999974,0.3433333333333337,True,0.0,True
100,282,-0.41333333333333355,-0.5900833333333334,-0.25000000000000044,0.34008333333333296,True,0.0,True
100,283,-0.4133333333333331,-0.5799999999999996,-0.25000000000000044,0.3299999999999992,True,0.0,True
100,284,-0.41333333333333355,-0.5766666666666667,-0.2400000000000002,0.33666666666666645,True,0.0,True
100,285,-0.413333333333334,-0.5866666666666664,-0.24658333333333288,0.34008333333333357,True,0.0,True
100,286,-0.4133333333333331,-0.5866666666666664,-0.24666666666666748,0.33999999999999897,True,0.0,True
100,287,-0.41333333333333355,-0.5867500000000004,-0.24658333333333332,0.3401666666666671,True,0.0,True
100,288,-0.41333333333333355,-0.5899999999999994,-0.23666666666666722,0.35333333333333217,True,0.0,True
100,289,-0.41333333333333355,-0.5899999999999994,-0.24999999999999956,0.33999999999999986,True,0.0,True
100,290,-0.4133333333333331,-0.5766666666666675,-0.24333333333333407,0.3333333333333335,True,0.0,True
100,291,-0.41333333333333355,-0.5800833333333336,-0.2499166666666663,0.33016666666666733,True,0.0,True
100,292,-0.41333333333333444,-0.5834166666666679,-0.2532500000000001,0.33016666666666783,True,0.0,True
100,293,-0.41333333333333355,-0.5733333333333341,-0.2433333333333323,0.33000000000000185,True,0.0,True
100,294,-0.4133333333333331,-0.5799999999999996,-0.23991666666666644,0.3400833333333332,True,0.0,True
100,295,-0.4133333333333331,-0.5766666666666662,-0.24333333333333362,0.3333333333333326,True,0.0,True
100,296,-0.4133333333333331,-0.5866666666666673,-0.25,0.33666666666666734,True,0.0,True
100,297,-0.4133333333333322,-0.5933333333333324,-0.25333333333333297,0.3399999999999994,True,0.0,True
100,298,-0.4133333333333331,-0.5766666666666662,-0.23999999999999977,0.33666666666666645,True,0.0,True
100,299,-0.4133333333333331,-0.583333333333333,-0.25333333333333474,0.3299999999999983,True,0.0,True
100,300,-0.413333333333334,-0.5833333333333321,-0.2400000000000002,0.34333333333333194,True,0.0,True
100,301,-0.413333333333334,-0.5933333333333337,-0.23666666666666722,0.35666666666666647,True,0.0,True
100,302,-0.41333333333333355,-0.5766666666666662,-0.23999999999999977,0.33666666666666645,True,0.0,True
100,303,-0.413333333333334,-0.5866666666666669,-0.2433333333333323,0.3433333333333346,True,0.0,True
100,304,-0.4133333333333331,-0.5800833333333336,-0.24000000000000107,0.3400833333333325,True,0.0,True
100,305,-0.4133333333333331,-0.5800000000000001,-0.22999999999999954,0.35000000000000053,True,0.0,True
100,306,-0.41333333333333355,-0.5766666666666675,-0.24333333333333362,0.3333333333333339,True,0.0,True
100,307,-0.4133333333333331,-0.5734166666666672,-0.2466666666666666,0.32675000000000065,True,0.0,True
100,308,-0.41333333333333355,-0.5867500000000004,-0.24658333333333288,0.34016666666666756,True,0.0,True
100,309,-0.41333333333333355,-0.586666666666666,-0.24333333333333274,0.34333333333333327,True,0.0,True
100,310,-0.413333333333334,-0.583333333333333,-0.24324999999999947,0.34008333333333357,True,0.0,True
100,311,-0.41333333333333355,-0.5900000000000003,-0.23999999999999977,0.35000000000000053,True,0.0,True
100,312,-0.41333333333333355,-0.5834166666666675,-0.24658333333333327,0.3368333333333342,True,0.0,True
100,313,-0.41333333333333355,-0.5800833333333341,-0.2399999999999993,0.34008333333333474,True,0.0,True
100,314,-0.4133333333333331,-0.589999999999999,-0.2499999999999991,0.33999999999999986,True,0.0,True
100,315,-0.413333333333334,-0.5766666666666675,-0.24333333333333315,0.33333333333333437,True,0.0,True
100,316,-0.4133333333333331,-0.5833333333333335,-0.24666666666666703,0.33666666666666645,True,0.0,True
100,317,-0.41333333333333355,-0.5733333333333333,-0.24666666666666615,0.3266666666666671,True,0.0,True
100,318,-0.41333333333333444,-0.5733333333333337,-0.24666666666666703,0.32666666666666666,True,0.0,True
100,319,-0.41333333333333355,-0.5799999999999996,-0.24325000000000077,0.3367499999999989,True,0.0,True
100,320,-0.4133333333333331,-0.5766666666666671,-0.24658333333333288,0.33008333333333423,True,0.0,True
100,321,-0.413333333333334,-0.583333333333333,-0.24333333333333362,0.3399999999999994,True,0.0005,True
100,322,-0.41333333333333355,-0.583333333333333,-0.24666666666666703,0.336666666666666,True,0.0,True
100,323,-0.4133333333333331,-0.5866666666666664,-0.24333333333333407,0.3433333333333324,True,0.0,True
100,324,-0.4133333333333331,-0.5767500000000015,-0.24333333333333407,0.33341666666666747,True,0.0,True
100,325,-0.41333333333333355,-0.589999999999999,-0.24666666666666615,0.3433333333333328,True,0.0,True
100,326,-0.4133333333333331,-0.5866666666666656,-0.24333333333333362,0.34333333333333194,True,0.0,True
100,327,-0.4133333333333331,-0.5833333333333321,-0.24325000000000035,0.3400833333333318,True,0.0,True
100,328,-0.4133333333333331,-0.5799999999999992,-0.2432499999999999,0.33674999999999927,True,0.0,True
100,329,-0.41333333333333355,-0.5834166666666671,-0.25,0.33341666666666714,True,0.0,True
100,330,-0.41333333333333444,-0.5799999999999996,-0.2400000000000002,0.3399999999999994,True,0.0,True
100,331,-0.413333333333334,-0.5834166666666667,-0.2333333333333334,0.3500833333333333,True,0.0,True
100,332,-0.41333333333333444,-0.5866666666666664,-0.24666666666666792,0.3399999999999985,True,0.0,True
100,333,-0.41333333333333355,-0.5833333333333335,-0.23999999999999932,0.34333333333333416,True,0.0,True
100,334,-0.41333333333333355,-0.586666666666666,-0.23333333333333428,0.3533333333333317,True,0.0,True
100,335,-0.4133333333333349,-0.5833333333333335,-0.24666666666666703,0.33666666666666645,True,0.0,True
100,336,-0.4133333333333331,-0.5899999999999994,-0.2533333333333334,0.336666666666666,True,0.0,True
100,337,-0.41333333333333355,-0.5866666666666664,-0.2500000000000009,0.33666666666666556,True,0.0,True
100,338,-0.413333333333334,-0.5866666666666664,-0.2500000000000009,0.33666666666666556,True,0.0,True
100,339,-0.41333333333333355,-0.5700000000000003,-0.2399166666666665,0.3300833333333338,True,0.0,True
100,340,-0.41333333333333444,-0.583333333333333,-0.22991666666666755,0.3534166666666655,True,0.0,True
100,341,-0.41333333333333355,-0.5900833333333343,-0.2432500000000003,0.346833333333334,True,0.0,True
100,342,-0.41333333333333355,-0.583333333333333,-0.23666666666666633,0.3466666666666667,True,0.0,True
100,343,-0.4133333333333331,-0.5900833333333338,-0.2400000000000011,0.35008333333333275,True,0.0,True
100,344,-0.41333333333333355,-0.580000000000001,-0.24333333333333407,0.3366666666666669,True,0.0,True
100,345,-0.4133333333333331,-0.5800000000000001,-0.23666666666666636,0.3433333333333337,True,0.0,True
100,346,-0.4133333333333331,-0.5800833333333342,-0.2333333333333334,0.3467500000000008,True,0.0,True
100,347,-0.41333333333333355,-0.5800000000000001,-0.24666666666666745,0.3333333333333326,True,0.0,True
100,348,-0.41333333333333444,-0.5833333333333339,-0.24999999999999956,0.33333333333333437,True,0.0,True
100,349,-0.41333333333333355,-0.5866666666666669,-0.23666666666666636,0.35000000000000053,True,0.0,True
100,350,-0.41333333333333355,-0.5766666666666667,-0.25658333333333305,0.3200833333333336,True,0.0,True
100,351,-0.413333333333334,-0.5733333333333337,-0.24333333333333318,0.3300000000000005,True,0.0,True
100,352,-0.4133333333333322,-0.5866666666666669,-0.24333333333333362,0.34333333333333327,True,0.0,True
100,353,-0.4133333333333331,-0.5800000000000001,-0.2399166666666669,0.3400833333333332,True,0.0,True
100,354,-0.413333333333334,-0.5866666666666664,-0.25333333333333297,0.3333333333333335,True,0.0,True
100,355,-0.413333333333334,-0.5900000000000003,-0.24333333333333407,0.34666666666666623,True,0.0,True
100,356,-0.41333333333333355,-0.576666666666668,-0.24666666666666656,0.3300000000000014,True,0.0,True
100,357,-0.4133333333333331,-0.5899999999999999,-0.23666666666666636,0.3533333333333335,True,0.0,True
100,358,-0.4133333333333331,-0.586666666666666,-0.25,0.336666666666666,True,0.0,True
100,359,-0.4133333333333322,-0.5833333333333344,-0.23666666666666636,0.346666666666668,True,0.0,True
100,360,-0.41333333333333355,-0.583333333333333,-0.24333333333333312,0.3399999999999999,True,0.0,True
100,361,-0.4133333333333331,-0.5866666666666656,-0.2500000000000009,0.33666666666666467,True,0.0,True
100,362,-0.4133333333333331,-0.583416666666667,-0.24658333333333285,0.3368333333333342,True,0.0,True
100,363,-0.41333333333333355,-0.5866666666666669,-0.25,0.3366666666666669,True,0.0,True
100,364,-0.4133333333333331,-0.5833333333333335,-0.23333333333333384,0.34999999999999964,True,0.0,True
100,365,-0.41333333333333355,-0.5834166666666671,-0.23324999999999924,0.3501666666666679,True,0.0,True
100,366,-0.41333333333333355,-0.5900833333333322,-0.24333333333333318,0.346749999999999,True,0.0,True
100,367,-0.41333333333333355,-0.5799999999999992,-0.24333333333333318,0.336666666666666,True,0.0,True
100,368,-0.41333333333333444,-0.5833333333333339,-0.23666666666666725,0.3466666666666667,True,0.0,True
100,369,-0.4133333333333331,-0.5766666666666662,-0.23666666666666722,0.33999999999999897,True,0.0,True
100,370,-0.4133333333333331,-0.5799999999999992,-0.2366666666666677,0.3433333333333315,True,0.0,True
100,371,-0.4133333333333331,-0.5866666666666669,-0.2633333333333332,0.3233333333333337,True,0.0,True
100,372,-0.4133333333333331,-0.5800833333333341,-0.2499166666666663,0.3301666666666678,True,0.0,True
100,373,-0.41333333333333444,-0.586666666666666,-0.2466666666666666,0.3399999999999994,True,0.0,True
100,374,-0.4133333333333331,-0.5766666666666658,-0.2466666666666666,0.3299999999999992,True,0.0,True
100,375,-0.41333333333333355,-0.5800000000000001,-0.2399166666666665,0.34008333333333357,True,0.0,True
100,376,-0.41333333333333355,-0.5866666666666669,-0.2499166666666663,0.3367500000000006,True,0.0,True
100,377,-0.413333333333334,-0.5800833333333345,-0.23999999999999974,0.34008333333333474,True,0.0,True
100,378,-0.4133333333333331,-0.586666666666666,-0.24658333333333332,0.3400833333333327,True,0.0,True
100,379,-0.4133333333333322,-0.5900000000000003,-0.24333333333333318,0.3466666666666671,True,0.0,True
100,380,-0.413333333333334,-0.5866666666666664,-0.2432499999999999,0.34341666666666654,True,0.0,True
100,381,-0.41333333333333355,-0.5766666666666671,-0.24666666666666703,0.33000000000000007,True,0.0,True
100,382,-0.4133333333333331,-0.583416666666667,-0.24666666666666656,0.33675000000000044,True,0.0,True
100,383,-0.4133333333333331,-0.5866666666666669,-0.24666666666666703,0.33999999999999986,True,0.0,True
100,384,-0.4133333333333331,-0.5800833333333333,-0.23991666666666692,0.3401666666666664,True,0.0,True
100,385,-0.413333333333334,-0.5900000000000003,-0.2432499999999999,0.3467500000000004,True,0.0,True
100,386,-0.41333333333333266,-0.580000000000001,-0.25,0.33000000000000096,True,0.0,True
100,387,-0.41333333333333355,-0.5800000000000001,-0.22666666666666613,0.35333333333333394,True,0.0,True
100,388,-0.41333333333333355,-0.5834166666666666,-0.24333333333333407,0.3400833333333325,True,0.0,True
100,389,-0.4133333333333331,-0.5899999999999994,-0.24333333333333318,0.34666666666666623,True,0.0,True
100,390,-0.41333333333333444,-0.583333333333333,-0.24324999999999947,0.34008333333333357,True,0.0,True
100,391,-0.41333333333333355,-0.5933333333333328,-0.2466666666666666,0.34666666666666623,True,0.0,True
100,392,-0.413333333333334,-0.5767500000000002,-0.24666666666666656,0.3300833333333336,True,0.0,True
100,393,-0.413333333333334,-0.5800833333333337,-0.23991666666666733,0.3401666666666664,True,0.0,True
100,394,-0.41333333333333355,-0.5833333333333321,-0.2432500000000003,0.34008333333333185,True,0.0,True
100,395,-0.4133333333333331,-0.5799999999999996,-0.2366666666666668,0.3433333333333328,True,0.0,True
100,396,-0.41333333333333355,-0.5833333333333335,-0.23999999999999977,0.3433333333333337,True,0.0,True
100,397,-0.41333333333333355,-0.5868333333333328,-0.24333333333333274,0.3435,True,0.0,True
100,398,-0.4133333333333331,-0.5800000000000001,-0.24333333333333407,0.336666666666666,True,0.0,True
100,399,-0.41333333333333355,-0.5667500000000005,-0.2499166666666663,0.31683333333333424,True,0.0,True
100,400,-0.4133333333333331,-0.5800833333333333,-0.25333333333333297,0.3267500000000003,True,0.0,True
100,401,-0.41333333333333355,-0.5833333333333326,-0.24333333333333318,0.3399999999999994,True,0.0,True
100,402,-0.41333333333333355,-0.5833333333333335,-0.24324999999999947,0.340083333333334,True,0.0,True
100,403,-0.41333333333333355,-0.583333333333333,-0.24333333333333315,0.33999999999999986,True,0.0005,True
100,404,-0.4133333333333331,-0.5933333333333324,-0.25333333333333385,0.3399999999999985,True,0.0,True
100,405,-0.4133333333333331,-0.586666666666666,-0.2400000000000002,0.3466666666666658,True,0.0,True
100,406,-0.4133333333333331,-0.5867500000000009,-0.2333333333333334,0.3534166666666675,True,0.0,True
100,407,-0.413333333333334,-0.5833333333333326,-0.2400000000000002,0.3433333333333324,True,0.0,True
100,408,-0.4133333333333322,-0.5900000000000003,-0.2466666666666666,0.3433333333333337,True,0.0,True
100,409,-0.4133333333333331,-0.5800000000000005,-0.2466666666666679,0.3333333333333326,True,0.0,True
100,410,-0.41333333333333444,-0.583333333333333,-0.2399166666666665,0.34341666666666654,True,0.0,True
100,411,-0.4133333333333331,-0.5834166666666679,-0.243333333333334,0.3400833333333339,True,0.0,True
100,412,-0.41333333333333444,-0.5766666666666662,-0.25,0.3266666666666662,True,0.0,True
100,413,-0.41333333333333355,-0.583333333333333,-0.2466666666666666,0.33666666666666645,True,0.0,True
100,414,-0.413333333333334,-0.5833333333333335,-0.24333333333333274,0.34000000000000075,True,0.0,True
100,415,-0.4133333333333331,-0.5866666666666656,-0.24333333333333315,0.3433333333333324,True,0.0,True
100,416,-0.4133333333333331,-0.583333333333333,-0.24000000000000066,0.3433333333333324,True,0.0,True
100,417,-0.4133333333333331,-0.5866666666666673,-0.2399166666666669,0.34675000000000045,True,0.0,True
100,418,-0.4133333333333331,-0.5766666666666667,-0.2433333333333345,0.33333333333333215,True,0.0,True
100,419,-0.41333333333333355,-0.5766666666666667,-0.2433333333333336,0.33333333333333304,True,0.0,True
100,420,-0.4133333333333331,-0.583333333333333,-0.23666666666666636,0.3466666666666667,True,0.0,True
100,421,-0.41333333333333444,-0.5799999999999996,-0.2466666666666666,0.33333333333333304,True,0.0,True
100,422,-0.4133333333333331,-0.589999999999999,-0.24000000000000152,0.3499999999999974,True,0.0,True
100,423,-0.4133333333333331,-0.5733333333333333,-0.24333333333333404,0.3299999999999992,True,0.0005,True
100,424,-0.41333333333333355,-0.5734166666666672,-0.24999999999999956,0.3234166666666677,True,0.0,True
100,425,-0.41333333333333355,-0.5866666666666664,-0.24324999999999988,0.3434166666666666,True,0.0,True
100,426,-0.4133333333333331,-0.5833333333333339,-0.2466666666666666,0.33666666666666734,True,0.0,True
100,427,-0.41333333333333355,-0.5766666666666671,-0.2365833333333335,0.3400833333333336,True,0.0,True
100,428,-0.41333333333333355,-0.5866666666666664,-0.24333333333333362,0.3433333333333328,True,0.0,True
100,429,-0.41333333333333355,-0.5833333333333326,-0.23999999999999977,0.3433333333333328,True,0.0,True
100,430,-0.4133333333333331,-0.5834166666666671,-0.2366666666666668,0.34675000000000034,True,0.0,True
100,431,-0.4133333333333331,-0.5866666666666669,-0.2366666666666668,0.3500000000000001,True,0.0,True
100,432,-0.4133333333333331,-0.5866666666666673,-0.24666666666666612,0.3400000000000012,True,0.0,True
100,433,-0.4133333333333331,-0.5800000000000001,-0.25,0.33000000000000007,True,0.0,True
100,434,-0.41333333333333355,-0.5800000000000005,-0.23999999999999977,0.34000000000000075,True,0.0,True
100,435,-0.41333333333333444,-0.5866666666666664,-0.2466666666666666,0.33999999999999986,True,0.0,True
100,436,-0.41333333333333355,-0.5900000000000003,-0.24333333333333318,0.3466666666666671,True,0.0,True
100,437,-0.41333333333333355,-0.5800000000000001,-0.24666666666666748,0.3333333333333326,True,0.0,True
100,438,-0.41333333333333355,-0.5900000000000003,-0.23991666666666736,0.35008333333333297,True,0.0,True
100,439,-0.41333333333333444,-0.5899999999999994,-0.24000000000000107,0.3499999999999983,True,0.0,True
100,440,-0.4133333333333331,-0.5833333333333335,-0.23666666666666855,0.3466666666666649,True,0.0,True
100,441,-0.41333333333333355,-0.580000000000001,-0.24324999999999988,0.3367500000000011,True,0.0,True
100,442,-0.41333333333333355,-0.589999999999999,-0.2400000000000002,0.34999999999999876,True,0.0,True
100,443,-0.4133333333333331,-0.589999999999999,-0.24000000000000107,0.34999999999999787,True,0.0,True
100,444,-0.41333333333333266,-0.5900000000000007,-0.24000000000000066,0.3500000000000001,True,0.0,True
100,445,-0.41333333333333355,-0.5799999999999987,-0.246666666666667,0.3333333333333317,True,0.0,True
100,446,-0.41333333333333355,-0.580000000000001,-0.2400000000000002,0.34000000000000075,True,0.0,True
100,447,-0.41333333333333355,-0.5766666666666667,-0.24324999999999944,0.33341666666666725,True,0.0,True
100,448,-0.41333333333333355,-0.5900833333333322,-0.24333333333333318,0.346749999999999,True,0.0,True
100,449,-0.41333333333333355,-0.5900000000000003,-0.2499999999999991,0.3400000000000012,True,0.0,True
100,450,-0.41333333333333444,-0.5999999999999992,-0.2366666666666677,0.3633333333333315,True,0.0,True
100,451,-0.4133333333333331,-0.5734166666666677,-0.24000000000000066,0.333416666666667,True,0.0,True
100,452,-0.41333333333333355,-0.5733333333333337,-0.24000000000000066,0.33333333333333304,True,0.0,True
100,453,-0.413333333333334,-0.5799999999999992,-0.2365833333333331,0.3434166666666661,True,0.0,True
100,454,-0.41333333333333355,-0.5766666666666671,-0.2400000000000002,0.3366666666666669,True,0.0,True
100,455,-0.4133333333333331,-0.5866666666666669,-0.22999999999999998,0.3566666666666669,True,0.0,True
100,456,-0.4133333333333331,-0.5833333333333339,-0.24333333333333407,0.33999999999999986,True,0.0,True
100,457,-0.413333333333334,-0.5867500000000009,-0.2366666666666681,0.35008333333333275,True,0.0,True
100,458,-0.413333333333334,-0.5766666666666662,-0.24333333333333448,0.3333333333333317,True,0.0,True
100,459,-0.4133333333333331,-0.5866666666666669,-0.24991666666666668,0.3367500000000002,True,0.0,True
100,460,-0.4133333333333331,-0.5833333333333339,-0.2433333333333336,0.3400000000000003,True,0.0,True
100,461,-0.4133333333333331,-0.5866666666666664,-0.23999999999999977,0.3466666666666667,True,0.0,True
100,462,-0.4133333333333331,-0.5800833333333337,-0.24999999999999867,0.33008333333333506,True,0.0,True
100,463,-0.4133333333333331,-0.583333333333333,-0.23999999999999977,0.34333333333333327,True,0.0,True
100,464,-0.413333333333334,-0.5833333333333344,-0.24000000000000019,0.34333333333333416,True,0.0,True
100,465,-0.413333333333334,-0.583416666666667,-0.24324999999999944,0.3401666666666676,True,0.0005,True
100,466,-0.4133333333333331,-0.5800833333333341,-0.24333333333333404,0.33675,True,0.0,True
100,467,-0.4133333333333331,-0.5800000000000001,-0.24666666666666703,0.33333333333333304,True,0.0,True
100,468,-0.41333333333333355,-0.5800000000000001,-0.24999999999999956,0.3300000000000005,True,0.0,True
100,469,-0.413333333333334,-0.5966666666666662,-0.24333333333333362,0.3533333333333326,True,0.0,True
100,470,-0.4133333333333331,-0.5833333333333321,-0.24333333333333274,0.3399999999999994,True,0.0,True
100,471,-0.41333333333333355,-0.5799999999999996,-0.2466666666666666,0.33333333333333304,True,0.0,True
100,472,-0.41333333333333355,-0.5934166666666668,-0.24000000000000066,0.35341666666666616,True,0.0,True
100,473,-0.4133333333333331,-0.580000000000001,-0.2400000000000002,0.34000000000000075,True,0.0,True
100,474,-0.4133333333333331,-0.5867500000000004,-0.24658333333333288,0.34016666666666756,True,0.0,True
100,475,-0.41333333333333355,-0.5899999999999985,-0.24324999999999988,0.34674999999999867,True,0.0,True
100,476,-0.413333333333334,-0.5834166666666675,-0.24333333333333407,0.3400833333333334,True,0.0,True
100,477,-0.41333333333333355,-0.5866666666666669,-0.24658333333333374,0.3400833333333332,True,0.0,True
100,478,-0.41333333333333355,-0.5733333333333333,-0.2433333333333323,0.33000000000000096,True,0.0,True
100,479,-0.413333333333334,-0.5866666666666669,-0.24333333333333318,0.3433333333333337,True,0.0,True
100,480,-0.4133333333333331,-0.583333333333333,-0.24333333333333318,0.33999999999999986,True,0.0,True
100,481,-0.41333333333333355,-0.5866666666666669,-0.24333333333333404,0.3433333333333328,True,0.0,True
100,482,-0.41333333333333266,-0.5866666666666669,-0.24666666666666703,0.33999999999999986,True,0.0,True
100,483,-0.41333333333333355,-0.5868333333333337,-0.23333333333333295,0.3535000000000007,True,0.0,True
100,484,-0.4133333333333322,-0.583333333333333,-0.2400000000000002,0.3433333333333328,True,0.0,True
100,485,-0.4133333333333331,-0.5866666666666673,-0.24658333333333374,0.3400833333333336,True,0.0,True
100,486,-0.4133333333333331,-0.5800000000000001,-0.22991666666666713,0.35008333333333297,True,0.0,True
100,487,-0.413333333333334,-0.586666666666666,-0.24333333333333318,0.3433333333333328,True,0.0005,True
100,488,-0.4133333333333322,-0.5733333333333337,-0.24333333333333362,0.33000000000000007,True,0.0,True
100,489,-0.4133333333333331,-0.5867500000000004,-0.23999999999999977,0.34675000000000067,True,0.0,True
100,490,-0.4133333333333322,-0.583333333333333,-0.24333333333333318,0.33999999999999986,True,0.0,True
100,491,-0.4133333333333322,-0.5800000000000001,-0.23666666666666725,0.3433333333333328,True,0.0,True
100,492,-0.41333333333333355,-0.5833333333333335,-0.25316666666666726,0.3301666666666662,True,0.0,True
100,493,-0.41333333333333355,-0.5767499999999994,-0.24666666666666615,0.3300833333333333,True,0.0,True
100,494,-0.41333333333333355,-0.5766666666666671,-0.2432499999999999,0.3334166666666672,True,0.0,True
100,495,-0.4133333333333331,-0.5833333333333335,-0.2500000000000009,0.3333333333333326,True,0.0,True
100,496,-0.41333333333333355,-0.5866666666666669,-0.24991666666666668,0.3367500000000002,True,0.0,True
100,497,-0.413333333333334,-0.5833333333333339,-0.2466666666666666,0.33666666666666734,True,0.0,True
100,498,-0.4133333333333331,-0.5934166666666669,-0.2433333333333336,0.3500833333333333,True,0.0,True
100,499,-0.41333333333333355,-0.5833333333333335,-0.24999999999999997,0.3333333333333335,True,0.0,True
