sample_size,trial,point_estimate,ci_lower,ci_upper,ci_width,contains_full_sample_estimate,p_value,significant_at_05
25,0,-0.2933333333333339,-0.6800000000000006,0.0,0.6800000000000006,True,0.144,False
25,1,-0.06666666666666643,-0.3336666666666666,0.18666666666666656,0.5203333333333332,True,0.633,False
25,2,-0.08000000000000096,-0.2666666666666666,0.06666666666666732,0.3333333333333339,True,0.6015,False
25,3,-0.05333333333333368,-0.37333333333333396,0.20000000000000018,0.5733333333333341,True,0.7465,False
25,4,-0.22666666666666568,-0.5999999999999996,0.026666666666667282,0.6266666666666669,True,0.3265,False
25,5,-0.2400000000000002,-0.5999999999999996,0.026666666666666394,0.626666666666666,True,0.268,False
25,6,-0.1200000000000001,-0.33333333333333304,0.0,0.33333333333333304,True,0.2555,False
25,7,-0.03999999999999915,-0.33333333333333304,0.22666666666666746,0.5600000000000005,True,0.7625,False
25,8,0.08000000000000096,-0.25333333333333385,0.42666666666666675,0.6800000000000006,True,0.7375,False
25,9,-0.06666666666666732,-0.3866666666666667,0.21333333333333293,0.5999999999999996,True,0.7375,False
25,10,-0.05333333333333368,-0.3733333333333331,0.22666666666666657,0.5999999999999996,True,0.7675,False
25,11,-0.040000000000000036,-0.08000000000000007,0.0,0.08000000000000007,False,0.2555,False
25,12,-0.06666666666666732,-0.16000000000000014,0.013333333333332753,0.1733333333333329,True,0.255,False
25,13,-0.10666666666666735,-0.45333333333333403,0.21333333333333293,0.666666666666667,True,0.5185,False
25,14,-0.21333333333333293,-0.533666666666666,0.026666666666667282,0.5603333333333332,True,0.3115,False
25,15,-0.13333333333333286,-0.45333333333333403,0.1869999999999989,0.640333333333333,True,0.48,False
25,16,-0.2400000000000002,-0.626666666666666,0.10666666666666647,0.7333333333333325,True,0.253,False
25,17,0.026666666666667282,-0.026666666666666394,0.09333333333333371,0.1200000000000001,False,0.75,False
25,18,0.09333333333333282,-0.06666666666666732,0.32033333333333264,0.38699999999999996,False,0.639,False
25,19,-0.03999999999999915,-0.13333333333333375,0.05333333333333279,0.18666666666666654,True,0.633,False
25,20,-0.25333333333333297,-0.5866666666666669,-0.013333333333332753,0.5733333333333341,True,0.1195,False
25,21,0.06666666666666643,-0.06666666666666643,0.2666666666666666,0.33333333333333304,False,0.751,False
25,22,0.040000000000000036,-0.08000000000000007,0.2400000000000002,0.3200000000000003,False,1.0,False
25,23,-0.06666666666666732,-0.2400000000000002,0.040000000000000036,0.28000000000000025,True,1.0,False
25,24,0.06666666666666732,-0.09333333333333371,0.28000000000000025,0.37333333333333396,False,0.6855,False
25,25,-0.1466666666666665,-0.4933333333333323,0.14699999999999885,0.6403333333333312,True,0.421,False
25,26,-0.1200000000000001,-0.3600000000000003,0.08000000000000007,0.4400000000000004,True,0.4975,False
25,27,-0.06666666666666643,-0.35999999999999943,0.21333333333333296,0.5733333333333324,True,0.673,False
25,28,-0.20000000000000018,-0.5999999999999996,0.16000000000000014,0.7599999999999998,True,0.3805,False
25,29,0.013333333333333641,-0.05333333333333279,0.09333333333333282,0.1466666666666656,False,0.892,False
25,30,-0.09333333333333282,-0.47999999999999954,0.22666666666666746,0.706666666666667,True,0.6585,False
25,31,0.026666666666667282,-0.05333333333333279,0.10666666666666735,0.16000000000000014,False,0.4995,False
25,32,-0.1200000000000001,-0.5069999999999996,0.2266666666666657,0.7336666666666652,True,0.5295,False
25,33,-0.08000000000000007,-0.39999999999999947,0.2266666666666666,0.626666666666666,True,0.6195,False
25,34,-0.1200000000000001,-0.3866666666666667,0.05333333333333368,0.4400000000000004,True,0.5285,False
25,35,-0.1999999999999993,-0.6533333333333333,0.1733333333333329,0.8266666666666662,True,0.369,False
25,36,-0.13333333333333286,-0.4666666666666659,0.1466666666666674,0.6133333333333333,True,0.303,False
25,37,-0.13333333333333286,-0.4666666666666668,0.08033333333333247,0.5469999999999993,True,0.6765,False
25,38,-0.3733333333333331,-0.7733333333333334,-0.06666666666666643,0.706666666666667,True,0.054,False
25,39,-0.10666666666666647,-0.3070000000000002,0.05333333333333279,0.360333333333333,True,0.403,False
25,40,-0.28000000000000025,-0.8133333333333335,0.17333333333333378,0.9866666666666672,True,0.273,False
25,41,0.06666666666666732,-0.21366666666666653,0.3600000000000003,0.5736666666666669,True,0.809,False
25,42,-0.37333333333333396,-0.8933333333333326,0.08033333333333244,0.9736666666666651,True,0.181,False
25,43,0.20000000000000107,0.0,0.4666666666666668,0.4666666666666668,False,0.2605,False
25,44,-0.040000000000000924,-0.13333333333333375,0.026666666666666394,0.16000000000000014,True,0.492,False
25,45,0.013333333333333641,-0.28000000000000025,0.2666666666666666,0.5466666666666669,True,0.918,False
25,46,-0.013333333333332753,-0.040000000000000036,0.0,0.040000000000000036,False,1.0,False
25,47,-0.1999999999999993,-0.546666666666666,0.013333333333333641,0.5599999999999996,True,0.2135,False
25,48,-0.20000000000000018,-0.5869999999999996,0.09333333333333371,0.6803333333333333,True,0.496,False
25,49,-0.026666666666666394,-0.10666666666666647,0.05333333333333368,0.16000000000000014,True,0.7565,False
25,50,-0.1466666666666674,-0.3866666666666676,0.013333333333332753,0.40000000000000036,True,0.249,False
25,51,-0.42666666666666586,-0.9600000000000009,-0.013333333333332753,0.9466666666666681,True,0.1135,False
25,52,0.0,-0.16000000000000017,0.21333333333333293,0.3733333333333331,True,1.0,False
25,53,-0.013333333333332753,-0.07999999999999921,0.06666666666666643,0.14666666666666564,False,1.0,False
25,54,-0.09333333333333282,-0.2933333333333339,0.040000000000000924,0.3333333333333348,True,0.512,False
25,55,-0.09333333333333282,-0.5600000000000005,0.306999999999999,0.8669999999999995,True,0.733,False
25,56,-0.1466666666666656,-0.4666666666666659,0.05333333333333368,0.5199999999999996,True,0.615,False
25,57,-0.1200000000000001,-0.4800000000000004,0.18666666666666654,0.666666666666667,True,0.631,False
25,58,0.040000000000000036,-0.20000000000000018,0.2666666666666666,0.4666666666666668,True,0.752,False
25,59,-0.10666666666666647,-0.293333333333333,0.040000000000000036,0.33333333333333304,True,0.3625,False
25,60,0.20000000000000018,-0.013333333333332753,0.4666666666666668,0.47999999999999954,False,0.122,False
25,61,-0.1733333333333329,-0.4133333333333331,-0.026666666666666394,0.3866666666666667,True,0.059,False
25,62,-0.040000000000000036,-0.33333333333333304,0.21333333333333382,0.5466666666666669,True,0.7525,False
25,63,-0.1733333333333329,-0.4933333333333332,0.0,0.4933333333333332,True,0.242,False
25,64,-0.03999999999999915,-0.1200000000000001,0.040000000000000924,0.16000000000000103,True,0.5785,False
25,65,-0.040000000000000036,-0.3466666666666667,0.25333333333333385,0.6000000000000005,True,0.803,False
25,66,-0.16000000000000014,-0.413333333333334,0.0,0.413333333333334,True,0.1825,False
25,67,-0.21333333333333293,-0.573666666666666,0.040000000000000924,0.6136666666666669,True,0.3745,False
25,68,0.0,-0.08000000000000007,0.08000000000000007,0.16000000000000014,False,1.0,False
25,69,-0.25333333333333385,-0.6533333333333342,0.026666666666667282,0.6800000000000015,True,0.3105,False
25,70,-0.13333333333333286,-0.42666666666666586,0.04033333333333242,0.4669999999999983,True,0.498,False
25,71,-0.08000000000000007,-0.28000000000000025,0.05333333333333368,0.3333333333333339,True,0.619,False
25,72,-0.08000000000000007,-0.4666666666666668,0.25333333333333385,0.7200000000000006,True,0.7435,False
25,73,-0.25333333333333385,-0.5999999999999996,-8.881784197001252e-16,0.5999999999999988,True,0.178,False
25,74,0.08000000000000007,-0.040000000000000036,0.2803333333333326,0.32033333333333264,False,0.8725,False
25,75,0.026666666666667282,-0.10666666666666647,0.2136666666666653,0.3203333333333318,True,1.0,False
25,76,-0.05333333333333368,-0.3466666666666667,0.2400000000000002,0.5866666666666669,True,0.622,False
25,77,-0.1733333333333329,-0.5999999999999996,0.21333333333333382,0.8133333333333335,True,0.4585,False
25,78,-0.25333333333333385,-0.6133333333333333,-0.05333333333333279,0.5600000000000005,True,0.03,True
25,79,-0.10666666666666647,-0.45333333333333314,0.18666666666666654,0.6399999999999997,True,0.6295,False
25,80,0.05333333333333368,-0.09333333333333282,0.266999999999999,0.36033333333333184,False,1.0,False
25,81,-0.16000000000000014,-0.42666666666666586,-0.013333333333332753,0.4133333333333331,True,0.1205,False
25,82,-0.040000000000000036,-0.10666666666666647,0.0,0.10666666666666647,True,0.493,False
25,83,-0.10666666666666558,-0.3466666666666667,0.05333333333333368,0.40000000000000036,True,0.737,False
25,84,-0.06666666666666643,-0.32033333333333297,0.10666666666666735,0.4270000000000003,True,0.8745,False
25,85,-0.3866666666666667,-0.8403333333333335,-0.013333333333332753,0.8270000000000007,True,0.127,False
25,86,-0.15999999999999925,-0.5733333333333341,0.17333333333333378,0.7466666666666679,True,0.4725,False
25,87,-0.1466666666666665,-0.3466666666666667,8.881784197001252e-16,0.34666666666666757,True,0.171,False
25,88,-0.07999999999999918,-0.3466666666666658,0.08000000000000007,0.42666666666666586,True,0.885,False
25,89,-0.1466666666666674,-0.5733333333333333,0.21333333333333382,0.7866666666666671,True,0.484,False
25,90,-0.25333333333333297,-0.6799999999999997,0.040000000000000924,0.7200000000000006,True,0.3765,False
25,91,-0.13333333333333375,-0.5333333333333323,0.21333333333333382,0.7466666666666661,True,0.547,False
25,92,-0.1200000000000001,-0.4400000000000004,0.20000000000000018,0.6400000000000006,True,0.5445,False
25,93,-0.1466666666666665,-0.5333333333333332,0.20000000000000018,0.7333333333333334,True,0.4555,False
25,94,-0.3199999999999994,-0.7333333333333334,-0.03999999999999915,0.6933333333333342,True,0.0745,False
25,95,-0.42666666666666675,-0.8669999999999999,-0.03999999999999915,0.8270000000000007,True,0.1085,False
25,96,-0.013333333333333641,-0.30666666666666664,0.2666666666666666,0.5733333333333333,True,1.0,False
25,97,0.026666666666667282,-0.10666666666666647,0.21333333333333382,0.3200000000000003,True,1.0,False
25,98,-0.2400000000000011,-0.5599999999999996,0.0,0.5599999999999996,True,0.187,False
25,99,0.013333333333333641,-0.13333333333333375,0.21333333333333382,0.34666666666666757,True,1.0,False
25,100,0.013333333333333641,-0.293333333333333,0.2933333333333339,0.5866666666666669,True,0.935,False
25,101,-0.05333333333333279,-0.3466666666666667,0.21333333333333382,0.5600000000000005,True,0.6845,False
25,102,-0.040000000000000036,-0.10666666666666735,0.013333333333333641,0.120000000000001,True,0.502,False
25,103,8.881784197001252e-16,-0.05333333333333279,0.06666666666666732,0.1200000000000001,False,1.0,False
25,104,-0.013333333333333641,-0.05333333333333368,0.026666666666667282,0.08000000000000096,False,1.0,False
25,105,-0.026666666666666394,-0.320333333333333,0.2666666666666666,0.5869999999999996,True,0.91,False
25,106,-0.13333333333333375,-0.33333333333333304,-0.013333333333332753,0.3200000000000003,True,0.126,False
25,107,-0.28000000000000025,-0.6799999999999997,0.0,0.6799999999999997,True,0.266,False
25,108,0.0,-0.30666666666666753,0.28000000000000114,0.5866666666666687,True,1.0,False
25,109,-0.10666666666666647,-0.4800000000000004,0.18666666666666742,0.6666666666666679,True,0.645,False
25,110,-0.20000000000000018,-0.5333333333333332,0.05333333333333279,0.586666666666666,True,0.404,False
25,111,-0.18666666666666654,-0.5066666666666668,0.05333333333333368,0.5600000000000005,True,0.4405,False
25,112,-0.28000000000000114,-0.6803333333333325,0.013333333333332753,0.6936666666666652,True,0.259,False
25,113,-0.13333333333333286,-0.37333333333333396,0.0,0.37333333333333396,True,0.504,False
25,114,-0.20000000000000018,-0.5066666666666659,0.0,0.5066666666666659,True,0.2645,False
25,115,-0.013333333333332753,-0.09333333333333371,0.06666666666666732,0.16000000000000103,False,1.0,False
25,116,-0.1466666666666674,-0.4666666666666659,0.026666666666667282,0.4933333333333332,True,0.7385,False
25,117,-0.3466666666666667,-0.7333333333333334,-0.02633333333333487,0.7069999999999985,True,0.128,False
25,118,-0.10666666666666735,-0.33333333333333304,0.026666666666666394,0.35999999999999943,True,0.757,False
25,119,-0.16000000000000014,-0.4800000000000004,0.06666666666666643,0.5466666666666669,True,0.5045,False
25,120,-0.013333333333333641,-0.24033333333333295,0.23999999999999932,0.4803333333333323,True,1.0,False
25,121,-0.06666666666666643,-0.3199999999999994,0.10666666666666647,0.42666666666666586,True,0.8855,False
25,122,-0.05333333333333279,-0.3866666666666667,0.25333333333333385,0.6400000000000006,True,0.8245,False
25,123,0.0,-0.08000000000000096,0.08000000000000007,0.16000000000000103,False,1.0,False
25,124,-0.026666666666666394,-0.11999999999999925,0.06666666666666732,0.18666666666666656,True,0.779,False
25,125,-0.1200000000000001,-0.4400000000000004,0.05333333333333279,0.4933333333333332,True,1.0,False
25,126,-0.45333333333333314,-0.8803333333333326,-0.10666666666666647,0.7736666666666662,False,0.018,True
25,127,-0.16000000000000014,-0.6266666666666669,0.21333333333333382,0.8400000000000007,True,0.5185,False
25,128,-0.10666666666666647,-0.4666666666666659,0.22666666666666657,0.6933333333333325,True,0.6245,False
25,129,-0.4133333333333331,-0.8799999999999999,-0.040000000000000036,0.8399999999999999,True,0.117,False
25,130,-0.05333333333333368,-0.45333333333333314,0.25333333333333385,0.706666666666667,True,0.8105,False
25,131,-0.15999999999999925,-0.480666666666665,0.08000000000000007,0.5606666666666651,True,0.4995,False
25,132,0.026666666666666394,-0.3600000000000003,0.3733333333333331,0.7333333333333334,True,1.0,False
25,133,-0.013333333333333641,-0.2666666666666666,0.22666666666666657,0.4933333333333332,True,1.0,False
25,134,-0.06666666666666643,-0.4666666666666659,0.25333333333333385,0.7199999999999998,True,0.7395,False
25,135,-0.06666666666666643,-0.33333333333333215,0.10666666666666647,0.4399999999999986,True,0.874,False
25,136,0.026666666666666394,-0.1200000000000001,0.21333333333333382,0.3333333333333339,True,0.938,False
25,137,-0.2666666666666666,-0.653666666666667,0.026666666666666394,0.6803333333333333,True,0.241,False
25,138,-0.10666666666666647,-0.39999999999999947,0.06666666666666732,0.4666666666666668,True,0.729,False
25,139,-0.05333333333333279,-0.293333333333333,0.18666666666666742,0.4800000000000004,True,0.6325,False
25,140,-0.11999999999999922,-0.3999999999999986,0.05333333333333368,0.45333333333333226,True,0.501,False
25,141,-0.05333333333333279,-0.45333333333333314,0.3200000000000003,0.7733333333333334,True,0.797,False
25,142,-0.3333333333333339,-0.733666666666667,-0.013333333333332753,0.7203333333333343,True,0.1995,False
25,143,-0.18666666666666565,-0.4800000000000004,0.026666666666667282,0.5066666666666677,True,0.3145,False
25,144,-0.30666666666666664,-0.666666666666667,-0.05333333333333279,0.6133333333333342,True,0.0255,True
25,145,-0.026666666666666394,-0.13333333333333375,0.06666666666666646,0.2000000000000002,True,0.825,False
25,146,-0.16000000000000014,-0.5466666666666669,0.17366666666666614,0.720333333333333,True,0.389,False
25,147,0.040000000000000036,-0.09333333333333371,0.2400000000000002,0.3333333333333339,False,0.933,False
25,148,-0.10666666666666647,-0.4400000000000004,0.08033333333333158,0.520333333333332,True,1.0,False
25,149,-0.17333333333333378,-0.626666666666666,0.22699999999999895,0.853666666666665,True,0.503,False
25,150,-0.05333333333333368,-0.1466666666666665,0.026666666666665506,0.173333333333332,True,0.3525,False
25,151,-0.05333333333333279,-0.45333333333333314,0.2666666666666675,0.7200000000000006,True,0.8105,False
25,152,-0.18666666666666654,-0.5333333333333323,0.06666666666666732,0.5999999999999996,True,0.4325,False
25,153,-0.10666666666666647,-0.40000000000000036,0.06666666666666732,0.4666666666666677,True,0.7385,False
25,154,-0.1200000000000001,-0.3466666666666667,0.0,0.3466666666666667,True,0.513,False
25,155,-0.1466666666666665,-0.5600000000000005,0.20000000000000018,0.7600000000000007,True,0.5595,False
25,156,-0.10666666666666735,-0.4666666666666668,0.21333333333333293,0.6799999999999997,True,0.699,False
25,157,-0.1733333333333329,-0.46699999999999947,0.05333333333333368,0.5203333333333331,True,0.3085,False
25,158,-0.3199999999999994,-0.7469999999999989,0.026666666666667282,0.7736666666666662,True,0.1985,False
25,159,-0.1200000000000001,-0.586666666666666,0.25333333333333385,0.8399999999999999,True,0.679,False
25,160,-0.1466666666666665,-0.4800000000000004,0.17333333333333378,0.6533333333333342,True,0.3705,False
25,161,-0.18666666666666742,-0.4666666666666677,0.013333333333333641,0.4800000000000013,True,0.396,False
25,162,-0.06666666666666643,-0.3466666666666667,0.2400000000000002,0.5866666666666669,True,0.6,False
25,163,-0.2666666666666675,-0.6800000000000006,0.013333333333333641,0.6933333333333342,True,0.388,False
25,164,-0.09333333333333282,-0.3600000000000003,0.08000000000000007,0.4400000000000004,True,1.0,False
25,165,0.026666666666666394,-0.05333333333333368,0.1200000000000001,0.17333333333333378,False,0.537,False
25,166,-0.10666666666666558,-0.3466666666666667,0.05333333333333368,0.40000000000000036,True,0.621,False
25,167,-0.2400000000000002,-0.5466666666666669,-0.013333333333332753,0.5333333333333341,True,0.113,False
25,168,-0.013333333333332753,-0.040000000000000036,0.0,0.040000000000000036,False,1.0,False
25,169,0.026666666666667282,-0.2933333333333321,0.2933333333333339,0.586666666666666,True,0.7415,False
25,170,-0.13333333333333375,-0.3866666666666667,0.013333333333333641,0.40000000000000036,True,0.383,False
25,171,-0.1466666666666656,-0.4800000000000004,0.05333333333333368,0.5333333333333341,True,0.6235,False
25,172,-0.05333333333333368,-0.13333333333333375,0.0,0.13333333333333375,True,0.5065,False
25,173,-0.2666666666666666,-0.6933333333333334,0.13333333333333286,0.8266666666666662,True,0.1795,False
25,174,0.013333333333333641,-0.026666666666667282,0.06666666666666643,0.09333333333333371,False,1.0,False
25,175,-0.040000000000000036,-0.3466666666666658,0.22666666666666746,0.5733333333333333,True,0.816,False
25,176,0.013333333333333641,-0.22666666666666568,0.2400000000000002,0.4666666666666659,True,1.0,False
25,177,-0.17333333333333378,-0.5469999999999996,0.1466666666666674,0.693666666666667,True,0.382,False
25,178,-0.08000000000000007,-0.4803333333333331,0.29366666666666535,0.7739999999999985,True,0.7485,False
25,179,-0.293333333333333,-0.6533333333333333,0.0,0.6533333333333333,True,0.1635,False
25,180,0.06666666666666732,-0.013333333333332753,0.15999999999999928,0.17333333333333203,False,0.247,False
25,181,-0.2400000000000002,-0.6399999999999997,0.040000000000000056,0.6799999999999997,True,0.361,False
25,182,-0.013333333333333641,-0.30666666666666664,0.2666666666666675,0.5733333333333341,True,1.0,False
25,183,-0.30666666666666664,-0.7066666666666661,-0.013333333333332753,0.6933333333333334,True,0.1275,False
25,184,-0.06666666666666732,-0.4400000000000004,0.2136666666666653,0.6536666666666657,True,0.8645,False
25,185,-0.4933333333333332,-0.9199999999999999,-0.1200000000000001,0.7999999999999998,False,0.0275,True
25,186,-0.20000000000000018,-0.6133333333333324,0.17333333333333292,0.7866666666666653,True,0.419,False
25,187,-0.4133333333333331,-0.8669999999999999,-0.05333333333333368,0.8136666666666662,True,0.062,False
25,188,-0.040000000000000036,-0.3600000000000003,0.2400000000000002,0.6000000000000005,True,1.0,False
25,189,-0.040000000000000036,-0.22666666666666746,0.09333333333333282,0.3200000000000003,True,1.0,False
25,190,0.06666666666666732,-0.09333333333333282,0.28000000000000114,0.37333333333333396,False,0.741,False
25,191,0.21333333333333382,8.881784197001252e-16,0.4803333333333328,0.4803333333333319,False,0.1245,False
25,192,-0.18666666666666654,-0.5599999999999987,0.1466666666666674,0.7066666666666661,True,0.3335,False
25,193,-0.09333333333333371,-0.42666666666666675,0.22666666666666568,0.6533333333333324,True,0.558,False
25,194,-0.21333333333333293,-0.626666666666666,0.18666666666666654,0.8133333333333326,True,0.4065,False
25,195,-0.06666666666666643,-0.3866666666666667,0.21333333333333293,0.5999999999999996,True,0.756,False
25,196,-0.1466666666666665,-0.4933333333333323,0.17333333333333378,0.6666666666666661,True,0.46,False
25,197,-0.040000000000000036,-0.28000000000000025,0.20000000000000018,0.4800000000000004,True,0.751,False
25,198,-0.11999999999999922,-0.45333333333333314,0.18666666666666742,0.6400000000000006,True,0.547,False
25,199,8.881784197001252e-16,-0.05333333333333279,0.06699999999999968,0.12033333333333247,False,1.0,False
25,200,-0.2666666666666675,-0.6133333333333333,-0.013333333333332753,0.6000000000000005,True,0.123,False
25,201,-0.16000000000000014,-0.47999999999999954,0.16000000000000014,0.6399999999999997,True,0.3285,False
25,202,-0.1466666666666665,-0.42666666666666586,0.026666666666667282,0.45333333333333314,True,0.311,False
25,203,-0.2400000000000011,-0.6800000000000006,0.1200000000000001,0.8000000000000007,True,0.2825,False
25,204,-0.18666666666666742,-0.42666666666666675,-0.026666666666666394,0.40000000000000036,True,0.066,False
25,205,0.06666666666666732,-0.25333333333333297,0.40000000000000036,0.6533333333333333,True,0.933,False
25,206,-0.013333333333332753,-0.09333333333333371,0.06666666666666643,0.16000000000000014,False,1.0,False
25,207,-0.1466666666666665,-0.4400000000000004,0.0,0.4400000000000004,True,1.0,False
25,208,-0.28000000000000025,-0.6799999999999997,0.013333333333333641,0.6933333333333334,True,0.1895,False
25,209,-0.1466666666666665,-0.4400000000000004,0.05333333333333279,0.4933333333333332,True,0.4995,False
25,210,0.013333333333333641,-0.13333333333333375,0.21366666666666534,0.3469999999999991,True,1.0,False
25,211,-0.16000000000000014,-0.42666666666666675,0.0,0.42666666666666675,True,0.241,False
25,212,-0.23999999999999932,-0.586666666666666,0.026666666666666394,0.6133333333333324,True,0.254,False
25,213,-0.08000000000000007,-0.3866666666666658,0.22666666666666657,0.6133333333333324,True,0.57,False
25,214,-0.05333333333333279,-0.25333333333333297,0.09333333333333371,0.3466666666666667,True,0.8055,False
25,215,-0.1466666666666674,-0.46700000000000036,0.1466666666666665,0.6136666666666668,True,0.381,False
25,216,-0.026666666666666394,-0.06666666666666643,0.0,0.06666666666666643,False,0.4955,False
25,217,0.026666666666667282,0.0,0.08000000000000007,0.08000000000000007,False,1.0,False
25,218,-0.3200000000000012,-0.6533333333333342,-0.026666666666667282,0.6266666666666669,True,0.091,False
25,219,-0.1733333333333329,-0.4800000000000004,0.053666666666665155,0.5336666666666656,True,0.3695,False
25,220,-0.2933333333333339,-0.613666666666666,-0.040000000000000036,0.573666666666666,True,0.069,False
25,221,-0.21333333333333293,-0.5470000000000005,0.013333333333333641,0.5603333333333341,True,0.197,False
25,222,-0.28000000000000114,-0.6799999999999997,0.0,0.6799999999999997,True,0.1965,False
25,223,-0.040000000000000036,-0.3466666666666667,0.25333333333333297,0.5999999999999996,True,0.598,False
25,224,-0.09333333333333371,-0.4666666666666668,0.25333333333333297,0.7199999999999998,True,0.687,False
25,225,-0.18666666666666742,-0.4536666666666667,-8.881784197001252e-16,0.45366666666666583,True,0.115,False
25,226,-0.3333333333333339,-0.7999999999999998,0.013333333333333641,0.8133333333333335,True,0.168,False
25,227,-0.013333333333332753,-0.09333333333333282,0.06666666666666732,0.16000000000000014,False,1.0,False
25,228,-0.22666666666666657,-0.6799999999999997,0.1200000000000001,0.7999999999999998,True,0.3095,False
25,229,-0.05333333333333279,-0.3999999999999986,0.2400000000000002,0.6399999999999988,True,0.705,False
25,230,-0.18666666666666654,-0.546666666666666,0.08000000000000007,0.626666666666666,True,0.438,False
25,231,0.026666666666667282,-0.3200000000000003,0.3333333333333339,0.6533333333333342,True,0.7945,False
25,232,-0.05333333333333279,-0.4400000000000004,0.2666666666666666,0.706666666666667,True,0.867,False
25,233,-0.040000000000000924,-0.10666666666666735,0.026666666666666394,0.13333333333333375,True,0.4985,False
25,234,-0.08000000000000007,-0.3200000000000003,0.05333333333333279,0.3733333333333331,True,1.0,False
25,235,-0.3200000000000003,-0.6803333333333333,-0.013333333333333641,0.6669999999999997,True,0.1285,False
25,236,-0.22666666666666657,-0.5866666666666669,0.040000000000000036,0.6266666666666669,True,0.316,False
25,237,0.10666666666666647,-0.05333333333333279,0.30666666666666664,0.35999999999999943,False,0.401,False
25,238,-0.040000000000000036,-0.33333333333333304,0.25333333333333385,0.5866666666666669,True,0.62,False
25,239,0.013333333333333641,-0.05333333333333279,0.09333333333333282,0.1466666666666656,False,0.877,False
25,240,-0.22666666666666657,-0.5603333333333332,0.040000000000000036,0.6003333333333333,True,0.294,False
25,241,-0.3733333333333331,-0.7599999999999998,-0.05333333333333279,0.706666666666667,True,0.0705,False
25,242,-0.026666666666666394,-0.4400000000000004,0.28033333333333266,0.720333333333333,True,1.0,False
25,243,-0.10666666666666735,-0.40000000000000036,0.09333333333333282,0.4933333333333332,True,0.694,False
25,244,-0.026666666666666394,-0.40000000000000036,0.3333333333333339,0.7333333333333343,True,0.913,False
25,245,-0.05333333333333368,-0.3866666666666667,0.25333333333333385,0.6400000000000006,True,0.623,False
25,246,-0.013333333333333641,-0.360333333333333,0.2933333333333339,0.6536666666666668,True,1.0,False
25,247,-0.1466666666666665,-0.40000000000000036,0.0,0.40000000000000036,True,0.2375,False
25,248,-0.22666666666666746,-0.5199999999999996,-0.026666666666666394,0.4933333333333332,True,0.127,False
25,249,-0.1466666666666665,-0.3866666666666667,-0.013333333333332753,0.37333333333333396,True,0.124,False
25,250,-0.06666666666666732,-0.2400000000000002,0.040000000000000036,0.28000000000000025,True,1.0,False
25,251,-0.2666666666666666,-0.5999999999999996,-0.013333333333332753,0.5866666666666669,True,0.112,False
25,252,-0.05333333333333368,-0.42666666666666675,0.2400000000000011,0.6666666666666679,True,0.887,False
25,253,-0.1999999999999993,-0.5069999999999987,0.040000000000000924,0.5469999999999996,True,0.378,False
25,254,-0.1466666666666665,-0.6003333333333333,0.2400000000000011,0.8403333333333344,True,0.5635,False
25,255,-0.09333333333333371,-0.42666666666666586,0.21333333333333382,0.6399999999999997,True,0.619,False
25,256,-0.2666666666666675,-0.7199999999999998,0.1200000000000001,0.8399999999999999,True,0.2425,False
25,257,-0.2666666666666666,-0.6799999999999997,0.0,0.6799999999999997,True,0.5035,False
25,258,-0.18666666666666565,-0.5066666666666668,0.026666666666666394,0.5333333333333332,True,0.2935,False
25,259,-0.2933333333333339,-0.6533333333333333,-0.01333333333333453,0.6399999999999988,True,0.1395,False
25,260,-0.28000000000000025,-0.6400000000000006,-0.013333333333333641,0.6266666666666669,True,0.12,False
25,261,-0.13333333333333286,-0.3739999999999994,0.05333333333333279,0.4273333333333322,True,0.5245,False
25,262,-0.10666666666666647,-0.35999999999999943,0.08000000000000007,0.4399999999999995,True,0.5875,False
25,263,-0.30666666666666753,-0.6666666666666661,-0.013000000000001254,0.6536666666666648,True,0.1925,False
25,264,-0.040000000000000036,-0.293333333333333,0.22666666666666746,0.5200000000000005,True,0.744,False
25,265,-0.18666666666666654,-0.5199999999999996,0.0,0.5199999999999996,True,0.2515,False
25,266,-0.23999999999999932,-0.5599999999999996,0.000333333333332388,0.560333333333332,True,0.18,False
25,267,-0.10666666666666647,-0.40000000000000036,0.09333333333333371,0.49333333333333407,True,0.6965,False
25,268,0.05333333333333368,-0.09333333333333371,0.24033333333333257,0.3336666666666663,False,0.7805,False
25,269,0.0,-0.08000000000000007,0.08000000000000007,0.16000000000000014,False,1.0,False
25,270,-0.09333333333333371,-0.45333333333333226,0.23999999999999932,0.6933333333333316,True,0.6985,False
25,271,-0.013333333333333641,-0.3199999999999994,0.25333333333333385,0.5733333333333333,True,1.0,False
25,272,-0.10666666666666735,-0.4666666666666668,0.20000000000000018,0.666666666666667,True,0.658,False
25,273,-0.1466666666666665,-0.40000000000000036,0.0,0.40000000000000036,True,0.2415,False
25,274,-0.026666666666666394,-0.13333333333333375,0.05333333333333368,0.18666666666666742,True,1.0,False
25,275,-0.2400000000000002,-0.5599999999999996,-0.013333333333332753,0.5466666666666669,True,0.1345,False
25,276,-0.20000000000000018,-0.6399999999999997,0.17333333333333378,0.8133333333333335,True,0.391,False
25,277,-0.3333333333333339,-0.6933333333333334,0.0,0.6933333333333334,True,0.188,False
25,278,-0.06666666666666732,-0.38699999999999946,0.24033333333333257,0.627333333333332,True,0.693,False
25,279,-0.15999999999999925,-0.47999999999999954,0.06666666666666732,0.5466666666666669,True,0.4325,False
25,280,-0.1999999999999993,-0.5999999999999996,0.17333333333333378,0.7733333333333334,True,0.3885,False
25,281,0.09333333333333282,0.0,0.2666666666666666,0.2666666666666666,False,0.5,False
25,282,-0.026666666666666394,-0.23999999999999935,0.13333333333333286,0.3733333333333322,True,0.9105,False
25,283,-0.013333333333332753,-0.10666666666666558,0.07999999999999918,0.18666666666666476,True,1.0,False
25,284,-0.05333333333333279,-0.3866666666666667,0.25333333333333385,0.6400000000000006,True,0.7015,False
25,285,-0.16000000000000103,-0.4800000000000004,0.026666666666666394,0.5066666666666668,True,0.492,False
25,286,0.08000000000000007,-0.040000000000000036,0.2666666666666666,0.30666666666666664,False,0.679,False
25,287,0.026666666666666394,-0.2933333333333339,0.3466666666666667,0.6400000000000006,True,1.0,False
25,288,-0.10666666666666647,-0.3070000000000002,0.040000000000000924,0.34700000000000114,True,0.3865,False
25,289,-0.4666666666666659,-0.9333333333333336,-0.08000000000000007,0.8533333333333335,True,0.055,False
25,290,-0.1466666666666665,-0.4800000000000004,0.05333333333333368,0.5333333333333341,True,0.6085,False
25,291,-0.2933333333333339,-0.6799999999999997,0.0,0.6799999999999997,True,0.193,False
25,292,-0.026666666666667282,-0.08000000000000007,0.0,0.08000000000000007,False,1.0,False
25,293,-0.13333333333333375,-0.3200000000000003,-0.013333333333332753,0.30666666666666753,True,0.117,False
25,294,0.06666666666666732,-0.09333333333333282,0.28000000000000025,0.3733333333333331,False,0.676,False
25,295,0.06666666666666643,-0.05333333333333279,0.28000000000000025,0.33333333333333304,False,1.0,False
25,296,-0.09333333333333282,-0.39999999999999947,0.18666666666666742,0.5866666666666669,True,0.5845,False
25,297,-0.040000000000000036,-0.25333333333333385,0.10699999999999883,0.3603333333333327,True,0.884,False
25,298,-0.10666666666666735,-0.5466666666666669,0.25333333333333385,0.8000000000000007,True,0.7135,False
25,299,-0.1466666666666665,-0.5466666666666669,0.18666666666666654,0.7333333333333334,True,0.628,False
25,300,-0.10666666666666647,-0.45333333333333314,0.10666666666666647,0.5599999999999996,True,0.8775,False
25,301,-0.08000000000000007,-0.49333333333333407,0.29366666666666535,0.7869999999999995,True,0.6795,False
25,302,-0.1200000000000001,-0.47999999999999954,0.10666666666666735,0.5866666666666669,True,0.7715,False
25,303,-0.09333333333333371,-0.4133333333333331,0.20000000000000018,0.6133333333333333,True,0.604,False
25,304,0.026666666666667282,-0.27999999999999936,0.2933333333333339,0.5733333333333333,True,0.7635,False
25,305,-0.2933333333333339,-0.6799999999999997,-0.013333333333332753,0.666666666666667,True,0.1245,False
25,306,-0.03999999999999915,-0.1200000000000001,0.040000000000000924,0.16000000000000103,True,0.5745,False
25,307,-0.25333333333333385,-0.7866666666666671,0.22666666666666657,1.0133333333333336,True,0.395,False
25,308,-0.28000000000000025,-0.6799999999999997,0.013333333333333641,0.6933333333333334,True,0.201,False
25,309,-0.026666666666666394,-0.11999999999999925,0.06666666666666732,0.18666666666666656,True,0.788,False
25,310,-0.09333333333333371,-0.3466666666666667,0.08000000000000007,0.42666666666666675,True,0.6875,False
25,311,-0.18666666666666654,-0.5733333333333324,0.1466666666666674,0.7199999999999998,True,0.329,False
25,312,-0.17333333333333378,-0.4666666666666668,0.026666666666666415,0.4933333333333332,True,0.252,False
25,313,-0.1466666666666674,-0.413333333333334,0.013333333333333641,0.42666666666666764,True,0.3775,False
25,314,-0.040000000000000036,-0.4133333333333331,0.293333333333333,0.7066666666666661,True,0.88,False
25,315,-0.013333333333333641,-0.10666666666666647,0.0669999999999988,0.17366666666666525,True,1.0,False
25,316,-0.1466666666666665,-0.45333333333333314,0.040000000000000056,0.4933333333333332,True,0.4035,False
25,317,-0.22666666666666657,-0.5466666666666669,0.026666666666666394,0.5733333333333333,True,0.257,False
25,318,0.0,-0.2400000000000002,0.2400000000000002,0.4800000000000004,True,1.0,False
25,319,-0.1200000000000001,-0.34666666666666757,0.05333333333333368,0.40000000000000124,True,0.4935,False
25,320,0.026666666666667282,-0.33333333333333215,0.30666666666666753,0.6399999999999997,True,0.77,False
25,321,-0.3866666666666676,-0.8400000000000007,-0.040000000000000924,0.7999999999999998,True,0.1155,False
25,322,-0.1466666666666674,-0.5599999999999996,0.18666666666666742,0.746666666666667,True,0.52,False
25,323,-0.1733333333333329,-0.4400000000000004,-0.013333333333332753,0.42666666666666764,True,0.121,False
25,324,-0.026666666666667282,-0.08000000000000096,0.0,0.08000000000000096,False,1.0,False
25,325,-0.17333333333333378,-0.4933333333333323,0.06666666666666732,0.5599999999999996,True,0.342,False
25,326,-0.1466666666666656,-0.3866666666666667,0.026666666666667282,0.413333333333334,True,0.305,False
25,327,-0.026666666666666394,-0.120000000000001,0.06666666666666643,0.18666666666666742,True,0.8005,False
25,328,0.0,-0.08000000000000007,0.08000000000000007,0.16000000000000014,False,1.0,False
25,329,0.0,-0.09333333333333371,0.09333333333333282,0.18666666666666654,False,1.0,False
25,330,-0.026666666666666394,-0.3200000000000003,0.2666666666666657,0.586666666666666,True,0.809,False
25,331,0.09333333333333371,-0.05333333333333368,0.30666666666666664,0.3600000000000003,False,0.7365,False
25,332,-0.3466666666666658,-0.6933333333333325,-0.0666666666666664,0.626666666666666,True,0.0555,False
25,333,-0.21333333333333293,-0.5999999999999996,0.040000000000000924,0.6400000000000006,True,0.3575,False
25,334,-0.026666666666666394,-0.33333333333333304,0.25333333333333385,0.5866666666666669,True,0.7555,False
25,335,-0.07999999999999918,-0.3600000000000003,0.10666666666666647,0.4666666666666668,True,0.8615,False
25,336,-0.013333333333332753,-0.09333333333333282,0.06666666666666732,0.16000000000000014,False,1.0,False
25,337,0.09333333333333282,-0.05333333333333368,0.2933333333333339,0.34666666666666757,False,0.504,False
25,338,-0.05333333333333279,-0.47999999999999954,0.3336666666666654,0.813666666666665,True,0.7895,False
25,339,-0.20000000000000018,-0.626666666666666,0.16000000000000014,0.7866666666666662,True,0.3795,False
25,340,-0.1999999999999993,-0.6266666666666669,0.17333333333333378,0.8000000000000007,True,0.33,False
25,341,-0.13333333333333286,-0.30666666666666664,-0.013333333333332753,0.2933333333333339,True,0.131,False
25,342,-0.040000000000000036,-0.4133333333333331,0.2400000000000002,0.6533333333333333,True,0.9385,False
25,343,-0.16000000000000014,-0.413333333333334,0.026666666666666394,0.4400000000000004,True,0.2445,False
25,344,0.17333333333333378,-0.026666666666666394,0.4400000000000004,0.4666666666666668,False,0.2575,False
25,345,-0.040000000000000036,-0.33333333333333304,0.22666666666666746,0.5600000000000005,True,0.7535,False
25,346,-0.3600000000000003,-0.7199999999999998,-0.05333333333333279,0.666666666666667,True,0.026,True
25,347,0.013333333333333641,-0.05333333333333279,0.08000000000000096,0.13333333333333375,False,0.8785,False
25,348,-0.3333333333333339,-0.8136666666666662,0.08000000000000007,0.8936666666666663,True,0.134,False
25,349,-0.2933333333333339,-0.7736666666666662,0.08000000000000007,0.8536666666666662,True,0.1855,False
25,350,-0.1200000000000001,-0.37333333333333396,0.05333333333333279,0.42666666666666675,True,0.507,False
25,351,-0.3600000000000003,-0.8403333333333335,0.06666666666666732,0.9070000000000008,True,0.168,False
25,352,-0.17333333333333378,-0.5869999999999987,0.17333333333333378,0.7603333333333325,True,0.436,False
25,353,-0.17333333333333378,-0.6000000000000005,0.20000000000000018,0.8000000000000007,True,0.4445,False
25,354,-0.09333333333333282,-0.42666666666666586,0.20033333333333167,0.6269999999999976,True,0.6895,False
25,355,8.881784197001252e-16,-0.30666666666666575,0.28000000000000025,0.586666666666666,True,1.0,False
25,356,0.013333333333332753,0.0,0.040000000000000036,0.040000000000000036,False,1.0,False
25,357,-0.013333333333332753,-0.09333333333333282,0.06666666666666732,0.16000000000000014,False,1.0,False
25,358,-0.05333333333333368,-0.1466666666666665,0.013333333333333641,0.16000000000000014,True,0.372,False
25,359,-0.2400000000000002,-0.5999999999999988,0.026666666666667282,0.626666666666666,True,0.244,False
25,360,-0.06666666666666643,-0.3200000000000003,0.09333333333333371,0.413333333333334,True,0.934,False
25,361,0.06666666666666643,-0.06666666666666643,0.2666666666666666,0.33333333333333304,False,0.7455,False
25,362,-0.10666666666666647,-0.3866666666666658,0.08000000000000007,0.4666666666666659,True,0.681,False
25,363,-0.22666666666666746,-0.5199999999999996,-0.013333333333333641,0.5066666666666659,True,0.1315,False
25,364,0.03999999999999915,-0.05333333333333279,0.13333333333333375,0.18666666666666654,False,0.6165,False
25,365,-0.07999999999999918,-0.3200000000000003,0.08000000000000007,0.40000000000000036,True,1.0,False
25,366,0.040000000000000036,-0.13333333333333375,0.28000000000000025,0.413333333333334,True,0.908,False
25,367,0.013333333333332753,0.0,0.040000000000000036,0.040000000000000036,False,1.0,False
25,368,-0.25333333333333297,-0.6799999999999997,0.09333333333333371,0.7733333333333334,True,0.2795,False
25,369,-0.040000000000000036,-0.3466666666666667,0.25333333333333297,0.5999999999999996,True,0.623,False
25,370,0.13333333333333375,-0.026666666666666394,0.3600000000000003,0.3866666666666667,False,0.193,False
25,371,0.08000000000000007,-0.040000000000000036,0.28000000000000025,0.3200000000000003,False,1.0,False
25,372,8.881784197001252e-16,-0.3199999999999994,0.2933333333333339,0.6133333333333333,True,1.0,False
25,373,0.09333333333333371,-0.05333333333333368,0.30666666666666664,0.3600000000000003,False,0.742,False
25,374,0.013333333333333641,-0.29366666666666574,0.3200000000000003,0.613666666666666,True,1.0,False
25,375,-0.25333333333333385,-0.6000000000000005,0.0,0.6000000000000005,True,0.1515,False
25,376,-0.026666666666667282,-0.2939999999999994,0.2400000000000002,0.5339999999999996,True,1.0,False
25,377,-0.1200000000000001,-0.42666666666666675,0.08000000000000007,0.5066666666666668,True,0.602,False
25,378,-0.026666666666666394,-0.33333333333333304,0.22666666666666657,0.5599999999999996,True,0.9045,False
25,379,-0.1466666666666665,-0.5199999999999996,0.18666666666666654,0.7066666666666661,True,0.445,False
25,380,-0.16000000000000014,-0.546666666666666,0.17366666666666528,0.7203333333333313,True,0.393,False
25,381,-0.1200000000000001,-0.3466666666666667,0.026666666666666394,0.3733333333333331,True,0.5095,False
25,382,-0.20000000000000018,-0.5333333333333323,0.040000000000000924,0.5733333333333333,True,0.3895,False
25,383,-0.18666666666666742,-0.5999999999999996,0.1466666666666674,0.746666666666667,True,0.359,False
25,384,-0.18666666666666742,-0.5469999999999996,0.08000000000000007,0.6269999999999997,True,0.4195,False
25,385,-0.040000000000000036,-0.26700000000000024,0.18666666666666654,0.4536666666666668,True,0.751,False
25,386,-0.1200000000000001,-0.4666666666666668,0.20000000000000018,0.666666666666667,True,0.578,False
25,387,-0.17333333333333378,-0.4399999999999995,-0.013333333333333641,0.42666666666666586,True,0.0985,False
25,388,-0.3200000000000003,-0.7466666666666661,0.040000000000000036,0.7866666666666662,True,0.2315,False
25,389,-0.2666666666666657,-0.626666666666666,0.0,0.626666666666666,True,0.154,False
25,390,-0.013333333333332753,-0.11999999999999922,0.09333333333333371,0.21333333333333293,True,1.0,False
25,391,-0.20000000000000018,-0.42666666666666675,-0.040000000000000036,0.3866666666666667,True,0.0295,True
25,392,-0.2400000000000002,-0.5333333333333332,-0.026666666666666394,0.5066666666666668,True,0.0845,False
25,393,-0.3200000000000003,-0.6399999999999997,-0.06666666666666643,0.5733333333333333,True,0.016,True
25,394,-0.040000000000000036,-0.3600000000000003,0.2666666666666675,0.6266666666666678,True,0.761,False
25,395,0.040000000000000036,-0.13333333333333286,0.2666666666666666,0.39999999999999947,True,0.884,False
25,396,0.09333333333333282,-0.06666666666666643,0.3200000000000012,0.3866666666666676,False,0.63,False
25,397,-0.2666666666666666,-0.7466666666666661,0.13333333333333286,0.879999999999999,True,0.304,False
25,398,-0.026666666666667282,-0.3866666666666667,0.33333333333333304,0.7199999999999998,True,0.905,False
25,399,-0.1466666666666674,-0.5603333333333324,0.21333333333333293,0.7736666666666653,True,0.561,False
25,400,-0.1466666666666665,-0.38699999999999946,0.0,0.38699999999999946,True,0.2405,False
25,401,0.040000000000000036,0.0,0.10666666666666647,0.10666666666666647,False,0.4895,False
25,402,-0.05333333333333368,-0.4400000000000004,0.25333333333333297,0.6933333333333334,True,0.773,False
25,403,-0.013333333333333641,-0.05333333333333368,0.026666666666667282,0.08000000000000096,False,1.0,False
25,404,8.881784197001252e-16,-0.25366666666666654,0.25333333333333385,0.5070000000000003,True,1.0,False
25,405,-0.40000000000000036,-0.7733333333333334,-0.08000000000000096,0.6933333333333325,True,0.0305,True
25,406,-0.1999999999999993,-0.626666666666666,0.09333333333333371,0.7199999999999998,True,0.4605,False
25,407,0.06666666666666643,-0.05333333333333279,0.25333333333333385,0.30666666666666664,False,0.8865,False
25,408,-0.1466666666666674,-0.4003333333333331,0.0,0.4003333333333331,True,0.254,False
25,409,-0.3199999999999994,-0.7066666666666661,-0.026666666666666394,0.6799999999999997,True,0.0795,False
25,410,-0.013333333333333641,-0.3200000000000003,0.25333333333333385,0.5733333333333341,True,1.0,False
25,411,-0.11999999999999922,-0.4933333333333323,0.18666666666666654,0.6799999999999988,True,0.5765,False
25,412,-0.09333333333333282,-0.27999999999999936,0.040000000000000924,0.3200000000000003,True,0.4945,False
25,413,-0.25333333333333385,-0.5999999999999996,0.013333333333333641,0.6133333333333333,True,0.1885,False
25,414,-0.2933333333333339,-0.653666666666667,-0.026666666666666394,0.6270000000000006,True,0.052,False
25,415,-0.3200000000000003,-0.7199999999999998,-0.026666666666666394,0.6933333333333334,True,0.061,False
25,416,-0.37333333333333396,-0.8003333333333335,-0.026666666666667282,0.7736666666666662,True,0.1315,False
25,417,0.040000000000000036,-0.10666666666666647,0.2666666666666675,0.37333333333333396,True,1.0,False
25,418,0.06666666666666732,-0.06666666666666643,0.28000000000000025,0.3466666666666667,False,0.935,False
25,419,-0.026666666666666394,-0.12033333333333371,0.06666666666666732,0.18700000000000103,True,0.8375,False
25,420,-0.16000000000000014,-0.45333333333333314,0.05333333333333368,0.5066666666666668,True,0.442,False
25,421,-0.4133333333333331,-0.8536666666666662,-0.0796666666666677,0.7739999999999986,True,0.0325,True
25,422,-0.21333333333333382,-0.5199999999999996,0.0,0.5199999999999996,True,0.181,False
25,423,0.1200000000000001,0.0,0.33333333333333304,0.33333333333333304,False,0.511,False
25,424,-0.22666666666666657,-0.5999999999999996,0.03999999999999915,0.6399999999999988,True,0.3235,False
25,425,-0.1466666666666674,-0.40000000000000036,0.0,0.40000000000000036,True,0.2425,False
25,426,-0.293333333333333,-0.7066666666666661,-0.013333333333332753,0.6933333333333334,True,0.1125,False
25,427,0.0,-0.33333333333333304,0.30666666666666664,0.6399999999999997,True,0.934,False
25,428,-0.10666666666666647,-0.30666666666666664,0.0,0.30666666666666664,True,0.255,False
25,429,-0.17333333333333378,-0.586666666666666,0.17333333333333378,0.7599999999999998,True,0.4495,False
25,430,-0.3200000000000003,-0.7869999999999998,0.09333333333333371,0.8803333333333335,True,0.153,False
25,431,0.1466666666666665,-0.05333333333333368,0.4003333333333319,0.45366666666666555,False,0.4225,False
25,432,-0.05333333333333279,-0.46700000000000036,0.3200000000000003,0.7870000000000006,True,0.778,False
25,433,-0.1466666666666674,-0.38700000000000034,0.013333333333332753,0.4003333333333331,True,0.246,False
25,434,-0.2666666666666666,-0.666666666666667,0.01333333333333453,0.6800000000000015,True,0.2555,False
25,435,-0.08000000000000096,-0.45333333333333314,0.21333333333333293,0.6666666666666661,True,0.76,False
25,436,-0.10666666666666647,-0.3733333333333331,0.06666666666666732,0.4400000000000004,True,0.756,False
25,437,0.05333333333333368,-0.10666666666666647,0.25333333333333385,0.3600000000000003,True,0.7835,False
25,438,-0.07999999999999918,-0.3200000000000003,0.08000000000000007,0.40000000000000036,True,1.0,False
25,439,-0.06666666666666643,-0.35999999999999943,0.20000000000000107,0.5600000000000005,True,0.696,False
25,440,-0.25333333333333385,-0.666666666666667,0.026666666666666394,0.6933333333333334,True,0.4885,False
25,441,0.0,-0.040000000000000036,0.040000000000000036,0.08000000000000007,False,1.0,False
25,442,-0.3466666666666667,-0.7999999999999998,0.026666666666667282,0.8266666666666671,True,0.2125,False
25,443,0.10666666666666735,-0.013333333333333641,0.30666666666666664,0.3200000000000003,False,0.375,False
25,444,-0.05333333333333368,-0.13333333333333375,0.0,0.13333333333333375,True,0.513,False
25,445,-0.17333333333333378,-0.5599999999999987,0.1466666666666665,0.7066666666666652,True,0.4345,False
25,446,-0.21333333333333293,-0.5066666666666659,8.881784197001252e-16,0.5066666666666668,True,0.1895,False
25,447,-0.026666666666666394,-0.22666666666666657,0.1200000000000001,0.3466666666666667,True,0.934,False
25,448,0.1466666666666665,8.881784197001252e-16,0.37333333333333396,0.3733333333333331,False,0.191,False
25,449,-0.33333333333333304,-0.7866666666666662,0.08000000000000007,0.8666666666666663,True,0.1285,False
25,450,0.040000000000000036,0.0,0.10666666666666647,0.10666666666666647,False,0.4955,False
25,451,-0.21333333333333293,-0.49333333333333407,8.881784197001252e-16,0.49333333333333496,True,0.177,False
25,452,0.013333333333332753,-0.09333333333333282,0.1200000000000001,0.21333333333333293,False,0.913,False
25,453,-0.25333333333333297,-0.6133333333333333,8.881784197001252e-16,0.6133333333333342,True,0.171,False
25,454,0.026666666666666394,-0.2933333333333339,0.3466666666666667,0.6400000000000006,True,1.0,False
25,455,-0.16000000000000014,-0.40000000000000036,0.0,0.40000000000000036,True,0.244,False
25,456,-0.10666666666666647,-0.34666666666666757,0.040000000000000036,0.3866666666666676,True,0.6735,False
25,457,0.05333333333333279,-0.08000000000000007,0.2400000000000002,0.3200000000000003,False,1.0,False
25,458,-0.06666666666666643,-0.4666666666666668,0.33333333333333304,0.7999999999999998,True,0.6755,False
25,459,-0.28000000000000025,-0.6133333333333333,-0.026666666666666394,0.5866666666666669,True,0.0995,False
25,460,-0.22666666666666657,-0.6266666666666669,0.14666666666666653,0.7733333333333334,True,0.2845,False
25,461,-0.1733333333333329,-0.5066666666666659,0.026666666666667282,0.5333333333333332,True,0.3825,False
25,462,0.10666666666666735,-0.013333333333333641,0.293333333333333,0.30666666666666664,False,0.3765,False
25,463,-0.3333333333333339,-0.7736666666666671,0.0,0.7736666666666671,True,0.184,False
25,464,-0.22666666666666657,-0.5599999999999996,0.026666666666667282,0.5866666666666669,True,0.3855,False
25,465,-0.13333333333333375,-0.320333333333333,-8.881784197001252e-16,0.32033333333333214,True,0.1655,False
25,466,-0.10666666666666647,-0.3200000000000003,0.0,0.3200000000000003,True,0.4855,False
25,467,0.10666666666666735,0.0,0.30666666666666664,0.30666666666666664,False,0.502,False
25,468,0.026666666666666394,-0.05333333333333368,0.10666666666666647,0.16000000000000014,False,1.0,False
25,469,0.0,-0.040000000000000036,0.040000000000000036,0.08000000000000007,False,1.0,False
25,470,-0.1200000000000001,-0.42666666666666764,0.08000000000000007,0.5066666666666677,True,0.884,False
25,471,-0.026666666666666394,-0.3199999999999994,0.21333333333333382,0.5333333333333332,True,0.882,False
25,472,-0.33333333333333304,-0.7199999999999998,-0.05333333333333279,0.666666666666667,True,0.067,False
25,473,-0.28000000000000114,-0.6400000000000006,-0.026666666666666394,0.6133333333333342,True,0.0995,False
25,474,0.09333333333333371,-0.06666666666666646,0.3200000000000003,0.3866666666666667,False,0.642,False
25,475,-0.18666666666666654,-0.4400000000000004,-0.026666666666667282,0.4133333333333331,True,0.0725,False
25,476,-0.2933333333333339,-0.6669999999999997,-0.013333333333332753,0.653666666666667,True,0.1325,False
25,477,-0.2400000000000002,-0.5599999999999996,0.0,0.5599999999999996,True,0.2475,False
25,478,-0.013333333333333641,-0.3466666666666667,0.28000000000000025,0.6266666666666669,True,1.0,False
25,479,0.09333333333333371,-0.05333333333333368,0.3203333333333309,0.3736666666666646,False,0.7505,False
25,480,-0.17333333333333378,-0.42666666666666764,0.0,0.42666666666666764,True,0.193,False
25,481,-0.05333333333333279,-0.4536666666666667,0.26699999999999896,0.7206666666666657,True,0.881,False
25,482,-0.026666666666667282,-0.3466666666666667,0.25333333333333297,0.5999999999999996,True,0.85,False
25,483,-0.09333333333333371,-0.3333333333333339,0.05333333333333279,0.3866666666666667,True,0.8825,False
25,484,0.040000000000000924,-0.026666666666666394,0.120000000000001,0.1466666666666674,False,0.4995,False
25,485,-0.06666666666666643,-0.45333333333333314,0.2666666666666666,0.7199999999999998,True,0.756,False
25,486,-0.06666666666666643,-0.3866666666666667,0.21333333333333382,0.6000000000000005,True,0.722,False
25,487,-0.28000000000000025,-0.6266666666666669,0.013333333333332753,0.6399999999999997,True,0.232,False
25,488,-0.28000000000000025,-0.6133333333333333,-0.013333333333332753,0.6000000000000005,True,0.1165,False
25,489,-0.23999999999999932,-0.5599999999999996,8.881784197001252e-16,0.5600000000000005,True,0.17,False
25,490,-0.16000000000000014,-0.5999999999999996,0.21333333333333382,0.8133333333333335,True,0.5055,False
25,491,0.0,-0.23999999999999935,0.2400000000000002,0.47999999999999954,True,1.0,False
25,492,0.013333333333333641,-0.28000000000000025,0.30666666666666664,0.5866666666666669,True,0.9225,False
25,493,-0.3866666666666667,-0.8666666666666671,0.026666666666667282,0.8933333333333344,True,0.0915,False
25,494,0.1200000000000001,-0.013333333333333641,0.3200000000000003,0.3333333333333339,False,0.3845,False
25,495,-0.33333333333333304,-0.7466666666666661,8.881784197001252e-16,0.746666666666667,True,0.212,False
25,496,0.17333333333333378,-0.026666666666667282,0.4400000000000004,0.4666666666666677,False,0.38,False
25,497,-0.11999999999999922,-0.320333333333333,0.026666666666667282,0.3470000000000003,True,0.302,False
25,498,-0.040000000000000036,-0.10666666666666647,0.0,0.10666666666666647,True,0.496,False
25,499,-0.013333333333332753,-0.3866666666666667,0.30666666666666664,0.6933333333333334,True,1.0,False
50,0,-0.11333333333333329,-0.3266666666666671,0.07333333333333325,0.40000000000000036,True,0.311,False
50,1,-0.04666666666666597,-0.25333333333333297,0.15349999999999991,0.4068333333333329,True,0.7375,False
50,2,0.0,-0.19333333333333336,0.17999999999999974,0.3733333333333331,True,0.9775,False
50,3,-0.046666666666666856,-0.25333333333333385,0.14000000000000057,0.3933333333333344,True,0.71,False
50,4,-0.05333333333333368,-0.23999999999999935,0.11333333333333417,0.3533333333333335,True,0.649,False
50,5,0.0,-0.18666666666666654,0.1800000000000006,0.36666666666666714,True,0.977,False
50,6,-0.0066666666666659324,-0.16000000000000014,0.1466666666666665,0.30666666666666664,True,1.0,False
50,7,-0.006666666666666821,-0.206666666666667,0.17999999999999972,0.3866666666666667,True,0.9895,False
50,8,-0.09333333333333282,-0.3200000000000003,0.09333333333333371,0.413333333333334,True,0.418,False
50,9,-0.15333333333333332,-0.3600000000000003,-0.0066666666666659324,0.3533333333333344,True,0.088,False
50,10,-0.21333333333333382,-0.4735000000000008,-0.013166666666666148,0.46033333333333465,True,0.1025,False
50,11,-0.05333333333333279,-0.2600000000000007,0.1468333333333331,0.40683333333333377,True,0.6455,False
50,12,-0.2066666666666661,-0.4735000000000008,0.026666666666665527,0.5001666666666663,True,0.1155,False
50,13,-0.08666666666666689,-0.2666666666666666,0.020000000000000462,0.28666666666666707,True,0.4085,False
50,14,-0.060000000000001386,-0.16016666666666737,0.01333333333333453,0.1735000000000019,True,0.305,False
50,15,-0.16666666666666696,-0.41999999999999904,0.033333333333333215,0.45333333333333226,True,0.1705,False
50,16,-0.08666666666666689,-0.300166666666667,0.10000000000000053,0.40016666666666756,True,0.4585,False
50,17,-0.0600000000000005,-0.19333333333333425,0.04666666666666599,0.24000000000000024,True,0.5015,False
50,18,-0.1800000000000006,-0.413333333333334,0.006666666666666821,0.4200000000000008,True,0.1885,False
50,19,-0.11333333333333329,-0.27333333333333343,-0.013333333333332753,0.2600000000000007,True,0.039,True
50,20,-0.18666666666666654,-0.42666666666666675,0.033333333333333215,0.45999999999999996,True,0.1445,False
50,21,-0.013333333333333641,-0.22016666666666698,0.17333333333333378,0.39350000000000074,True,0.92,False
50,22,-0.1466666666666665,-0.3533333333333335,0.0,0.3533333333333335,True,0.182,False
50,23,-0.21333333333333293,-0.45333333333333314,0.000166666666666627,0.4534999999999998,True,0.0765,False
50,24,-0.13333333333333286,-0.30666666666666575,-0.0066666666666659324,0.2999999999999998,True,0.1605,False
50,25,-0.11333333333333329,-0.3533333333333335,0.08000000000000007,0.43333333333333357,True,0.427,False
50,26,-0.18666666666666654,-0.4666666666666668,0.0533333333333337,0.5200000000000005,True,0.166,False
50,27,-0.10666666666666735,-0.2666666666666675,0.006666666666666821,0.2733333333333343,True,0.195,False
50,28,8.881784197001252e-16,-0.1466666666666665,0.15349999999999991,0.3001666666666664,True,0.939,False
50,29,-0.086666666666666,-0.33333333333333304,0.12666666666666695,0.45999999999999996,True,0.5,False
50,30,-0.07333333333333236,-0.2666666666666666,0.09333333333333285,0.35999999999999943,True,0.496,False
50,31,-0.026666666666667282,-0.24683333333333338,0.16683333333333356,0.41366666666666696,True,0.8785,False
50,32,-0.0066666666666659324,-0.22666666666666657,0.18666666666666654,0.4133333333333331,True,0.999,False
50,33,-0.09333333333333282,-0.30666666666666664,0.10683333333333309,0.41349999999999976,True,0.433,False
50,34,-0.086666666666666,-0.28666666666666707,0.10000000000000053,0.3866666666666676,True,0.4665,False
50,35,-0.086666666666666,-0.28666666666666707,0.08666666666666689,0.37333333333333396,True,0.381,False
50,36,-0.05333333333333279,-0.2933333333333339,0.16000000000000103,0.4533333333333349,True,0.715,False
50,37,-0.16666666666666696,-0.3933333333333344,0.026666666666666415,0.4200000000000008,True,0.1545,False
50,38,-0.07999999999999918,-0.3000000000000007,0.10000000000000053,0.40000000000000124,True,0.5165,False
50,39,-0.09999999999999964,-0.3468333333333339,0.13999999999999968,0.48683333333333356,True,0.4545,False
50,40,-0.13999999999999968,-0.36666666666666625,0.013500000000000224,0.3801666666666665,True,0.2355,False
50,41,-0.07333333333333325,-0.27999999999999936,0.10000000000000053,0.3799999999999999,True,0.4685,False
50,42,-0.05999999999999961,-0.21999999999999886,0.040000000000000036,0.2599999999999989,True,0.5835,False
50,43,8.881784197001252e-16,-0.12683333333333416,0.13333333333333375,0.2601666666666679,True,1.0,False
50,44,-0.19333333333333425,-0.46683333333333316,0.05999999999999961,0.5268333333333328,True,0.178,False
50,45,-0.08666666666666689,-0.3200000000000003,0.09999999999999964,0.41999999999999993,True,0.442,False
50,46,0.013333333333333641,-0.15350000000000055,0.18666666666666742,0.34016666666666795,True,0.9165,False
50,47,-0.1399999999999988,-0.3199999999999994,0.0,0.3199999999999994,True,0.1675,False
50,48,-0.1999999999999993,-0.4400000000000004,0.020000000000000462,0.46000000000000085,True,0.1255,False
50,49,-0.11333333333333329,-0.30666666666666664,0.05333333333333368,0.3600000000000003,True,0.266,False
50,50,-0.0066666666666659324,-0.20000000000000018,0.17333333333333378,0.37333333333333396,True,0.924,False
50,51,-0.13999999999999968,-0.3799999999999999,0.07333333333333325,0.45333333333333314,True,0.244,False
50,52,-0.17333333333333378,-0.41999999999999993,0.040000000000000036,0.45999999999999996,True,0.1605,False
50,53,-0.08666666666666689,-0.29999999999999893,0.08000000000000007,0.379999999999999,True,0.443,False
50,54,-0.08000000000000007,-0.28000000000000025,0.0800000000000001,0.3600000000000003,True,0.4105,False
50,55,-0.026666666666666394,-0.20683333333333248,0.13333333333333375,0.34016666666666623,True,0.861,False
50,56,-0.013333333333333641,-0.14000000000000057,0.1200000000000001,0.2600000000000007,True,0.779,False
50,57,-0.14000000000000057,-0.36666666666666714,0.05999999999999961,0.42666666666666675,True,0.222,False
50,58,-0.046666666666666856,-0.22000000000000064,0.10000000000000053,0.3200000000000012,True,0.668,False
50,59,-0.13999999999999968,-0.40000000000000036,0.09333333333333285,0.4933333333333332,True,0.3265,False
50,60,-0.1999999999999993,-0.4535000000000004,0.020000000000000462,0.47350000000000086,True,0.1235,False
50,61,0.013333333333332753,-0.17999999999999972,0.2001666666666659,0.38016666666666565,True,0.8415,False
50,62,-0.16000000000000014,-0.4066666666666663,0.04016666666666664,0.4468333333333329,True,0.1975,False
50,63,-0.21333333333333382,-0.466833333333334,0.00016666666666576103,0.46699999999999975,True,0.0905,False
50,64,-0.04666666666666597,-0.1533333333333342,0.0333333333333341,0.1866666666666683,True,0.505,False
50,65,-0.21999999999999975,-0.45999999999999996,-0.026666666666666373,0.43333333333333357,True,0.0775,False
50,66,-0.13999999999999968,-0.36666666666666625,0.053499999999999395,0.42016666666666563,True,0.233,False
50,67,0.02666666666666817,-0.0600000000000005,0.13333333333333375,0.19333333333333425,False,0.7135,False
50,68,-0.020000000000000462,-0.2266666666666657,0.17333333333333378,0.39999999999999947,True,0.886,False
50,69,-0.16666666666666607,-0.3866666666666667,-0.013333333333332753,0.37333333333333396,True,0.0745,False
50,70,-0.12666666666666515,-0.33999999999999986,0.05333333333333368,0.39333333333333353,True,0.2405,False
50,71,-0.08666666666666689,-0.24666666666666615,0.040000000000000036,0.2866666666666662,True,0.331,False
50,72,-0.21333333333333204,-0.4400000000000004,-0.013333333333333641,0.42666666666666675,True,0.0875,False
50,73,-0.013333333333333641,-0.16666666666666696,0.13333333333333375,0.3000000000000007,True,0.879,False
50,74,0.0,-0.18666666666666742,0.17333333333333378,0.3600000000000012,True,1.0,False
50,75,-0.12666666666666693,-0.3533333333333335,0.06666666666666732,0.4200000000000008,True,0.296,False
50,76,-0.2400000000000011,-0.5133333333333328,-0.026666666666667282,0.48666666666666547,True,0.067,False
50,77,-0.08000000000000007,-0.18666666666666654,0.0,0.18666666666666654,True,0.129,False
50,78,-0.10666666666666735,-0.3135000000000007,0.06666666666666732,0.38016666666666804,True,0.314,False
50,79,-0.24666666666666615,-0.4666666666666659,-0.07333333333333325,0.39333333333333265,True,0.003,True
50,80,-0.0600000000000005,-0.16016666666666737,0.020000000000000462,0.18016666666666784,True,0.3235,False
50,81,-0.16000000000000014,-0.3866666666666667,0.040000000000000924,0.42666666666666764,True,0.211,False
50,82,-0.09999999999999964,-0.36666666666666625,0.13333333333333286,0.4999999999999991,True,0.4425,False
50,83,-0.12666666666666693,-0.3799999999999999,0.10666666666666735,0.48666666666666725,True,0.387,False
50,84,-0.09999999999999964,-0.30666666666666664,0.08666666666666689,0.39333333333333353,True,0.3615,False
50,85,-0.019999999999999574,-0.16666666666666696,0.11333333333333329,0.28000000000000025,True,0.8195,False
50,86,-0.17333333333333378,-0.4135000000000003,0.040000000000000036,0.45350000000000035,True,0.1515,False
50,87,-0.12666666666666693,-0.31333333333333346,0.006666666666666821,0.3200000000000003,True,0.193,False
50,88,0.019999999999999574,-0.0600000000000005,0.12666666666666693,0.18666666666666742,False,0.826,False
50,89,-0.0600000000000005,-0.27333333333333343,0.11333333333333329,0.3866666666666667,True,0.6645,False
50,90,-0.16000000000000014,-0.4066666666666672,0.046666666666666856,0.45333333333333403,True,0.2035,False
50,91,-0.013333333333333641,-0.16666666666666607,0.12683333333333352,0.2934999999999996,True,0.877,False
50,92,-0.09999999999999964,-0.2935000000000002,0.0600000000000005,0.3535000000000007,True,0.3085,False
50,93,-0.07333333333333325,-0.24016666666666656,0.08000000000000096,0.3201666666666675,True,0.433,False
50,94,-0.18666666666666742,-0.4066666666666672,0.006666666666666821,0.413333333333334,True,0.088,False
50,95,-0.013333333333333641,-0.23333333333333253,0.17333333333333378,0.4066666666666663,True,0.9275,False
50,96,-0.1466666666666674,-0.3735000000000003,0.046666666666666856,0.42016666666666713,True,0.237,False
50,97,-0.18666666666666654,-0.4400000000000004,0.040000000000000036,0.4800000000000004,True,0.149,False
50,98,-0.1466666666666665,-0.3533333333333335,0.026666666666666394,0.3799999999999999,True,0.2155,False
50,99,-0.020000000000000462,-0.17333333333333378,0.12666666666666693,0.3000000000000007,True,0.8425,False
50,100,-0.12666666666666604,-0.40000000000000036,0.1200000000000001,0.5200000000000005,True,0.393,False
50,101,-0.026666666666666394,-0.18666666666666654,0.11333333333333417,0.3000000000000007,True,0.7645,False
50,102,-0.08000000000000007,-0.34000000000000075,0.14000000000000057,0.4800000000000013,True,0.543,False
50,103,-0.1533333333333342,-0.39999999999999947,0.06666666666666732,0.4666666666666668,True,0.2215,False
50,104,-0.13333333333333375,-0.4133333333333331,0.1066666666666665,0.5199999999999996,True,0.376,False
50,105,-0.07333333333333414,-0.2666666666666666,0.07999999999999918,0.3466666666666658,True,0.5015,False
50,106,-0.10000000000000053,-0.30666666666666753,0.06666666666666643,0.37333333333333396,True,0.335,False
50,107,-0.10666666666666647,-0.30666666666666664,0.08000000000000007,0.3866666666666667,True,0.3525,False
50,108,-0.05999999999999961,-0.24666666666666703,0.09350000000000032,0.34016666666666734,True,0.577,False
50,109,-0.1200000000000001,-0.3533333333333326,0.10666666666666647,0.4599999999999991,True,0.347,False
50,110,-0.16000000000000103,-0.413333333333334,0.06666666666666643,0.4800000000000004,True,0.2005,False
50,111,-0.08000000000000007,-0.30666666666666664,0.12666666666666693,0.43333333333333357,True,0.5205,False
50,112,-0.20000000000000018,-0.46016666666666634,0.020000000000000462,0.4801666666666668,True,0.1125,False
50,113,-0.1466666666666665,-0.3200000000000003,-0.013333333333333641,0.30666666666666664,True,0.0655,False
50,114,-0.06666666666666643,-0.3000000000000007,0.1466666666666665,0.4466666666666672,True,0.58,False
50,115,-0.026666666666667282,-0.1733333333333329,0.10000000000000053,0.27333333333333343,True,0.761,False
50,116,-0.1533333333333342,-0.3600000000000003,-0.006666666666667709,0.3533333333333326,True,0.094,False
50,117,-0.06666666666666643,-0.27333333333333343,0.10666666666666735,0.3800000000000008,True,0.5805,False
50,118,-0.04666666666666597,-0.16666666666666607,0.046666666666666856,0.21333333333333293,True,0.5055,False
50,119,-0.046666666666666856,-0.21350000000000016,0.11333333333333417,0.3268333333333343,True,0.6875,False
50,120,-0.11333333333333417,-0.33999999999999986,0.08666666666666689,0.42666666666666675,True,0.3945,False
50,121,-0.10666666666666647,-0.35999999999999943,0.1200000000000001,0.47999999999999954,True,0.4375,False
50,122,-0.19333333333333336,-0.4466666666666663,0.020166666666666177,0.4668333333333325,True,0.1285,False
50,123,-0.11333333333333417,-0.3600000000000012,0.10683333333333307,0.46683333333333427,True,0.4005,False
50,124,-0.08000000000000007,-0.30666666666666664,0.1200000000000001,0.42666666666666675,True,0.4705,False
50,125,-0.06666666666666643,-0.25333333333333385,0.10000000000000053,0.3533333333333344,True,0.508,False
50,126,-0.10666666666666647,-0.3600000000000003,0.1200000000000001,0.4800000000000004,True,0.3995,False
50,127,0.0,-0.17333333333333378,0.16666666666666696,0.34000000000000075,True,0.996,False
50,128,-0.1466666666666665,-0.39333333333333353,0.0600000000000005,0.45333333333333403,True,0.23,False
50,129,-0.046666666666666856,-0.2666666666666675,0.14683333333333312,0.41350000000000064,True,0.7375,False
50,130,-0.11999999999999922,-0.33333333333333304,0.0666666666666682,0.40000000000000124,True,0.305,False
50,131,-0.11333333333333329,-0.33350000000000024,0.08666666666666689,0.42016666666666713,True,0.383,False
50,132,-0.16666666666666696,-0.42666666666666675,0.040000000000000036,0.4666666666666668,True,0.173,False
50,133,-0.17333333333333378,-0.3600000000000003,-0.013333333333333641,0.3466666666666667,True,0.0735,False
50,134,-0.20000000000000018,-0.4534999999999995,0.033333333333333215,0.48683333333333273,True,0.1265,False
50,135,-0.019999999999999574,-0.1200000000000001,0.0600000000000005,0.1800000000000006,True,0.8625,False
50,136,-0.026666666666666394,-0.17333333333333378,0.11333333333333329,0.28666666666666707,True,0.717,False
50,137,-0.11333333333333329,-0.2999999999999998,0.03333333333333235,0.33333333333333215,True,0.28,False
50,138,-0.05999999999999961,-0.28000000000000025,0.13333333333333375,0.413333333333334,True,0.614,False
50,139,-0.21333333333333382,-0.43333333333333357,-0.040000000000000924,0.39333333333333265,True,0.018,True
50,140,0.09333333333333371,-0.013333333333332753,0.2400000000000002,0.25333333333333297,False,0.23,False
50,141,-0.11333333333333417,-0.37333333333333396,0.11333333333333331,0.48666666666666725,True,0.408,False
50,142,-0.08000000000000007,-0.2666666666666675,0.09333333333333282,0.3600000000000003,True,0.382,False
50,143,-0.0600000000000005,-0.30683333333333385,0.14683333333333312,0.453666666666667,True,0.633,False
50,144,-0.026666666666666394,-0.17999999999999972,0.1200000000000001,0.2999999999999998,True,0.5315,False
50,145,-0.11999999999999922,-0.31333333333333346,0.019999999999999594,0.33333333333333304,True,0.2515,False
50,146,-0.25333333333333385,-0.5066666666666668,-0.006666666666666821,0.5,True,0.0635,False
50,147,-0.08666666666666689,-0.3199999999999994,0.09999999999999964,0.41999999999999904,True,0.499,False
50,148,-0.206666666666667,-0.4400000000000004,-0.019999999999999574,0.4200000000000008,True,0.0715,False
50,149,0.033333333333333215,-0.1401666666666669,0.206666666666667,0.3468333333333339,True,0.6885,False
50,150,0.006666666666666821,-0.11999999999999922,0.12666666666666693,0.24666666666666615,True,0.851,False
50,151,-0.07999999999999918,-0.22666666666666657,0.019999999999999574,0.24666666666666615,True,0.3355,False
50,152,-0.1466666666666665,-0.3799999999999999,0.07333333333333414,0.45333333333333403,True,0.2855,False
50,153,-0.1800000000000006,-0.42666666666666586,0.026666666666667282,0.45333333333333314,True,0.1775,False
50,154,-0.18666666666666654,-0.4201666666666672,0.04666666666666597,0.46683333333333316,True,0.1465,False
50,155,0.0333333333333341,-0.1733333333333329,0.22000000000000064,0.39333333333333353,True,0.727,False
50,156,-0.13333333333333375,-0.39333333333333265,0.08000000000000007,0.4733333333333327,True,0.3035,False
50,157,-0.026666666666665506,-0.18666666666666654,0.1200000000000001,0.30666666666666664,True,0.754,False
50,158,-0.020000000000000462,-0.20666666666666614,0.16666666666666696,0.3733333333333331,True,0.847,False
50,159,-0.026666666666666394,-0.19333333333333336,0.10666666666666735,0.3000000000000007,True,0.7715,False
50,160,-0.046666666666666856,-0.25333333333333297,0.15333333333333332,0.4066666666666663,True,0.681,False
50,161,-0.18666666666666654,-0.4466666666666663,0.046666666666666856,0.4933333333333332,True,0.18,False
50,162,0.013333333333333641,-0.1466666666666674,0.1733333333333329,0.3200000000000003,True,0.925,False
50,163,-0.019999999999999574,-0.16000000000000014,0.11333333333333329,0.27333333333333343,True,0.8085,False
50,164,-0.12666666666666693,-0.3799999999999999,0.09333333333333285,0.4733333333333327,True,0.322,False
50,165,-0.1200000000000001,-0.29999999999999893,0.006666666666666821,0.30666666666666575,True,0.1955,False
50,166,-0.08000000000000007,-0.2866666666666662,0.08000000000000007,0.36666666666666625,True,0.5135,False
50,167,-0.25333333333333385,-0.5135,-0.033333333333333215,0.48016666666666674,True,0.0465,True
50,168,-0.09999999999999876,-0.25350000000000017,0.013333333333333641,0.2668333333333338,True,0.2455,False
50,169,-0.05333333333333279,-0.19333333333333336,0.046666666666667744,0.2400000000000011,True,0.5635,False
50,170,-0.16000000000000014,-0.4066666666666663,0.046666666666667744,0.45333333333333403,True,0.193,False
50,171,-0.1133333333333324,-0.3533333333333326,0.07333333333333325,0.42666666666666586,True,0.3505,False
50,172,-0.17333333333333378,-0.4400000000000004,0.06016666666666624,0.5001666666666666,True,0.215,False
50,173,-0.15333333333333332,-0.4466666666666672,0.10000000000000053,0.5466666666666677,True,0.2755,False
50,174,-0.019999999999999574,-0.12666666666666604,0.0600000000000005,0.18666666666666654,True,0.844,False
50,175,0.0,-0.16000000000000014,0.12000000000000013,0.28000000000000025,True,1.0,False
50,176,0.09333333333333282,-0.020166666666667662,0.22666666666666746,0.24683333333333513,False,0.2125,False
50,177,-0.10666666666666647,-0.3799999999999999,0.12666666666666693,0.5066666666666668,True,0.4335,False
50,178,-0.09333333333333371,-0.29999999999999893,0.09999999999999964,0.3999999999999986,True,0.4535,False
50,179,-0.24666666666666615,-0.48666666666666725,-0.05333333333333279,0.43333333333333446,True,0.0595,False
50,180,0.0600000000000005,-0.08683333333333322,0.21999999999999978,0.306833333333333,False,0.386,False
50,181,-0.08000000000000007,-0.2666666666666657,0.040000000000000036,0.30666666666666575,True,0.5005,False
50,182,0.013333333333332753,-0.10666666666666735,0.14683333333333312,0.2535000000000005,True,0.9,False
50,183,0.08000000000000007,-0.03333333333333233,0.22666666666666657,0.2599999999999989,False,0.2635,False
50,184,-0.06666666666666643,-0.24666666666666703,0.09333333333333371,0.34000000000000075,True,0.502,False
50,185,-0.17333333333333378,-0.42666666666666586,0.046666666666666856,0.4733333333333327,True,0.1565,False
50,186,0.05333333333333368,-0.013333333333333641,0.1533333333333342,0.16666666666666785,False,0.2605,False
50,187,0.0600000000000005,-0.05333333333333368,0.206666666666667,0.2600000000000007,False,0.391,False
50,188,-0.05999999999999961,-0.28666666666666707,0.15349999999999991,0.440166666666667,True,0.6425,False
50,189,-0.22000000000000064,-0.48683333333333445,0.0066666666666659324,0.4935000000000004,True,0.078,False
50,190,-0.09333333333333282,-0.293333333333333,0.09333333333333285,0.3866666666666658,True,0.4715,False
50,191,0.026666666666667282,-0.13333333333333375,0.20666666666666703,0.34000000000000075,True,0.8075,False
50,192,-0.15333333333333243,-0.3999999999999986,0.05999999999999961,0.4599999999999982,True,0.215,False
50,193,-0.08666666666666689,-0.27333333333333254,0.07333333333333325,0.3466666666666658,True,0.387,False
50,194,-0.13333333333333286,-0.32033333333333386,0.013333333333333641,0.3336666666666675,True,0.221,False
50,195,-0.2400000000000002,-0.5335000000000004,0.026666666666666394,0.5601666666666668,True,0.1085,False
50,196,-0.09999999999999964,-0.33333333333333304,0.0868333333333335,0.4201666666666665,True,0.3675,False
50,197,-0.086666666666666,-0.2666666666666666,0.05333333333333368,0.3200000000000003,True,0.4185,False
50,198,-0.09333333333333371,-0.293333333333333,0.08000000000000007,0.3733333333333331,True,0.326,False
50,199,-0.16666666666666607,-0.3601666666666667,-0.013333333333333641,0.34683333333333305,True,0.106,False
50,200,-0.06666666666666643,-0.21999999999999975,0.08000000000000007,0.2999999999999998,True,0.4615,False
50,201,-0.06666666666666643,-0.23999999999999932,0.08000000000000007,0.3199999999999994,True,0.46,False
50,202,-0.08000000000000007,-0.2666666666666657,0.07333333333333414,0.33999999999999986,True,0.3845,False
50,203,-0.1200000000000001,-0.3266666666666671,0.05333333333333281,0.3799999999999999,True,0.2235,False
50,204,-0.1200000000000001,-0.3466666666666667,0.046666666666666856,0.39333333333333353,True,0.277,False
50,205,-0.10000000000000053,-0.25333333333333297,0.013333333333333641,0.2666666666666666,True,0.245,False
50,206,-0.06666666666666643,-0.2933333333333339,0.1333333333333329,0.42666666666666675,True,0.594,False
50,207,-0.08000000000000007,-0.24666666666666703,0.07333333333333325,0.3200000000000003,True,0.358,False
50,208,-0.19333333333333336,-0.4399999999999995,0.033333333333333236,0.4733333333333327,True,0.1245,False
50,209,-0.019999999999999574,-0.20666666666666614,0.12666666666666693,0.33333333333333304,True,0.9005,False
50,210,-0.10666666666666647,-0.3668333333333335,0.1333333333333329,0.5001666666666664,True,0.471,False
50,211,-0.019999999999999574,-0.17333333333333378,0.12666666666666693,0.3000000000000007,True,0.8065,False
50,212,-0.09999999999999964,-0.2999999999999998,0.08666666666666689,0.3866666666666667,True,0.3935,False
50,213,8.881784197001252e-16,-0.17999999999999972,0.17999999999999972,0.35999999999999943,True,1.0,False
50,214,-0.15333333333333332,-0.39333333333333353,0.046666666666666856,0.4400000000000004,True,0.196,False
50,215,-0.13333333333333286,-0.2999999999999998,8.881784197001252e-16,0.3000000000000007,True,0.125,False
50,216,-0.1999999999999993,-0.45999999999999996,0.026666666666666394,0.48666666666666636,True,0.123,False
50,217,-0.12666666666666604,-0.3200000000000003,0.0,0.3200000000000003,True,0.184,False
50,218,-0.13999999999999968,-0.3466666666666667,0.05333333333333192,0.3999999999999986,True,0.204,False
50,219,-0.2666666666666675,-0.5133333333333336,-0.07333333333333414,0.4399999999999995,True,0.013,True
50,220,-0.29999999999999893,-0.5601666666666668,-0.07999999999999918,0.48016666666666763,True,0.024,True
50,221,-0.086666666666666,-0.33333333333333304,0.1401666666666663,0.47349999999999937,True,0.5475,False
50,222,-0.1200000000000001,-0.3866666666666667,0.11333333333333329,0.5,True,0.4005,False
50,223,-0.11333333333333329,-0.36666666666666625,0.1133333333333324,0.47999999999999865,True,0.407,False
50,224,-0.07333333333333325,-0.3200000000000003,0.12666666666666693,0.4466666666666672,True,0.5715,False
50,225,-0.11333333333333329,-0.3668333333333326,0.09999999999999964,0.46683333333333227,True,0.3665,False
50,226,-0.1800000000000006,-0.3934999999999999,-0.013333333333333641,0.38016666666666626,True,0.095,False
50,227,-0.013333333333333641,-0.22666666666666657,0.18016666666666634,0.40683333333333294,True,0.959,False
50,228,-0.1733333333333329,-0.4066666666666672,0.03999999999999917,0.4466666666666663,True,0.1345,False
50,229,-0.11333333333333329,-0.36666666666666714,0.10000000000000053,0.4666666666666677,True,0.3975,False
50,230,-0.15333333333333332,-0.37333333333333396,0.05999999999999874,0.4333333333333327,True,0.1945,False
50,231,-0.2066666666666661,-0.4466666666666672,0.00016666666666660478,0.4468333333333338,True,0.1065,False
50,232,-0.19333333333333336,-0.413333333333334,-0.01983333333333299,0.393500000000001,True,0.0665,False
50,233,-0.1200000000000001,-0.31350000000000067,0.06683333333333216,0.38033333333333286,True,0.2395,False
50,234,-0.1466666666666665,-0.3735000000000003,0.06016666666666624,0.43366666666666653,True,0.264,False
50,235,-0.15999999999999925,-0.413333333333334,0.05333333333333368,0.4666666666666677,True,0.2,False
50,236,-0.25333333333333385,-0.4733333333333345,-0.06666666666666643,0.40666666666666806,True,0.013,True
50,237,-0.206666666666667,-0.4466666666666672,0.0,0.4466666666666672,True,0.099,False
50,238,-0.18666666666666742,-0.4066666666666663,-0.013333333333332753,0.39333333333333353,True,0.0985,False
50,239,-0.0600000000000005,-0.3199999999999994,0.15349999999999905,0.4734999999999985,True,0.673,False
50,240,-0.05333333333333279,-0.22666666666666657,0.11333333333333331,0.33999999999999986,True,0.6185,False
50,241,-0.1200000000000001,-0.28000000000000025,0.0068333333333334256,0.28683333333333366,True,0.179,False
50,242,-0.1133333333333324,-0.2999999999999998,0.026666666666666394,0.3266666666666662,True,0.2825,False
50,243,-0.17333333333333378,-0.39333333333333353,-0.01333333333333273,0.3800000000000008,True,0.112,False
50,244,-0.08000000000000007,-0.24683333333333338,0.08666666666666692,0.3335000000000003,True,0.386,False
50,245,-0.10000000000000053,-0.31333333333333263,0.06666666666666647,0.3799999999999991,True,0.35,False
50,246,-0.2666666666666657,-0.546666666666666,-0.046666666666666856,0.4999999999999991,True,0.0435,True
50,247,-0.120000000000001,-0.3000000000000007,-0.013333333333333641,0.28666666666666707,True,0.0455,True
50,248,-0.013333333333333641,-0.20683333333333423,0.17333333333333378,0.380166666666668,True,0.939,False
50,249,-0.013333333333333641,-0.21999999999999886,0.17999999999999972,0.3999999999999986,True,0.9205,False
50,250,-0.10000000000000053,-0.2999999999999998,0.0600000000000005,0.3600000000000003,True,0.3225,False
50,251,-0.12666666666666693,-0.3333333333333339,0.013333333333333641,0.34666666666666757,True,0.3225,False
50,252,-0.14000000000000057,-0.4133333333333331,0.10666666666666735,0.5200000000000005,True,0.335,False
50,253,-0.1733333333333329,-0.43333333333333357,0.046666666666666856,0.4800000000000004,True,0.2005,False
50,254,-0.09333333333333282,-0.3199999999999994,0.13349999999999945,0.45349999999999885,True,0.4585,False
50,255,-0.21999999999999975,-0.4733333333333345,-0.02000000000000044,0.45333333333333403,True,0.0625,False
50,256,-0.17333333333333378,-0.3466666666666667,-0.026666666666666394,0.3200000000000003,True,0.0285,True
50,257,-0.026666666666666394,-0.17333333333333292,0.11333333333333329,0.2866666666666662,True,0.755,False
50,258,-0.04666666666666597,-0.2866666666666662,0.16666666666666696,0.45333333333333314,True,0.721,False
50,259,0.05333333333333368,-0.06666666666666557,0.19999999999999932,0.2666666666666649,False,0.46,False
50,260,-0.05333333333333279,-0.28016666666666745,0.1466666666666665,0.42683333333333395,True,0.6345,False
50,261,-0.18666666666666565,-0.4133333333333331,-0.019999999999998685,0.3933333333333344,True,0.106,False
50,262,-0.10666666666666735,-0.2599999999999998,-0.013333333333333641,0.24666666666666615,True,0.05,False
50,263,-0.026666666666666394,-0.17333333333333292,0.07999999999999921,0.25333333333333213,True,0.9245,False
50,264,-0.25333333333333297,-0.5133333333333328,-0.04666666666666597,0.4666666666666668,True,0.047,True
50,265,-0.20000000000000018,-0.43333333333333446,-0.013333333333334507,0.41999999999999993,True,0.0885,False
50,266,-0.1733333333333329,-0.4001666666666667,-8.659739592077433e-16,0.40016666666666584,True,0.153,False
50,267,-0.05999999999999961,-0.21999999999999975,0.0533333333333337,0.27333333333333343,True,0.4945,False
50,268,0.006666666666666821,-0.16666666666666696,0.17999999999999974,0.3466666666666667,True,0.9555,False
50,269,-0.20000000000000018,-0.47999999999999954,0.03349999999999984,0.5134999999999994,True,0.147,False
50,270,-0.16666666666666696,-0.41999999999999993,0.026666666666667282,0.4466666666666672,True,0.2125,False
50,271,-0.08000000000000007,-0.33333333333333304,0.14016666666666627,0.4734999999999993,True,0.533,False
50,272,-0.10666666666666647,-0.28666666666666707,0.0600000000000005,0.34666666666666757,True,0.293,False
50,273,-0.07333333333333325,-0.31333333333333346,0.15333333333333332,0.4666666666666668,True,0.618,False
50,274,-0.09999999999999876,-0.2666666666666675,0.020000000000000483,0.28666666666666796,True,0.2555,False
50,275,-0.12666666666666693,-0.3866666666666658,0.09333333333333371,0.47999999999999954,True,0.36,False
50,276,-0.1466666666666674,-0.37333333333333396,0.046666666666666856,0.4200000000000008,True,0.199,False
50,277,-0.1800000000000006,-0.3866666666666667,-0.006666666666666821,0.3799999999999999,True,0.0955,False
50,278,-0.19333333333333336,-0.4800000000000004,0.03349999999999984,0.5135000000000003,True,0.1675,False
50,279,-0.03999999999999915,-0.2066666666666661,0.11333333333333329,0.3199999999999994,True,0.713,False
50,280,-0.09333333333333194,-0.31333333333333346,0.08666666666666603,0.39999999999999947,True,0.4255,False
50,281,-0.013333333333332753,-0.19999999999999932,0.17999999999999972,0.379999999999999,True,0.941,False
50,282,-0.09999999999999964,-0.3333333333333339,0.09999999999999964,0.43333333333333357,True,0.4775,False
50,283,-0.15333333333333243,-0.379999999999999,0.019999999999999594,0.3999999999999986,True,0.204,False
50,284,-0.15333333333333332,-0.3466666666666658,-0.019999999999999574,0.3266666666666662,True,0.0645,False
50,285,-0.13333333333333286,-0.33999999999999897,0.020000000000000462,0.35999999999999943,True,0.251,False
50,286,-0.1466666666666665,-0.3866666666666658,0.053499999999999416,0.44016666666666526,True,0.245,False
50,287,-0.08666666666666689,-0.3333333333333339,0.12666666666666604,0.45999999999999996,True,0.441,False
50,288,-0.05333333333333368,-0.25333333333333297,0.1200000000000001,0.3733333333333331,True,0.706,False
50,289,-0.17999999999999883,-0.413333333333334,0.026666666666666394,0.4400000000000004,True,0.1195,False
50,290,-0.09333333333333282,-0.35999999999999943,0.13333333333333375,0.4933333333333332,True,0.5105,False
50,291,-0.09999999999999964,-0.28666666666666707,0.0333333333333341,0.3200000000000012,True,0.3725,False
50,292,-0.10000000000000053,-0.3135000000000007,0.10000000000000053,0.41350000000000126,True,0.3735,False
50,293,-0.09333333333333194,-0.293333333333333,0.07333333333333325,0.36666666666666625,True,0.3365,False
50,294,-0.12666666666666693,-0.2999999999999998,-0.0066666666666659324,0.2933333333333339,True,0.1235,False
50,295,-0.12666666666666693,-0.33999999999999986,0.046833333333332595,0.3868333333333325,True,0.2445,False
50,296,-0.14000000000000057,-0.3733333333333331,0.06666666666666732,0.4400000000000004,True,0.264,False
50,297,-0.1466666666666665,-0.3866666666666667,0.05333333333333368,0.4400000000000004,True,0.2225,False
50,298,-0.18666666666666654,-0.45999999999999996,0.07333333333333325,0.5333333333333332,True,0.196,False
50,299,-0.13999999999999968,-0.33333333333333304,0.006666666666666821,0.33999999999999986,True,0.1385,False
50,300,-0.026666666666666394,-0.23333333333333253,0.16000000000000103,0.39333333333333353,True,0.7935,False
50,301,-0.013333333333331865,-0.1800000000000006,0.13333333333333375,0.31333333333333435,True,0.9245,False
50,302,-0.15333333333333332,-0.3466666666666667,-0.019999999999999574,0.3266666666666671,True,0.0755,False
50,303,-0.16666666666666607,-0.4066666666666663,0.04666666666666597,0.45333333333333226,True,0.188,False
50,304,-0.24666666666666615,-0.5,-0.04666666666666597,0.45333333333333403,True,0.0535,False
50,305,-0.16666666666666607,-0.36666666666666625,-0.013333333333332753,0.3533333333333335,True,0.093,False
50,306,-0.05333333333333279,-0.27333333333333254,0.12666666666666695,0.39999999999999947,True,0.6825,False
50,307,-0.25333333333333297,-0.4999999999999991,-0.05333333333333368,0.44666666666666544,True,0.017,True
50,308,-0.20000000000000018,-0.44683333333333447,0.020000000000000462,0.46683333333333493,True,0.1205,False
50,309,-0.15333333333333243,-0.40016666666666756,0.07333333333333325,0.4735000000000008,True,0.218,False
50,310,-0.04666666666666597,-0.2666666666666666,0.16000000000000014,0.42666666666666675,True,0.6905,False
50,311,-0.08000000000000007,-0.2333333333333334,0.0333333333333341,0.2666666666666675,True,0.396,False
50,312,-0.11333333333333329,-0.33333333333333304,0.06683333333333305,0.4001666666666661,True,0.33,False
50,313,-0.020000000000000462,-0.0800000000000001,0.046666666666666856,0.12666666666666695,False,0.7085,False
50,314,-0.1466666666666665,-0.3866666666666667,0.04666666666666688,0.43333333333333357,True,0.227,False
50,315,-0.21333333333333204,-0.4999999999999991,0.026666666666666394,0.5266666666666655,True,0.1065,False
50,316,-0.0600000000000005,-0.22666666666666657,0.08000000000000096,0.30666666666666753,True,0.5325,False
50,317,-0.09333333333333282,-0.31333333333333346,0.08666666666666689,0.40000000000000036,True,0.4125,False
50,318,-0.07333333333333325,-0.27999999999999936,0.10000000000000053,0.3799999999999999,True,0.4985,False
50,319,-0.11333333333333417,-0.3466666666666667,0.08000000000000007,0.42666666666666675,True,0.377,False
50,320,-0.17333333333333378,-0.36666666666666714,-0.019999999999999553,0.34666666666666757,True,0.0685,False
50,321,-0.11333333333333329,-0.3466666666666658,0.10683333333333309,0.4534999999999989,True,0.3855,False
50,322,-0.16666666666666607,-0.39333333333333265,0.0066666666666659324,0.3999999999999986,True,0.145,False
50,323,-0.18666666666666654,-0.41999999999999904,-0.006500000000000216,0.4134999999999988,True,0.094,False
50,324,-0.09999999999999964,-0.30666666666666664,0.08666666666666689,0.39333333333333353,True,0.4105,False
50,325,-0.07333333333333325,-0.25333333333333297,0.09333333333333371,0.3466666666666667,True,0.455,False
50,326,-0.013333333333332753,-0.20000000000000018,0.14000000000000057,0.34000000000000075,True,0.9435,False
50,327,-0.16666666666666696,-0.41999999999999904,0.07333333333333325,0.4933333333333323,True,0.2315,False
50,328,-0.17333333333333378,-0.4066666666666663,0.033333333333333215,0.4399999999999995,True,0.139,False
50,329,-0.14000000000000057,-0.40000000000000036,0.07349999999999987,0.47350000000000025,True,0.2855,False
50,330,-0.0600000000000005,-0.2933333333333339,0.12666666666666604,0.41999999999999993,True,0.6465,False
50,331,-0.12666666666666693,-0.39350000000000074,0.10016666666666627,0.49366666666666703,True,0.354,False
50,332,-0.1200000000000001,-0.2666666666666675,2.2204460492381962e-17,0.2666666666666675,True,0.113,False
50,333,-0.08666666666666689,-0.2600000000000007,0.020000000000000462,0.28000000000000114,True,0.409,False
50,334,-0.19333333333333336,-0.45333333333333403,0.026666666666666394,0.4800000000000004,True,0.153,False
50,335,-0.1466666666666656,-0.35999999999999943,0.0333333333333341,0.39333333333333353,True,0.173,False
50,336,-0.086666666666666,-0.2999999999999998,0.11333333333333329,0.4133333333333331,True,0.44,False
50,337,-0.14000000000000057,-0.33333333333333304,0.026666666666667282,0.3600000000000003,True,0.1515,False
50,338,-0.2333333333333334,-0.5268333333333345,0.026833333333332998,0.5536666666666675,True,0.122,False
50,339,-0.10666666666666735,-0.3533333333333326,0.11333333333333417,0.4666666666666668,True,0.4255,False
50,340,-0.13333333333333286,-0.34000000000000075,0.05333333333333368,0.3933333333333344,True,0.2215,False
50,341,-0.13333333333333375,-0.40683333333333355,0.120000000000001,0.5268333333333346,True,0.3475,False
50,342,0.06666666666666643,-0.05333333333333279,0.21999999999999975,0.27333333333333254,False,0.4225,False
50,343,0.040000000000000036,-0.046666666666666856,0.16016666666666673,0.2068333333333336,False,0.547,False
50,344,-0.040000000000000036,-0.24683333333333338,0.1466666666666665,0.39349999999999985,True,0.713,False
50,345,-0.16666666666666607,-0.3600000000000003,-0.013333333333332753,0.34666666666666757,True,0.1035,False
50,346,-0.10000000000000053,-0.27999999999999936,0.046666666666666856,0.3266666666666662,True,0.2905,False
50,347,-0.10666666666666647,-0.33999999999999986,0.1066666666666665,0.4466666666666663,True,0.376,False
50,348,-0.06666666666666732,-0.2599999999999998,0.11333333333333331,0.3733333333333331,True,0.561,False
50,349,-0.13333333333333286,-0.3266666666666662,0.006666666666667709,0.3333333333333339,True,0.162,False
50,350,-0.2066666666666661,-0.4666666666666668,0.0068333333333334256,0.4735000000000002,True,0.114,False
50,351,-0.09333333333333282,-0.3266666666666671,0.09333333333333285,0.41999999999999993,True,0.4245,False
50,352,-0.15333333333333243,-0.3600000000000003,0.006666666666667709,0.36666666666666803,True,0.169,False
50,353,-0.25333333333333385,-0.5333333333333332,-0.013333333333333641,0.5199999999999996,True,0.0675,False
50,354,-0.13999999999999968,-0.3733333333333331,0.0600000000000005,0.43333333333333357,True,0.2385,False
50,355,-0.13333333333333375,-0.3601666666666675,0.06666666666666643,0.42683333333333395,True,0.246,False
50,356,-0.18666666666666565,-0.4466666666666663,0.0333333333333341,0.4800000000000004,True,0.1615,False
50,357,-0.19333333333333336,-0.45333333333333403,0.03999999999999917,0.4933333333333332,True,0.152,False
50,358,0.033333333333333215,-0.1466666666666665,0.1999999999999993,0.3466666666666658,True,0.7545,False
50,359,-0.1733333333333329,-0.36666666666666625,-0.019999999999999574,0.3466666666666667,True,0.0595,False
50,360,-0.05999999999999961,-0.2866666666666662,0.14666666666666653,0.4333333333333327,True,0.613,False
50,361,-0.019999999999999574,-0.1200000000000001,0.06666666666666732,0.18666666666666742,True,0.8445,False
50,362,-0.12666666666666782,-0.2735000000000007,-0.013333333333333641,0.26016666666666705,True,0.069,False
50,363,-0.20000000000000018,-0.42666666666666675,-0.019999999999999574,0.4066666666666672,True,0.076,False
50,364,-0.013333333333333641,-0.18666666666666654,0.14683333333333312,0.3334999999999997,True,0.966,False
50,365,-0.03999999999999915,-0.25333333333333297,0.16666666666666696,0.41999999999999993,True,0.743,False
50,366,-0.10666666666666735,-0.37333333333333396,0.12666666666666782,0.5000000000000018,True,0.4295,False
50,367,-0.1733333333333329,-0.4201666666666672,0.040000000000000036,0.4601666666666672,True,0.1525,False
50,368,-0.18666666666666565,-0.4466666666666672,0.0,0.4466666666666672,True,0.15,False
50,369,-0.07333333333333325,-0.20666666666666703,0.013333333333333641,0.22000000000000067,True,0.3045,False
50,370,-0.1733333333333329,-0.3866666666666667,-0.006500000000000194,0.38016666666666654,True,0.124,False
50,371,-0.2400000000000002,-0.4733333333333345,-0.0400000000000009,0.43333333333333357,True,0.049,True
50,372,-0.07999999999999918,-0.27333333333333254,0.09333333333333374,0.36666666666666625,True,0.446,False
50,373,-0.10666666666666647,-0.2666666666666666,0.006666666666666821,0.27333333333333343,True,0.209,False
50,374,-0.046666666666666856,-0.24683333333333338,0.1533333333333342,0.40016666666666756,True,0.6695,False
50,375,0.020000000000000462,-0.1733333333333329,0.20000000000000107,0.37333333333333396,True,0.896,False
50,376,-0.05999999999999961,-0.2666666666666666,0.12000000000000013,0.3866666666666667,True,0.675,False
50,377,-0.1466666666666674,-0.39333333333333353,0.0800000000000001,0.4733333333333336,True,0.282,False
50,378,-0.19333333333333247,-0.413333333333334,-0.006666666666666798,0.4066666666666672,True,0.1245,False
50,379,-0.06666666666666732,-0.2868333333333343,0.1466666666666674,0.43350000000000166,True,0.5935,False
50,380,-0.1466666666666665,-0.3866666666666667,0.05333333333333279,0.4399999999999995,True,0.227,False
50,381,-0.1800000000000006,-0.39333333333333353,-0.013333333333333641,0.3799999999999999,True,0.0885,False
50,382,-0.2333333333333325,-0.48666666666666636,-0.02000000000000135,0.466666666666665,True,0.0865,False
50,383,-0.1800000000000006,-0.4401666666666676,0.04016666666666664,0.4803333333333342,True,0.185,False
50,384,-0.006666666666666821,-0.19333333333333336,0.18666666666666654,0.3799999999999999,True,1.0,False
50,385,0.013333333333333641,-0.13333333333333375,0.15333333333333335,0.28666666666666707,True,0.7625,False
50,386,-0.019999999999999574,-0.1733333333333329,0.12000000000000013,0.293333333333333,True,0.7955,False
50,387,0.040000000000000036,-0.04666666666666688,0.16000000000000014,0.20666666666666703,False,0.63,False
50,388,-0.12666666666666604,-0.3533333333333335,0.040000000000000924,0.3933333333333344,True,0.2725,False
50,389,-0.10666666666666647,-0.31333333333333346,0.0868333333333335,0.40016666666666695,True,0.362,False
50,390,-0.06666666666666643,-0.2933333333333339,0.1466666666666674,0.4400000000000013,True,0.602,False
50,391,-0.1466666666666656,-0.37333333333333396,0.05999999999999961,0.43333333333333357,True,0.1895,False
50,392,-0.07999999999999918,-0.2599999999999998,0.09333333333333371,0.3533333333333335,True,0.4245,False
50,393,-0.19333333333333247,-0.4399999999999995,2.2204460492381962e-17,0.4399999999999995,True,0.115,False
50,394,-0.16000000000000103,-0.37350000000000116,0.033333333333333215,0.4068333333333344,True,0.1365,False
50,395,-0.13999999999999968,-0.39999999999999947,0.09333333333333371,0.4933333333333332,True,0.2875,False
50,396,-0.013333333333333641,-0.19999999999999932,0.17333333333333378,0.3733333333333331,True,0.922,False
50,397,-0.16000000000000014,-0.39999999999999947,0.040000000000000036,0.4399999999999995,True,0.1855,False
50,398,-0.20000000000000018,-0.4466666666666672,0.0201666666666662,0.46683333333333343,True,0.116,False
50,399,-0.11999999999999922,-0.28666666666666707,0.01333333333333453,0.3000000000000016,True,0.197,False
50,400,-0.08666666666666689,-0.32016666666666665,0.1200000000000001,0.44016666666666676,True,0.478,False
50,401,0.020000000000000462,-0.07333333333333414,0.1466666666666665,0.22000000000000064,False,0.8665,False
50,402,-0.10000000000000053,-0.27333333333333343,0.01333333333333453,0.28666666666666796,True,0.313,False
50,403,-0.006666666666666821,-0.1800000000000006,0.17333333333333378,0.3533333333333344,True,0.974,False
50,404,-0.013333333333333641,-0.25333333333333297,0.19333333333333336,0.4466666666666663,True,0.949,False
50,405,-0.12666666666666693,-0.3468333333333339,0.026666666666666394,0.3735000000000003,True,0.283,False
50,406,-0.22000000000000064,-0.43333333333333357,-0.04666666666666595,0.3866666666666676,True,0.046,True
50,407,-0.13333333333333375,-0.3600000000000003,0.07333333333333414,0.43333333333333446,True,0.2845,False
50,408,0.0,-0.1466666666666674,0.12666666666666693,0.2733333333333343,True,0.944,False
50,409,-0.16666666666666607,-0.42666666666666675,0.04666666666666688,0.4733333333333336,True,0.218,False
50,410,-0.1200000000000001,-0.34000000000000075,0.06666666666666646,0.4066666666666672,True,0.2765,False
50,411,-0.11333333333333329,-0.24683333333333338,8.881784197001252e-16,0.24683333333333426,True,0.132,False
50,412,-0.19333333333333336,-0.4466666666666672,0.0333333333333341,0.4800000000000013,True,0.1265,False
50,413,-0.05333333333333368,-0.2666666666666666,0.1466666666666674,0.413333333333334,True,0.6825,False
50,414,-0.09333333333333282,-0.30666666666666664,0.10000000000000053,0.4066666666666672,True,0.451,False
50,415,0.026666666666667282,-0.06666666666666643,0.1533333333333342,0.22000000000000064,False,0.724,False
50,416,-0.07333333333333236,-0.20016666666666652,0.026666666666666394,0.22683333333333291,True,0.34,False
50,417,-0.06666666666666643,-0.21999999999999886,0.0333333333333341,0.25333333333333297,True,0.499,False
50,418,-0.09333333333333371,-0.2999999999999998,0.08666666666666689,0.3866666666666667,True,0.372,False
50,419,-0.03333333333333233,-0.2066666666666661,0.1200000000000001,0.3266666666666662,True,0.8175,False
50,420,-0.10666666666666735,-0.28000000000000025,0.046833333333332595,0.32683333333333286,True,0.244,False
50,421,-0.19333333333333336,-0.4666666666666659,0.020000000000000462,0.48666666666666636,True,0.1405,False
50,422,-0.06666666666666643,-0.28016666666666745,0.13333333333333375,0.4135000000000012,True,0.5665,False
50,423,-0.16000000000000014,-0.37350000000000033,0.040000000000000036,0.41350000000000037,True,0.1365,False
50,424,-0.2333333333333334,-0.5068333333333331,0.006666666666666821,0.5135,True,0.0905,False
50,425,-0.1200000000000001,-0.3266666666666662,0.06666666666666646,0.39333333333333265,True,0.2755,False
50,426,-0.21333333333333293,-0.4800000000000004,0.006666666666666843,0.48666666666666725,True,0.105,False
50,427,-0.16666666666666785,-0.4068333333333344,0.033333333333333215,0.4401666666666676,True,0.1485,False
50,428,0.0,-0.20000000000000107,0.206666666666667,0.40666666666666806,True,0.956,False
50,429,-0.10666666666666647,-0.33333333333333215,0.09333333333333371,0.42666666666666586,True,0.4325,False
50,430,-0.04666666666666597,-0.2600000000000007,0.13333333333333375,0.3933333333333344,True,0.718,False
50,431,-0.18666666666666654,-0.41999999999999993,0.019999999999999574,0.4399999999999995,True,0.113,False
50,432,-0.21333333333333293,-0.5,0.05333333333333281,0.5533333333333328,True,0.154,False
50,433,-0.05333333333333279,-0.28000000000000025,0.1399999999999997,0.41999999999999993,True,0.69,False
50,434,-0.1733333333333329,-0.42666666666666675,0.04016666666666664,0.4668333333333334,True,0.1815,False
50,435,-0.11999999999999922,-0.300166666666667,0.013500000000000246,0.31366666666666726,True,0.247,False
50,436,-0.07333333333333325,-0.2668333333333338,0.09999999999999878,0.36683333333333257,True,0.4815,False
50,437,-0.040000000000000036,-0.21999999999999978,0.14000000000000057,0.3600000000000003,True,0.691,False
50,438,-0.08666666666666689,-0.3133333333333326,0.10683333333333307,0.42016666666666563,True,0.474,False
50,439,-0.09999999999999964,-0.30666666666666664,0.08000000000000007,0.3866666666666667,True,0.387,False
50,440,-0.13333333333333197,-0.3466666666666667,0.013333333333333641,0.3600000000000003,True,0.2355,False
50,441,-0.16666666666666696,-0.40000000000000036,0.040000000000000036,0.4400000000000004,True,0.1375,False
50,442,-0.21333333333333293,-0.4400000000000004,-0.03316666666666661,0.40683333333333377,True,0.0685,False
50,443,-0.046666666666666856,-0.2600000000000007,0.15333333333333332,0.413333333333334,True,0.6805,False
50,444,-0.20000000000000018,-0.4200000000000008,-0.033333333333333215,0.3866666666666676,True,0.028,True
50,445,-0.15333333333333332,-0.4399999999999995,0.09333333333333371,0.5333333333333332,True,0.279,False
50,446,-0.08000000000000007,-0.2999999999999998,0.12666666666666693,0.42666666666666675,True,0.4755,False
50,447,-0.13999999999999968,-0.3801666666666671,0.06666666666666732,0.4468333333333344,True,0.251,False
50,448,-0.05333333333333368,-0.22683333333333291,0.09333333333333371,0.3201666666666666,True,0.6075,False
50,449,-0.2333333333333325,-0.5199999999999996,0.006666666666666821,0.5266666666666664,True,0.108,False
50,450,-0.23999999999999932,-0.47999999999999954,-0.04666666666666597,0.43333333333333357,True,0.0375,True
50,451,-0.10666666666666647,-0.3799999999999999,0.12683333333333355,0.5068333333333335,True,0.4365,False
50,452,-0.11999999999999922,-0.3266666666666662,0.033333333333333215,0.35999999999999943,True,0.359,False
50,453,0.033333333333333215,-0.040000000000000036,0.13999999999999968,0.17999999999999972,False,0.873,False
50,454,-0.08000000000000007,-0.27333333333333343,0.07333333333333325,0.3466666666666667,True,0.3135,False
50,455,-0.08000000000000007,-0.25333333333333297,0.06666666666666643,0.3199999999999994,True,0.376,False
50,456,-0.1133333333333324,-0.33333333333333304,0.06666666666666732,0.40000000000000036,True,0.3335,False
50,457,0.040000000000000036,-0.12683333333333327,0.206666666666667,0.33350000000000024,True,0.6605,False
50,458,-0.040000000000000036,-0.1466666666666674,0.05333333333333368,0.20000000000000107,True,0.5855,False
50,459,-0.10666666666666558,-0.31333333333333346,0.07999999999999921,0.39333333333333265,True,0.318,False
50,460,-0.1466666666666674,-0.3468333333333339,0.013333333333332753,0.36016666666666663,True,0.205,False
50,461,-0.17333333333333378,-0.40000000000000036,0.019999999999999574,0.41999999999999993,True,0.1275,False
50,462,-0.11999999999999922,-0.3333333333333339,0.0600000000000005,0.3933333333333344,True,0.2905,False
50,463,-0.1200000000000001,-0.3401666666666671,0.06666666666666732,0.40683333333333443,True,0.244,False
50,464,-0.046666666666666856,-0.20000000000000018,0.08666666666666689,0.28666666666666707,True,0.5915,False
50,465,-0.1733333333333329,-0.3799999999999999,-0.006666666666666798,0.3733333333333331,True,0.103,False
50,466,-0.08666666666666689,-0.2933333333333339,0.11999999999999922,0.4133333333333331,True,0.4505,False
50,467,-0.11999999999999922,-0.3601666666666667,0.08016666666666583,0.4403333333333325,True,0.3715,False
50,468,-0.15999999999999925,-0.39333333333333265,0.040000000000000924,0.43333333333333357,True,0.1745,False
50,469,-0.24666666666666792,-0.4800000000000004,-0.060000000000001365,0.41999999999999904,True,0.0215,True
50,470,-0.15333333333333332,-0.4266666666666659,0.09333333333333282,0.5199999999999987,True,0.2655,False
50,471,-0.006666666666666821,-0.21333333333333293,0.18666666666666654,0.39999999999999947,True,0.9955,False
50,472,-0.15333333333333332,-0.4333333333333327,0.10666666666666647,0.5399999999999991,True,0.277,False
50,473,-0.04666666666666597,-0.15333333333333335,0.033333333333333215,0.18666666666666656,True,0.497,False
50,474,0.006666666666666821,-0.10683333333333368,0.14000000000000057,0.24683333333333424,True,0.8315,False
50,475,-0.10666666666666647,-0.28666666666666707,0.026666666666667303,0.31333333333333435,True,0.3135,False
50,476,-0.14000000000000057,-0.3599999999999995,0.040000000000000036,0.3999999999999995,True,0.1835,False
50,477,-0.21333333333333204,-0.4468333333333335,-0.020000000000000462,0.42683333333333306,True,0.1005,False
50,478,-0.040000000000000036,-0.23999999999999932,0.14000000000000057,0.3799999999999999,True,0.7125,False
50,479,-0.019999999999999574,-0.22000000000000064,0.1800000000000006,0.40000000000000124,True,0.8465,False
50,480,0.013333333333333641,-0.15333333333333332,0.17333333333333378,0.3266666666666671,True,0.9005,False
50,481,-0.206666666666667,-0.45333333333333314,-0.006666666666666821,0.4466666666666663,True,0.096,False
50,482,-0.18666666666666742,-0.40000000000000036,-0.026666666666667282,0.3733333333333331,True,0.066,False
50,483,0.0066666666666659324,-0.18666666666666654,0.1800000000000006,0.36666666666666714,True,0.945,False
50,484,-0.20000000000000018,-0.4133333333333322,-0.02666666666666726,0.38666666666666494,True,0.063,False
50,485,-0.1466666666666665,-0.39333333333333265,0.06666666666666646,0.4599999999999991,True,0.258,False
50,486,-0.11333333333333329,-0.3533333333333335,0.08683333333333262,0.44016666666666615,True,0.3705,False
50,487,-0.19333333333333247,-0.42666666666666586,-0.0066666666666659324,0.41999999999999993,True,0.1195,False
50,488,-0.12666666666666604,-0.33999999999999986,0.07333333333333325,0.4133333333333331,True,0.3005,False
50,489,-0.09333333333333371,-0.2666666666666666,0.060166666666666216,0.3268333333333328,True,0.3095,False
50,490,-0.07333333333333325,-0.2535000000000002,0.09999999999999967,0.3534999999999999,True,0.4685,False
50,491,-0.09333333333333371,-0.3000000000000007,0.0800000000000001,0.3800000000000008,True,0.345,False
50,492,-0.05999999999999961,-0.23333333333333253,0.08666666666666689,0.3199999999999994,True,0.545,False
50,493,-0.033333333333333215,-0.2599999999999998,0.16000000000000103,0.4200000000000008,True,0.8025,False
50,494,-0.1133333333333324,-0.3533333333333335,0.08000000000000007,0.43333333333333357,True,0.3805,False
50,495,-0.10000000000000053,-0.33999999999999986,0.1200000000000001,0.45999999999999996,True,0.4445,False
50,496,-0.09333333333333371,-0.28666666666666707,0.07333333333333414,0.3600000000000012,True,0.3595,False
50,497,-0.10666666666666647,-0.3801666666666671,0.1200000000000001,0.5001666666666672,True,0.426,False
50,498,-0.19333333333333336,-0.4133333333333331,-0.006666666666666821,0.4066666666666663,True,0.1005,False
50,499,-0.06666666666666732,-0.27333333333333343,0.10666666666666647,0.3799999999999999,True,0.5645,False
100,0,-0.10666666666666735,-0.25333333333333297,0.020083333333334175,0.27341666666666714,True,0.1585,False
100,1,-0.10666666666666558,-0.25333333333333297,0.026666666666666415,0.27999999999999936,True,0.1635,False
100,2,-0.10666666666666647,-0.25666666666666593,0.030083333333333098,0.286749999999999,True,0.1525,False
100,3,-0.10666666666666558,-0.25675000000000087,0.033333333333333215,0.2900833333333341,True,0.1635,False
100,4,-0.10666666666666647,-0.2566666666666668,0.019999999999999594,0.2766666666666664,True,0.157,False
100,5,-0.10666666666666647,-0.26333333333333364,0.033333333333333215,0.29666666666666686,True,0.155,False
100,6,-0.10666666666666647,-0.25333333333333385,0.023416666666666298,0.27675000000000016,True,0.1685,False
100,7,-0.10666666666666647,-0.25333333333333297,0.026666666666666394,0.27999999999999936,True,0.1885,False
100,8,-0.10666666666666558,-0.253416666666667,0.03000000000000027,0.28341666666666726,True,0.1585,False
100,9,-0.10666666666666558,-0.2566666666666668,0.023333333333333428,0.28000000000000025,True,0.1655,False
100,10,-0.10666666666666558,-0.2599999999999998,0.026666666666667282,0.28666666666666707,True,0.1675,False
100,11,-0.10666666666666647,-0.2599999999999998,0.02999999999999936,0.28999999999999915,True,0.1705,False
100,12,-0.10666666666666647,-0.25666666666666593,0.02675000000000013,0.28341666666666604,True,0.139,False
100,13,-0.10666666666666558,-0.2500000000000009,0.03008333333333396,0.28008333333333485,True,0.1645,False
100,14,-0.10666666666666558,-0.26008333333333383,0.026666666666667282,0.2867500000000011,True,0.157,False
100,15,-0.10666666666666558,-0.2566666666666668,0.026666666666667282,0.2833333333333341,True,0.1595,False
100,16,-0.10666666666666647,-0.25,0.033333333333333215,0.2833333333333332,True,0.1635,False
100,17,-0.10666666666666558,-0.24666666666666706,0.023333333333333428,0.27000000000000046,True,0.166,False
100,18,-0.10666666666666647,-0.25,0.02999999999999938,0.27999999999999936,True,0.1555,False
100,19,-0.10666666666666735,-0.2535000000000002,0.02999999999999936,0.2834999999999996,True,0.1505,False
100,20,-0.10666666666666558,-0.2666666666666657,0.03000000000000025,0.29666666666666597,True,0.1585,False
100,21,-0.10666666666666735,-0.24999999999999914,0.026666666666666394,0.2766666666666655,True,0.156,False
100,22,-0.10666666666666647,-0.26333333333333364,0.023333333333333428,0.28666666666666707,True,0.1585,False
100,23,-0.10666666666666558,-0.25333333333333297,0.033333333333333215,0.2866666666666662,True,0.1595,False
100,24,-0.10666666666666558,-0.25333333333333297,0.026666666666666415,0.27999999999999936,True,0.155,False
100,25,-0.10666666666666558,-0.2600000000000007,0.03000000000000025,0.2900000000000009,True,0.1565,False
100,26,-0.10666666666666558,-0.2566666666666668,0.023333333333333428,0.28000000000000025,True,0.1555,False
100,27,-0.10666666666666647,-0.25666666666666593,0.026666666666667282,0.2833333333333332,True,0.1705,False
100,28,-0.10666666666666647,-0.24666666666666617,0.03000000000000025,0.2766666666666664,True,0.139,False
100,29,-0.10666666666666558,-0.253416666666667,0.026749999999999285,0.2801666666666663,True,0.1495,False
100,30,-0.10666666666666558,-0.26333333333333364,0.03000000000000027,0.2933333333333339,True,0.16,False
100,31,-0.10666666666666558,-0.2599999999999998,0.023333333333333428,0.2833333333333332,True,0.143,False
100,32,-0.10666666666666558,-0.24674999999999933,0.033333333333333215,0.2800833333333326,True,0.158,False
100,33,-0.10666666666666647,-0.253333333333333,0.026666666666666394,0.2799999999999994,True,0.1565,False
100,34,-0.10666666666666558,-0.25666666666666593,0.026666666666666394,0.2833333333333323,True,0.1495,False
100,35,-0.10666666666666647,-0.26333333333333275,0.026666666666666394,0.28999999999999915,True,0.1625,False
100,36,-0.10666666666666558,-0.2599999999999998,0.026750000000000152,0.28674999999999995,True,0.156,False
100,37,-0.10666666666666647,-0.2600000000000007,0.03000000000000025,0.2900000000000009,True,0.1615,False
100,38,-0.10666666666666647,-0.26333333333333364,0.026750000000000152,0.2900833333333338,True,0.1605,False
100,39,-0.10666666666666558,-0.25333333333333385,0.02333333333333256,0.2766666666666664,True,0.1665,False
100,40,-0.10666666666666558,-0.25666666666666593,0.02333333333333254,0.2799999999999985,True,0.1555,False
100,41,-0.10666666666666647,-0.2666666666666657,0.026666666666666394,0.2933333333333321,True,0.168,False
100,42,-0.10666666666666558,-0.25333333333333297,0.02999999999999936,0.2833333333333323,True,0.1625,False
100,43,-0.10666666666666558,-0.25666666666666593,0.023333333333333428,0.27999999999999936,True,0.1565,False
100,44,-0.10666666666666735,-0.2566666666666668,0.026666666666666394,0.2833333333333332,True,0.1645,False
100,45,-0.10666666666666558,-0.2566666666666668,0.023333333333333428,0.28000000000000025,True,0.166,False
100,46,-0.10666666666666558,-0.2566666666666668,0.03000000000000025,0.28666666666666707,True,0.152,False
100,47,-0.10666666666666647,-0.2533333333333321,0.023333333333333428,0.2766666666666655,True,0.168,False
100,48,-0.10666666666666647,-0.25333333333333297,0.03000000000000025,0.2833333333333332,True,0.16,False
100,49,-0.10666666666666558,-0.25,0.026666666666666394,0.2766666666666664,True,0.1555,False
100,50,-0.10666666666666647,-0.2599999999999998,0.023333333333333428,0.2833333333333332,True,0.144,False
100,51,-0.10666666666666647,-0.2634166666666677,0.029999999999999406,0.2934166666666671,True,0.161,False
100,52,-0.10666666666666647,-0.2599999999999989,0.03000000000000025,0.28999999999999915,True,0.156,False
100,53,-0.10666666666666558,-0.2566666666666668,0.023333333333334316,0.28000000000000114,True,0.165,False
100,54,-0.10666666666666647,-0.24666666666666615,0.023333333333333428,0.2699999999999996,True,0.161,False
100,55,-0.10666666666666558,-0.25675000000000087,0.026666666666667282,0.28341666666666815,True,0.159,False
100,56,-0.10666666666666735,-0.2599999999999998,0.02999999999999938,0.28999999999999915,True,0.148,False
100,57,-0.10666666666666558,-0.2599999999999998,0.026666666666666415,0.2866666666666662,True,0.149,False
100,58,-0.10666666666666558,-0.2599999999999989,0.03000000000000025,0.28999999999999915,True,0.167,False
100,59,-0.10666666666666558,-0.24333333333333407,0.02999999999999936,0.27333333333333343,True,0.173,False
100,60,-0.10666666666666647,-0.25666666666666593,0.033333333333333215,0.28999999999999915,True,0.1675,False
100,61,-0.10666666666666558,-0.26333333333333275,0.026666666666667282,0.29000000000000004,True,0.156,False
100,62,-0.10666666666666647,-0.25,0.019999999999999574,0.2699999999999996,True,0.1565,False
100,63,-0.10666666666666647,-0.25,0.02999999999999936,0.27999999999999936,True,0.173,False
100,64,-0.10666666666666558,-0.25333333333333297,0.033333333333333215,0.2866666666666662,True,0.141,False
100,65,-0.10666666666666647,-0.2599999999999998,0.02999999999999938,0.28999999999999915,True,0.1505,False
100,66,-0.10666666666666647,-0.25333333333333297,0.026666666666666415,0.27999999999999936,True,0.17,False
100,67,-0.10666666666666647,-0.25008333333333405,0.02333333333333345,0.2734166666666675,True,0.1635,False
100,68,-0.10666666666666558,-0.25333333333333297,0.023333333333333428,0.2766666666666664,True,0.156,False
100,69,-0.10666666666666647,-0.253416666666667,0.0333333333333341,0.2867500000000011,True,0.1555,False
100,70,-0.10666666666666558,-0.2599999999999998,0.026666666666666394,0.2866666666666662,True,0.173,False
100,71,-0.10666666666666647,-0.25,0.026666666666666394,0.2766666666666664,True,0.167,False
100,72,-0.10666666666666558,-0.25333333333333385,0.02333333333333256,0.2766666666666664,True,0.1545,False
100,73,-0.10666666666666735,-0.25,0.033333333333333215,0.2833333333333332,True,0.1535,False
100,74,-0.10666666666666647,-0.2599999999999998,0.02999999999999938,0.28999999999999915,True,0.166,False
100,75,-0.10666666666666647,-0.2599999999999998,0.026666666666667282,0.28666666666666707,True,0.16,False
100,76,-0.10666666666666558,-0.2566666666666668,0.023333333333333428,0.28000000000000025,True,0.183,False
100,77,-0.10666666666666558,-0.25666666666666593,0.016750000000000365,0.2734166666666663,True,0.1565,False
100,78,-0.10666666666666647,-0.25333333333333297,0.033333333333333215,0.2866666666666662,True,0.1555,False
100,79,-0.10666666666666647,-0.24341666666666809,0.03000000000000025,0.2734166666666683,True,0.1565,False
100,80,-0.10666666666666647,-0.25333333333333297,0.023416666666666298,0.2767499999999993,True,0.1555,False
100,81,-0.10666666666666647,-0.25333333333333213,0.033333333333333215,0.28666666666666535,True,0.174,False
100,82,-0.10666666666666647,-0.2599999999999989,0.026666666666667282,0.2866666666666662,True,0.1675,False
100,83,-0.10666666666666647,-0.24999999999999914,0.023333333333333428,0.27333333333333254,True,0.1555,False
100,84,-0.10666666666666647,-0.2566666666666668,0.02999999999999938,0.2866666666666662,True,0.174,False
100,85,-0.10666666666666558,-0.25333333333333297,0.019999999999999594,0.27333333333333254,True,0.16,False
100,86,-0.10666666666666558,-0.25,0.03000000000000025,0.28000000000000025,True,0.1485,False
100,87,-0.10666666666666558,-0.26008333333333383,0.03666666666666618,0.29675,True,0.165,False
100,88,-0.10666666666666647,-0.26674999999999977,0.02675000000000013,0.29349999999999987,True,0.1565,False
100,89,-0.10666666666666647,-0.25333333333333297,0.03000000000000025,0.2833333333333332,True,0.165,False
100,90,-0.10666666666666558,-0.26008333333333294,0.026666666666667282,0.2867500000000002,True,0.164,False
100,91,-0.10666666666666647,-0.25675,0.023333333333333428,0.2800833333333334,True,0.161,False
100,92,-0.10666666666666558,-0.24666666666666615,0.033333333333333215,0.27999999999999936,True,0.1685,False
100,93,-0.10666666666666647,-0.26008333333333383,0.02999999999999936,0.2900833333333332,True,0.1665,False
100,94,-0.10666666666666647,-0.25,0.03000000000000025,0.28000000000000025,True,0.1515,False
100,95,-0.10666666666666558,-0.25,0.023333333333333428,0.27333333333333343,True,0.1795,False
100,96,-0.10666666666666558,-0.2599999999999998,0.020000000000000462,0.28000000000000025,True,0.1555,False
100,97,-0.10666666666666558,-0.2566666666666668,0.023333333333334316,0.28000000000000114,True,0.163,False
100,98,-0.10666666666666558,-0.26333333333333364,0.016666666666666607,0.28000000000000025,True,0.159,False
100,99,-0.10666666666666558,-0.2633333333333328,0.03008333333333312,0.29341666666666594,True,0.152,False
100,100,-0.10666666666666647,-0.2599999999999998,0.030083333333333986,0.29008333333333375,True,0.1515,False
100,101,-0.10666666666666558,-0.2599999999999998,0.02675000000000013,0.2867499999999999,True,0.1715,False
100,102,-0.10666666666666647,-0.25675,0.0333333333333341,0.2900833333333341,True,0.1485,False
100,103,-0.10666666666666647,-0.24675000000000105,0.033333333333333215,0.28008333333333424,True,0.149,False
100,104,-0.10666666666666647,-0.2599999999999998,0.030083333333333986,0.29008333333333375,True,0.1565,False
100,105,-0.10666666666666558,-0.25008333333333316,0.02333333333333345,0.2734166666666666,True,0.164,False
100,106,-0.10666666666666647,-0.26333333333333275,0.02675000000000013,0.29008333333333286,True,0.1645,False
100,107,-0.10666666666666647,-0.25675,0.030000000000001137,0.2867500000000011,True,0.1445,False
100,108,-0.10666666666666558,-0.2599999999999998,0.030083333333333986,0.29008333333333375,True,0.151,False
100,109,-0.10666666666666558,-0.25,0.03000000000000025,0.28000000000000025,True,0.162,False
100,110,-0.10666666666666647,-0.25333333333333385,0.03000000000000025,0.2833333333333341,True,0.1655,False
100,111,-0.10666666666666647,-0.24675000000000108,0.020000000000000462,0.26675000000000154,True,0.1705,False
100,112,-0.10666666666666647,-0.2599999999999998,0.02333333333333345,0.2833333333333332,True,0.175,False
100,113,-0.10666666666666647,-0.25333333333333385,0.026666666666667282,0.28000000000000114,True,0.1635,False
100,114,-0.10666666666666647,-0.25666666666666593,0.03333333333333235,0.28999999999999826,True,0.1585,False
100,115,-0.10666666666666558,-0.25008333333333405,0.026666666666667282,0.27675000000000133,True,0.1655,False
100,116,-0.10666666666666647,-0.2600000000000007,0.026666666666666394,0.28666666666666707,True,0.1575,False
100,117,-0.10666666666666647,-0.25333333333333297,0.03000000000000025,0.2833333333333332,True,0.168,False
100,118,-0.10666666666666558,-0.25008333333333316,0.03008333333333312,0.2801666666666663,True,0.162,False
100,119,-0.10666666666666558,-0.26008333333333383,0.026666666666666415,0.2867500000000002,True,0.158,False
100,120,-0.10666666666666647,-0.25,0.026666666666667282,0.2766666666666673,True,0.158,False
100,121,-0.10666666666666647,-0.25333333333333385,0.02008333333333331,0.27341666666666714,True,0.157,False
100,122,-0.10666666666666558,-0.25666666666666593,0.033333333333333215,0.28999999999999915,True,0.154,False
100,123,-0.10666666666666558,-0.2599999999999989,0.023333333333333428,0.2833333333333323,True,0.1665,False
100,124,-0.10666666666666558,-0.2533333333333321,0.02999999999999936,0.28333333333333144,True,0.1765,False
100,125,-0.10666666666666647,-0.2566666666666668,0.026666666666666415,0.2833333333333332,True,0.1575,False
100,126,-0.10666666666666735,-0.25333333333333297,0.023333333333333428,0.2766666666666664,True,0.164,False
100,127,-0.10666666666666558,-0.2599999999999998,0.033333333333333215,0.293333333333333,True,0.1675,False
100,128,-0.10666666666666647,-0.25333333333333297,0.026666666666667282,0.28000000000000025,True,0.16,False
100,129,-0.10666666666666647,-0.25675000000000087,0.03000000000000025,0.2867500000000011,True,0.171,False
100,130,-0.10666666666666558,-0.25666666666666593,0.023333333333333428,0.27999999999999936,True,0.1705,False
100,131,-0.10666666666666558,-0.26008333333333294,0.026666666666667282,0.2867500000000002,True,0.158,False
100,132,-0.10666666666666647,-0.2533333333333321,0.026666666666666394,0.2799999999999985,True,0.1565,False
100,133,-0.10666666666666647,-0.2666666666666666,0.026666666666666415,0.293333333333333,True,0.1645,False
100,134,-0.10666666666666647,-0.25333333333333385,0.026666666666666394,0.28000000000000025,True,0.142,False
100,135,-0.10666666666666647,-0.2533333333333321,0.02999999999999938,0.28333333333333144,True,0.165,False
100,136,-0.10666666666666647,-0.2566666666666668,0.020000000000000462,0.2766666666666673,True,0.1625,False
100,137,-0.10666666666666647,-0.25675000000000087,0.02675000000000013,0.283500000000001,True,0.1775,False
100,138,-0.10666666666666647,-0.24666666666666703,0.02999999999999936,0.2766666666666664,True,0.168,False
100,139,-0.10666666666666558,-0.25333333333333385,0.026666666666666394,0.28000000000000025,True,0.148,False
100,140,-0.10666666666666558,-0.26333333333333275,0.020000000000000462,0.2833333333333332,True,0.154,False
100,141,-0.10666666666666647,-0.24675000000000022,0.02333333333333254,0.2700833333333328,True,0.165,False
100,142,-0.10666666666666558,-0.2566666666666668,0.023333333333334316,0.28000000000000114,True,0.156,False
100,143,-0.10666666666666647,-0.2666666666666657,0.03000000000000025,0.29666666666666597,True,0.16,False
100,144,-0.10666666666666647,-0.26333333333333364,0.026666666666667303,0.2900000000000009,True,0.1525,False
100,145,-0.10666666666666558,-0.2566666666666668,0.026666666666667282,0.2833333333333341,True,0.1545,False
100,146,-0.10666666666666558,-0.25333333333333385,0.02333333333333256,0.2766666666666664,True,0.148,False
100,147,-0.10666666666666558,-0.25666666666666593,0.023416666666667165,0.2800833333333331,True,0.1565,False
100,148,-0.10666666666666647,-0.25675,0.02675000000000013,0.2835000000000001,True,0.156,False
100,149,-0.10666666666666647,-0.25333333333333385,0.026666666666666415,0.28000000000000025,True,0.171,False
100,150,-0.10666666666666647,-0.25,0.030083333333333986,0.28008333333333396,True,0.163,False
100,151,-0.10666666666666647,-0.25333333333333385,0.03341666666666608,0.28674999999999995,True,0.161,False
100,152,-0.10666666666666558,-0.2566666666666668,0.03000000000000027,0.28666666666666707,True,0.1455,False
100,153,-0.10666666666666558,-0.2566666666666668,0.026666666666666415,0.2833333333333332,True,0.1605,False
100,154,-0.10666666666666647,-0.26333333333333275,0.03341666666666522,0.29674999999999796,True,0.163,False
100,155,-0.10666666666666647,-0.2599999999999998,0.02999999999999938,0.28999999999999915,True,0.152,False
100,156,-0.10666666666666647,-0.25,0.026666666666667282,0.2766666666666673,True,0.1675,False
100,157,-0.10666666666666647,-0.25333333333333385,0.023416666666667165,0.276750000000001,True,0.1715,False
100,158,-0.10666666666666558,-0.2600000000000007,0.03000000000000025,0.2900000000000009,True,0.174,False
100,159,-0.10666666666666558,-0.25333333333333297,0.033333333333333215,0.2866666666666662,True,0.16,False
100,160,-0.10666666666666735,-0.25666666666666593,0.02675000000000013,0.28341666666666604,True,0.1655,False
100,161,-0.10666666666666647,-0.25666666666666593,0.03000000000000027,0.2866666666666662,True,0.1565,False
100,162,-0.10666666666666558,-0.25,0.026666666666667282,0.2766666666666673,True,0.162,False
100,163,-0.10666666666666647,-0.2699999999999996,0.03000000000000025,0.2999999999999998,True,0.156,False
100,164,-0.10666666666666558,-0.25,0.030000000000001137,0.28000000000000114,True,0.156,False
100,165,-0.10666666666666647,-0.2599999999999998,0.026666666666666394,0.2866666666666662,True,0.1635,False
100,166,-0.10666666666666558,-0.25333333333333297,0.03000000000000025,0.2833333333333332,True,0.1535,False
100,167,-0.10666666666666647,-0.2600000000000007,0.026666666666667282,0.28666666666666796,True,0.1775,False
100,168,-0.10666666666666647,-0.25,0.02333333333333345,0.27333333333333343,True,0.145,False
100,169,-0.10666666666666558,-0.26333333333333364,0.02999999999999936,0.293333333333333,True,0.158,False
100,170,-0.10666666666666647,-0.26008333333333383,0.030083333333333098,0.2901666666666669,True,0.1565,False
100,171,-0.10666666666666558,-0.2566666666666677,0.026666666666666394,0.2833333333333341,True,0.1495,False
100,172,-0.10666666666666647,-0.24675000000000022,0.026750000000000152,0.27350000000000035,True,0.1555,False
100,173,-0.10666666666666647,-0.25333333333333385,0.02999999999999938,0.2833333333333332,True,0.149,False
100,174,-0.10666666666666558,-0.25666666666666593,0.023416666666667165,0.2800833333333331,True,0.1655,False
100,175,-0.10666666666666647,-0.2566666666666668,0.023333333333333428,0.28000000000000025,True,0.1525,False
100,176,-0.10666666666666647,-0.2599999999999998,0.030083333333333098,0.29008333333333286,True,0.1575,False
100,177,-0.10666666666666647,-0.26333333333333275,0.023333333333334316,0.28666666666666707,True,0.1765,False
100,178,-0.10666666666666647,-0.26333333333333275,0.02675000000000013,0.29008333333333286,True,0.1615,False
100,179,-0.10666666666666558,-0.2666666666666657,0.02999999999999938,0.2966666666666651,True,0.16,False
100,180,-0.10666666666666647,-0.24666666666666615,0.026666666666666415,0.27333333333333254,True,0.1655,False
100,181,-0.10666666666666647,-0.25666666666666593,0.03000000000000025,0.2866666666666662,True,0.1445,False
100,182,-0.10666666666666558,-0.25333333333333297,0.023333333333333428,0.2766666666666664,True,0.156,False
100,183,-0.10666666666666558,-0.2566666666666668,0.026666666666666415,0.2833333333333332,True,0.1625,False
100,184,-0.10666666666666647,-0.25666666666666593,0.03000000000000025,0.2866666666666662,True,0.161,False
100,185,-0.10666666666666558,-0.2566666666666677,0.026666666666665527,0.2833333333333332,True,0.1565,False
100,186,-0.10666666666666735,-0.253416666666667,0.02999999999999936,0.2834166666666664,True,0.1365,False
100,187,-0.10666666666666647,-0.25,0.023416666666667165,0.27341666666666714,True,0.153,False
100,188,-0.10666666666666558,-0.2566666666666668,0.02333333333333345,0.28000000000000025,True,0.1735,False
100,189,-0.10666666666666647,-0.2599999999999998,0.020000000000000462,0.28000000000000025,True,0.154,False
100,190,-0.10666666666666558,-0.253416666666667,0.026666666666666394,0.2800833333333334,True,0.1595,False
100,191,-0.10666666666666558,-0.24666666666666617,0.02999999999999936,0.2766666666666655,True,0.1725,False
100,192,-0.10666666666666558,-0.2566666666666668,0.026666666666666394,0.2833333333333332,True,0.1595,False
100,193,-0.10666666666666647,-0.25008333333333316,0.020000000000000462,0.2700833333333336,True,0.147,False
100,194,-0.10666666666666647,-0.253416666666667,0.026666666666666394,0.2800833333333334,True,0.166,False
100,195,-0.10666666666666647,-0.26008333333333383,0.02999999999999938,0.2900833333333332,True,0.17,False
100,196,-0.10666666666666647,-0.25333333333333385,0.033333333333333215,0.28666666666666707,True,0.1615,False
100,197,-0.10666666666666647,-0.25666666666666593,0.02333333333333254,0.2799999999999985,True,0.142,False
100,198,-0.10666666666666558,-0.25675,0.023333333333334316,0.2800833333333343,True,0.155,False
100,199,-0.10666666666666647,-0.25333333333333297,0.026666666666667282,0.28000000000000025,True,0.1595,False
100,200,-0.10666666666666558,-0.24999999999999914,0.02675000000000013,0.2767499999999993,True,0.1485,False
100,201,-0.10666666666666558,-0.26008333333333383,0.023416666666667165,0.283500000000001,True,0.153,False
100,202,-0.10666666666666558,-0.25666666666666593,0.02008333333333331,0.2767499999999992,True,0.148,False
100,203,-0.10666666666666558,-0.26333333333333364,0.023333333333334316,0.28666666666666796,True,0.1685,False
100,204,-0.10666666666666647,-0.26008333333333294,0.03000000000000025,0.2900833333333332,True,0.152,False
100,205,-0.10666666666666558,-0.26333333333333364,0.026666666666665527,0.28999999999999915,True,0.1745,False
100,206,-0.10666666666666558,-0.2566666666666668,0.023333333333333428,0.28000000000000025,True,0.1625,False
100,207,-0.10666666666666647,-0.2566666666666668,0.026666666666666415,0.2833333333333332,True,0.1635,False
100,208,-0.10666666666666558,-0.25333333333333385,0.026666666666666415,0.28000000000000025,True,0.1515,False
100,209,-0.10666666666666735,-0.2566666666666668,0.026666666666666394,0.2833333333333332,True,0.157,False
100,210,-0.10666666666666647,-0.2499999999999991,0.02999999999999936,0.2799999999999985,True,0.1515,False
100,211,-0.10666666666666647,-0.2566666666666668,0.023416666666667165,0.28008333333333396,True,0.164,False
100,212,-0.10666666666666735,-0.2600833333333339,0.03000000000000025,0.29008333333333414,True,0.155,False
100,213,-0.10666666666666558,-0.24666666666666703,0.023333333333333428,0.27000000000000046,True,0.1635,False
100,214,-0.10666666666666558,-0.25,0.020000000000000462,0.27000000000000046,True,0.16,False
100,215,-0.10666666666666647,-0.2600000000000007,0.02333333333333256,0.2833333333333332,True,0.147,False
100,216,-0.10666666666666647,-0.25666666666666593,0.02999999999999938,0.2866666666666653,True,0.172,False
100,217,-0.10666666666666647,-0.25666666666666593,0.023416666666667165,0.2800833333333331,True,0.1725,False
100,218,-0.10666666666666558,-0.25333333333333297,0.020000000000000462,0.27333333333333343,True,0.163,False
100,219,-0.10666666666666735,-0.253416666666667,0.03666666666666618,0.2900833333333332,True,0.152,False
100,220,-0.10666666666666647,-0.2600000000000007,0.03000000000000025,0.2900000000000009,True,0.1725,False
100,221,-0.10666666666666558,-0.24666666666666706,0.030000000000001137,0.27666666666666817,True,0.1535,False
100,222,-0.10666666666666647,-0.26333333333333275,0.0366666666666662,0.29999999999999893,True,0.1525,False
100,223,-0.10666666666666558,-0.2566666666666668,0.026666666666667282,0.2833333333333341,True,0.1505,False
100,224,-0.10666666666666647,-0.25333333333333297,0.02675000000000013,0.2800833333333331,True,0.1605,False
100,225,-0.10666666666666735,-0.2634166666666668,0.033333333333333215,0.29675,True,0.1685,False
100,226,-0.10666666666666558,-0.2566666666666668,0.023333333333333428,0.28000000000000025,True,0.168,False
100,227,-0.10666666666666558,-0.25333333333333297,0.02999999999999938,0.2833333333333323,True,0.1475,False
100,228,-0.10666666666666558,-0.25666666666666593,0.023416666666667165,0.2800833333333331,True,0.165,False
100,229,-0.10666666666666558,-0.26008333333333294,0.03000000000000027,0.2900833333333332,True,0.153,False
100,230,-0.10666666666666558,-0.25666666666666593,0.033333333333333215,0.28999999999999915,True,0.1695,False
100,231,-0.10666666666666558,-0.2599999999999998,0.026666666666666394,0.2866666666666662,True,0.146,False
100,232,-0.10666666666666647,-0.25333333333333297,0.026666666666667282,0.28000000000000025,True,0.1615,False
100,233,-0.10666666666666735,-0.25675,0.026666666666667282,0.28341666666666726,True,0.16,False
100,234,-0.10666666666666558,-0.25675,0.02675000000000013,0.2835000000000001,True,0.162,False
100,235,-0.10666666666666558,-0.25675,0.026666666666666394,0.2834166666666664,True,0.1545,False
100,236,-0.10666666666666558,-0.25675,0.026666666666667282,0.28341666666666726,True,0.1745,False
100,237,-0.10666666666666647,-0.2599999999999998,0.020000000000000462,0.28000000000000025,True,0.165,False
100,238,-0.10666666666666558,-0.26333333333333364,0.026666666666666415,0.29000000000000004,True,0.1705,False
100,239,-0.10666666666666647,-0.2566666666666668,0.03008333333333312,0.28674999999999995,True,0.1505,False
100,240,-0.10666666666666647,-0.25,0.02999999999999938,0.27999999999999936,True,0.176,False
100,241,-0.10666666666666647,-0.26008333333333294,0.023416666666667165,0.2835000000000001,True,0.164,False
100,242,-0.10666666666666647,-0.26675000000000065,0.020000000000000462,0.2867500000000011,True,0.15,False
100,243,-0.10666666666666558,-0.2599999999999998,0.02999999999999936,0.28999999999999915,True,0.158,False
100,244,-0.10666666666666558,-0.2600000000000007,0.026666666666666394,0.28666666666666707,True,0.163,False
100,245,-0.10666666666666558,-0.25,0.023333333333333428,0.27333333333333343,True,0.1555,False
100,246,-0.10666666666666647,-0.2599999999999998,0.03008333333333312,0.2900833333333329,True,0.1575,False
100,247,-0.10666666666666647,-0.2566666666666668,0.026666666666666415,0.2833333333333332,True,0.164,False
100,248,-0.10666666666666647,-0.25666666666666593,0.019999999999999574,0.2766666666666655,True,0.16,False
100,249,-0.10666666666666735,-0.2599999999999998,0.026666666666666394,0.2866666666666662,True,0.1695,False
100,250,-0.10666666666666558,-0.25,0.03000000000000025,0.28000000000000025,True,0.1735,False
100,251,-0.10666666666666558,-0.2599999999999998,0.016666666666667496,0.2766666666666673,True,0.176,False
100,252,-0.10666666666666647,-0.2500833333333349,0.026750000000000107,0.276833333333335,True,0.1525,False
100,253,-0.10666666666666558,-0.2566666666666668,0.026666666666666394,0.2833333333333332,True,0.1635,False
100,254,-0.10666666666666558,-0.2599999999999998,0.03000000000000025,0.29000000000000004,True,0.1565,False
100,255,-0.10666666666666558,-0.2599999999999989,0.020000000000000483,0.27999999999999936,True,0.155,False
100,256,-0.10666666666666647,-0.2699999999999996,0.026666666666666415,0.29666666666666597,True,0.154,False
100,257,-0.10666666666666647,-0.253416666666667,0.02999999999999936,0.2834166666666664,True,0.1575,False
100,258,-0.10666666666666558,-0.2599999999999998,0.023333333333333428,0.2833333333333332,True,0.1615,False
100,259,-0.10666666666666647,-0.25008333333333405,0.030083333333333098,0.2801666666666671,True,0.1545,False
100,260,-0.10666666666666735,-0.24666666666666617,0.026666666666666394,0.27333333333333254,True,0.1715,False
100,261,-0.10666666666666647,-0.25,0.02999999999999936,0.27999999999999936,True,0.173,False
100,262,-0.10666666666666647,-0.24666666666666703,0.02675000000000013,0.27341666666666714,True,0.1715,False
100,263,-0.10666666666666558,-0.25,0.026666666666666415,0.2766666666666664,True,0.149,False
100,264,-0.10666666666666558,-0.26333333333333275,0.026666666666666415,0.28999999999999915,True,0.1545,False
100,265,-0.10666666666666558,-0.253416666666667,0.02333333333333345,0.27675000000000044,True,0.1635,False
100,266,-0.10666666666666647,-0.26333333333333364,0.023333333333333428,0.28666666666666707,True,0.155,False
100,267,-0.10666666666666558,-0.2566666666666668,0.023416666666667165,0.28008333333333396,True,0.158,False
100,268,-0.10666666666666647,-0.26008333333333383,0.023333333333333428,0.28341666666666726,True,0.157,False
100,269,-0.10666666666666647,-0.2599999999999998,0.023416666666666277,0.28341666666666604,True,0.17,False
100,270,-0.10666666666666647,-0.2566666666666668,0.023333333333333428,0.28000000000000025,True,0.1505,False
100,271,-0.10666666666666735,-0.25333333333333297,0.02008333333333331,0.27341666666666625,True,0.154,False
100,272,-0.10666666666666647,-0.25333333333333297,0.03000000000000025,0.2833333333333332,True,0.167,False
100,273,-0.10666666666666647,-0.25,0.023333333333333428,0.27333333333333343,True,0.159,False
100,274,-0.10666666666666558,-0.25666666666666593,0.026666666666666394,0.2833333333333323,True,0.1585,False
100,275,-0.10666666666666558,-0.25666666666666593,0.02999999999999936,0.2866666666666653,True,0.1625,False
100,276,-0.10666666666666647,-0.25333333333333297,0.03000000000000025,0.2833333333333332,True,0.1565,False
100,277,-0.10666666666666647,-0.2599999999999998,0.02333333333333256,0.2833333333333323,True,0.157,False
100,278,-0.10666666666666647,-0.2533333333333321,0.03000000000000027,0.2833333333333323,True,0.1495,False
100,279,-0.10666666666666558,-0.2599999999999998,0.02999999999999938,0.28999999999999915,True,0.158,False
100,280,-0.10666666666666647,-0.25333333333333474,0.02675000000000013,0.28008333333333485,True,0.1495,False
100,281,-0.10666666666666647,-0.2599999999999998,0.02675000000000013,0.2867499999999999,True,0.161,False
100,282,-0.10666666666666558,-0.25666666666666593,0.033333333333333215,0.28999999999999915,True,0.1725,False
100,283,-0.10666666666666647,-0.2599999999999998,0.026666666666667282,0.28666666666666707,True,0.1445,False
100,284,-0.10666666666666558,-0.25666666666666593,0.023333333333333428,0.27999999999999936,True,0.1645,False
100,285,-0.10666666666666558,-0.2566666666666668,0.026666666666667282,0.2833333333333341,True,0.145,False
100,286,-0.10666666666666558,-0.25008333333333316,0.02675000000000013,0.27683333333333326,True,0.1525,False
100,287,-0.10666666666666647,-0.25333333333333297,0.026666666666667282,0.28000000000000025,True,0.144,False
100,288,-0.10666666666666647,-0.2666666666666666,0.026666666666665527,0.2933333333333321,True,0.1445,False
100,289,-0.10666666666666647,-0.25333333333333385,0.023333333333333428,0.2766666666666673,True,0.1565,False
100,290,-0.10666666666666558,-0.25333333333333297,0.026750000000000152,0.28008333333333313,True,0.158,False
100,291,-0.10666666666666558,-0.2535000000000002,0.03000000000000025,0.2835000000000005,True,0.171,False
100,292,-0.10666666666666647,-0.253416666666667,0.026666666666666394,0.2800833333333334,True,0.15,False
100,293,-0.10666666666666647,-0.25666666666666593,0.033333333333333215,0.28999999999999915,True,0.151,False
100,294,-0.10666666666666558,-0.2599999999999998,0.023416666666667165,0.2834166666666669,True,0.1745,False
100,295,-0.10666666666666647,-0.26008333333333383,0.033333333333333236,0.29341666666666705,True,0.162,False
100,296,-0.10666666666666735,-0.25,0.020000000000000462,0.27000000000000046,True,0.1605,False
100,297,-0.10666666666666558,-0.2566666666666668,0.026666666666666394,0.2833333333333332,True,0.149,False
100,298,-0.10666666666666647,-0.23666666666666725,0.033333333333333215,0.27000000000000046,True,0.1575,False
100,299,-0.10666666666666647,-0.2566666666666677,0.03000000000000025,0.28666666666666796,True,0.1755,False
100,300,-0.10666666666666558,-0.25333333333333385,0.026666666666666415,0.28000000000000025,True,0.1505,False
100,301,-0.10666666666666647,-0.2600000000000007,0.023333333333333428,0.2833333333333341,True,0.1655,False
100,302,-0.10666666666666647,-0.2599999999999998,0.02999999999999936,0.28999999999999915,True,0.1555,False
100,303,-0.10666666666666647,-0.25,0.023416666666667165,0.27341666666666714,True,0.16,False
100,304,-0.10666666666666647,-0.25008333333333405,0.03000000000000025,0.2800833333333343,True,0.159,False
100,305,-0.10666666666666558,-0.25,0.01666666666666663,0.2666666666666666,True,0.1795,False
100,306,-0.10666666666666647,-0.26333333333333275,0.02675000000000013,0.29008333333333286,True,0.15,False
100,307,-0.10666666666666647,-0.2599999999999998,0.030000000000001137,0.2900000000000009,True,0.163,False
100,308,-0.10666666666666647,-0.25666666666666593,0.023333333333333428,0.27999999999999936,True,0.172,False
100,309,-0.10666666666666647,-0.2600000000000007,0.02675000000000013,0.2867500000000008,True,0.1375,False
100,310,-0.10666666666666647,-0.25008333333333405,0.03000000000000027,0.2800833333333343,True,0.1585,False
100,311,-0.10666666666666647,-0.2500000000000009,0.02333333333333256,0.27333333333333343,True,0.1595,False
100,312,-0.10666666666666558,-0.26333333333333275,0.03000000000000025,0.293333333333333,True,0.1565,False
100,313,-0.10666666666666647,-0.26333333333333364,0.03333333333333235,0.29666666666666597,True,0.176,False
100,314,-0.10666666666666558,-0.2566666666666668,0.026666666666666394,0.2833333333333332,True,0.1555,False
100,315,-0.10666666666666647,-0.2634166666666677,0.026666666666667282,0.29008333333333497,True,0.1565,False
100,316,-0.10666666666666558,-0.26008333333333383,0.02675000000000013,0.28683333333333394,True,0.161,False
100,317,-0.10666666666666558,-0.24666666666666617,0.020000000000000462,0.2666666666666666,True,0.167,False
100,318,-0.10666666666666647,-0.2533333333333321,0.026666666666666415,0.2799999999999985,True,0.1745,False
100,319,-0.10666666666666735,-0.25666666666666593,0.023416666666667165,0.2800833333333331,True,0.17,False
100,320,-0.10666666666666647,-0.2599999999999998,0.03000000000000025,0.29000000000000004,True,0.164,False
100,321,-0.10666666666666558,-0.2566666666666668,0.03341666666666695,0.29008333333333375,True,0.163,False
100,322,-0.10666666666666558,-0.2666666666666657,0.020000000000000462,0.2866666666666662,True,0.171,False
100,323,-0.10666666666666647,-0.2635,0.040000000000000036,0.30350000000000005,True,0.169,False
100,324,-0.10666666666666647,-0.25,0.023416666666667165,0.27341666666666714,True,0.1545,False
100,325,-0.10666666666666558,-0.25,0.026666666666667282,0.2766666666666673,True,0.154,False
100,326,-0.10666666666666647,-0.25333333333333297,0.026666666666667282,0.28000000000000025,True,0.173,False
100,327,-0.10666666666666558,-0.25675,0.02008333333333331,0.27683333333333326,True,0.157,False
100,328,-0.10666666666666647,-0.25333333333333297,0.023333333333333428,0.2766666666666664,True,0.155,False
100,329,-0.10666666666666647,-0.2599999999999998,0.026666666666666415,0.2866666666666662,True,0.148,False
100,330,-0.10666666666666647,-0.25333333333333385,0.033333333333333215,0.28666666666666707,True,0.175,False
100,331,-0.10666666666666558,-0.26333333333333275,0.030083333333333986,0.2934166666666667,True,0.165,False
100,332,-0.10666666666666558,-0.25,0.03666666666666618,0.2866666666666662,True,0.1425,False
100,333,-0.10666666666666558,-0.25,0.03000000000000025,0.28000000000000025,True,0.173,False
100,334,-0.10666666666666647,-0.25666666666666593,0.026749999999999264,0.2834166666666652,True,0.169,False
100,335,-0.10666666666666558,-0.2599999999999998,0.033333333333333215,0.293333333333333,True,0.1645,False
100,336,-0.10666666666666558,-0.25675,0.023333333333333428,0.2800833333333334,True,0.1705,False
100,337,-0.10666666666666735,-0.2666666666666657,0.03000000000000025,0.29666666666666597,True,0.155,False
100,338,-0.10666666666666647,-0.25008333333333316,0.023333333333333428,0.2734166666666666,True,0.1595,False
100,339,-0.10666666666666647,-0.25675000000000087,0.026666666666666394,0.28341666666666726,True,0.173,False
100,340,-0.10666666666666647,-0.25333333333333385,0.03000000000000025,0.2833333333333341,True,0.173,False
100,341,-0.10666666666666558,-0.2599999999999998,0.033333333333333215,0.293333333333333,True,0.1515,False
100,342,-0.10666666666666735,-0.2534166666666679,0.02999999999999938,0.28341666666666726,True,0.1535,False
100,343,-0.10666666666666558,-0.25,0.02999999999999936,0.27999999999999936,True,0.1545,False
100,344,-0.10666666666666558,-0.25333333333333297,0.023416666666667165,0.2767500000000001,True,0.163,False
100,345,-0.10666666666666647,-0.26008333333333383,0.03000000000000025,0.2900833333333341,True,0.1385,False
100,346,-0.10666666666666558,-0.25675000000000087,0.026666666666667282,0.28341666666666815,True,0.156,False
100,347,-0.10666666666666558,-0.26333333333333186,0.023333333333333428,0.2866666666666653,True,0.167,False
100,348,-0.10666666666666647,-0.25333333333333385,0.02999999999999936,0.2833333333333332,True,0.1675,False
100,349,-0.10666666666666647,-0.25333333333333297,0.026666666666666394,0.27999999999999936,True,0.1615,False
100,350,-0.10666666666666558,-0.2566666666666668,0.026666666666666394,0.2833333333333332,True,0.165,False
100,351,-0.10666666666666558,-0.25333333333333297,0.023333333333333428,0.2766666666666664,True,0.1635,False
100,352,-0.10666666666666647,-0.253416666666667,0.02008333333333331,0.2735000000000003,True,0.151,False
100,353,-0.10666666666666735,-0.26008333333333383,0.026666666666666394,0.2867500000000002,True,0.1665,False
100,354,-0.10666666666666735,-0.2566666666666668,0.03000000000000025,0.28666666666666707,True,0.155,False
100,355,-0.10666666666666558,-0.2699999999999996,0.02999999999999938,0.29999999999999893,True,0.149,False
100,356,-0.10666666666666647,-0.25333333333333297,0.020000000000000462,0.27333333333333343,True,0.164,False
100,357,-0.10666666666666558,-0.24341666666666723,0.02999999999999936,0.2734166666666666,True,0.158,False
100,358,-0.10666666666666647,-0.253416666666667,0.023333333333333428,0.27675000000000044,True,0.1485,False
100,359,-0.10666666666666558,-0.25675,0.03666666666666618,0.29341666666666616,True,0.1665,False
100,360,-0.10666666666666558,-0.2634166666666668,0.02999999999999938,0.29341666666666616,True,0.152,False
100,361,-0.10666666666666647,-0.26008333333333383,0.02333333333333345,0.28341666666666726,True,0.153,False
100,362,-0.10666666666666558,-0.253416666666667,0.03000000000000025,0.28341666666666726,True,0.1535,False
100,363,-0.10666666666666647,-0.2566666666666668,0.02999999999999936,0.2866666666666662,True,0.165,False
100,364,-0.10666666666666647,-0.26333333333333275,0.026666666666666394,0.28999999999999915,True,0.154,False
100,365,-0.10666666666666558,-0.2599999999999998,0.023333333333333428,0.2833333333333332,True,0.172,False
100,366,-0.10666666666666558,-0.25,0.026666666666666394,0.2766666666666664,True,0.16,False
100,367,-0.10666666666666647,-0.25666666666666593,0.026666666666666394,0.2833333333333323,True,0.165,False
100,368,-0.10666666666666647,-0.2600000000000007,0.026666666666666415,0.28666666666666707,True,0.1595,False
100,369,-0.10666666666666558,-0.25,0.026666666666666394,0.2766666666666664,True,0.147,False
100,370,-0.10666666666666558,-0.2566666666666668,0.03000000000000025,0.28666666666666707,True,0.159,False
100,371,-0.10666666666666558,-0.25675000000000087,0.026666666666666394,0.28341666666666726,True,0.1585,False
100,372,-0.10666666666666558,-0.25666666666666593,0.03666666666666618,0.2933333333333321,True,0.1665,False
100,373,-0.10666666666666558,-0.26008333333333383,0.03000000000000025,0.2900833333333341,True,0.1515,False
100,374,-0.10666666666666558,-0.2599999999999998,0.02333333333333345,0.2833333333333332,True,0.153,False
100,375,-0.10666666666666558,-0.2666666666666666,0.026666666666666394,0.293333333333333,True,0.1525,False
100,376,-0.10666666666666735,-0.2599999999999998,0.02999999999999936,0.28999999999999915,True,0.16,False
100,377,-0.10666666666666647,-0.25666666666666593,0.026666666666666394,0.2833333333333323,True,0.1745,False
100,378,-0.10666666666666558,-0.25675,0.026666666666667282,0.28341666666666726,True,0.1625,False
100,379,-0.10666666666666647,-0.24674999999999936,0.026666666666666415,0.27341666666666575,True,0.168,False
100,380,-0.10666666666666558,-0.2634166666666677,0.023416666666667165,0.28683333333333483,True,0.1565,False
100,381,-0.10666666666666558,-0.25008333333333405,0.023333333333333428,0.2734166666666675,True,0.1515,False
100,382,-0.10666666666666558,-0.25008333333333405,0.026666666666667282,0.27675000000000133,True,0.1425,False
100,383,-0.10666666666666558,-0.26333333333333364,0.030083333333333986,0.2934166666666676,True,0.1505,False
100,384,-0.10666666666666647,-0.2566666666666668,0.03666666666666707,0.2933333333333339,True,0.155,False
100,385,-0.10666666666666647,-0.2500000000000009,0.023333333333333428,0.2733333333333343,True,0.169,False
100,386,-0.10666666666666735,-0.2566666666666668,0.03000000000000025,0.28666666666666707,True,0.18,False
100,387,-0.10666666666666558,-0.26008333333333383,0.030083333333333986,0.2901666666666678,True,0.1565,False
100,388,-0.10666666666666558,-0.2534166666666661,0.03000000000000025,0.2834166666666664,True,0.1575,False
100,389,-0.10666666666666735,-0.2666666666666666,0.03000000000000025,0.29666666666666686,True,0.147,False
100,390,-0.10666666666666647,-0.2566666666666668,0.026666666666665506,0.2833333333333323,True,0.1545,False
100,391,-0.10666666666666647,-0.25675,0.02333333333333345,0.2800833333333334,True,0.16,False
100,392,-0.10666666666666558,-0.26333333333333275,0.02008333333333333,0.2834166666666661,True,0.1595,False
100,393,-0.10666666666666647,-0.25333333333333297,0.033333333333333215,0.2866666666666662,True,0.1535,False
100,394,-0.10666666666666558,-0.25666666666666593,0.023333333333333428,0.27999999999999936,True,0.167,False
100,395,-0.10666666666666558,-0.24999999999999914,0.03000000000000025,0.27999999999999936,True,0.1615,False
100,396,-0.10666666666666647,-0.2566666666666668,0.02675000000000013,0.2834166666666669,True,0.17,False
100,397,-0.10666666666666647,-0.25333333333333297,0.03000000000000025,0.2833333333333332,True,0.1565,False
100,398,-0.10666666666666647,-0.2599999999999998,0.026666666666666394,0.2866666666666662,True,0.158,False
100,399,-0.10666666666666647,-0.25,0.02999999999999936,0.27999999999999936,True,0.1565,False
100,400,-0.10666666666666558,-0.26008333333333383,0.02333333333333345,0.28341666666666726,True,0.178,False
100,401,-0.10666666666666647,-0.253416666666667,0.026666666666666394,0.2800833333333334,True,0.1655,False
100,402,-0.10666666666666647,-0.2566666666666668,0.03000000000000025,0.28666666666666707,True,0.162,False
100,403,-0.10666666666666647,-0.25666666666666593,0.026666666666667282,0.2833333333333332,True,0.151,False
100,404,-0.10666666666666647,-0.2433333333333332,0.026666666666665527,0.26999999999999874,True,0.161,False
100,405,-0.10666666666666558,-0.25008333333333316,0.026666666666666394,0.27674999999999955,True,0.1395,False
100,406,-0.10666666666666647,-0.25333333333333385,0.019999999999998706,0.27333333333333254,True,0.1555,False
100,407,-0.10666666666666558,-0.2599999999999998,0.023416666666667165,0.2834166666666669,True,0.1615,False
100,408,-0.10666666666666647,-0.2599999999999998,0.026666666666667282,0.28666666666666707,True,0.1655,False
100,409,-0.10666666666666558,-0.2566666666666668,0.02333333333333254,0.27999999999999936,True,0.1555,False
100,410,-0.10666666666666558,-0.2634166666666668,0.023333333333333428,0.2867500000000002,True,0.1455,False
100,411,-0.10666666666666558,-0.25333333333333297,0.02999999999999938,0.2833333333333323,True,0.156,False
100,412,-0.10666666666666647,-0.24999999999999914,0.023416666666667165,0.2734166666666663,True,0.158,False
100,413,-0.10666666666666647,-0.26333333333333275,0.026666666666667282,0.29000000000000004,True,0.164,False
100,414,-0.10666666666666558,-0.25333333333333385,0.02675000000000013,0.28008333333333396,True,0.1625,False
100,415,-0.10666666666666558,-0.26333333333333275,0.02999999999999936,0.2933333333333321,True,0.156,False
100,416,-0.10666666666666558,-0.25333333333333297,0.020000000000000483,0.27333333333333343,True,0.162,False
100,417,-0.10666666666666558,-0.25,0.023416666666667165,0.27341666666666714,True,0.158,False
100,418,-0.10666666666666647,-0.26333333333333364,0.02333333333333254,0.2866666666666662,True,0.1675,False
100,419,-0.10666666666666558,-0.2534166666666662,0.02333333333333345,0.2767499999999996,True,0.1585,False
100,420,-0.10666666666666558,-0.25,0.030083333333333098,0.2800833333333331,True,0.1675,False
100,421,-0.10666666666666558,-0.25016666666666637,0.019999999999999574,0.27016666666666594,True,0.1565,False
100,422,-0.10666666666666558,-0.25,0.023333333333333428,0.27333333333333343,True,0.165,False
100,423,-0.10666666666666647,-0.24666666666666706,0.033333333333333215,0.28000000000000025,True,0.1625,False
100,424,-0.10666666666666647,-0.253416666666667,0.026750000000000152,0.2801666666666672,True,0.151,False
100,425,-0.10666666666666558,-0.2700833333333336,0.023333333333333428,0.29341666666666705,True,0.1705,False
100,426,-0.10666666666666558,-0.2599999999999989,0.033333333333333215,0.2933333333333321,True,0.148,False
100,427,-0.10666666666666558,-0.2566666666666668,0.020000000000000462,0.2766666666666673,True,0.1725,False
100,428,-0.10666666666666558,-0.25333333333333385,0.02999999999999938,0.2833333333333332,True,0.16,False
100,429,-0.10666666666666647,-0.2599999999999998,0.03000000000000025,0.29000000000000004,True,0.17,False
100,430,-0.10666666666666647,-0.25333333333333297,0.026666666666666394,0.27999999999999936,True,0.156,False
100,431,-0.10666666666666647,-0.2533333333333321,0.026666666666666394,0.2799999999999985,True,0.157,False
100,432,-0.10666666666666647,-0.25666666666666504,0.02666666666666817,0.2833333333333332,True,0.168,False
100,433,-0.10666666666666558,-0.2566666666666668,0.033333333333333215,0.29000000000000004,True,0.164,False
100,434,-0.10666666666666558,-0.24999999999999914,0.02333333333333345,0.2733333333333326,True,0.1715,False
100,435,-0.10666666666666558,-0.26333333333333275,0.026666666666666394,0.28999999999999915,True,0.1475,False
100,436,-0.10666666666666735,-0.2566666666666668,0.033333333333333215,0.29000000000000004,True,0.183,False
100,437,-0.10666666666666735,-0.25666666666666504,0.03000000000000025,0.2866666666666653,True,0.1525,False
100,438,-0.10666666666666558,-0.25675,0.0366666666666662,0.29341666666666616,True,0.158,False
100,439,-0.10666666666666558,-0.25333333333333297,0.020000000000000483,0.27333333333333343,True,0.157,False
100,440,-0.10666666666666558,-0.2599999999999998,0.026666666666666394,0.2866666666666662,True,0.168,False
100,441,-0.10666666666666735,-0.25,0.023416666666667186,0.2734166666666672,True,0.164,False
100,442,-0.10666666666666647,-0.2566666666666668,0.026666666666666415,0.2833333333333332,True,0.157,False
100,443,-0.10666666666666558,-0.2566666666666668,0.033333333333333215,0.29000000000000004,True,0.146,False
100,444,-0.10666666666666647,-0.25333333333333297,0.030083333333333986,0.2834166666666669,True,0.14,False
100,445,-0.10666666666666647,-0.25333333333333297,0.026666666666666394,0.27999999999999936,True,0.1595,False
100,446,-0.10666666666666558,-0.25333333333333385,0.03000000000000027,0.2833333333333341,True,0.1545,False
100,447,-0.10666666666666558,-0.24341666666666723,0.026666666666666394,0.2700833333333336,True,0.162,False
100,448,-0.10666666666666558,-0.2599999999999998,0.033333333333333215,0.293333333333333,True,0.162,False
100,449,-0.10666666666666647,-0.24666666666666615,0.026666666666666394,0.27333333333333254,True,0.1595,False
100,450,-0.10666666666666558,-0.24333333333333318,0.020000000000000462,0.26333333333333364,True,0.169,False
100,451,-0.10666666666666647,-0.25675000000000087,0.026666666666667282,0.28341666666666815,True,0.151,False
100,452,-0.10666666666666647,-0.25008333333333316,0.023333333333333428,0.2734166666666666,True,0.1555,False
100,453,-0.10666666666666647,-0.26333333333333275,0.026666666666667282,0.29000000000000004,True,0.152,False
100,454,-0.10666666666666735,-0.26333333333333275,0.02333333333333256,0.2866666666666653,True,0.156,False
100,455,-0.10666666666666558,-0.25666666666666593,0.026666666666666394,0.2833333333333323,True,0.171,False
100,456,-0.10666666666666647,-0.2534166666666661,0.02999999999999936,0.2834166666666655,True,0.161,False
100,457,-0.10666666666666647,-0.2600000000000007,0.023333333333333428,0.2833333333333341,True,0.1585,False
100,458,-0.10666666666666647,-0.25333333333333385,0.020000000000000462,0.2733333333333343,True,0.147,False
100,459,-0.10666666666666558,-0.2599999999999998,0.033333333333333215,0.293333333333333,True,0.1585,False
100,460,-0.10666666666666647,-0.25,0.026666666666667282,0.2766666666666673,True,0.1495,False
100,461,-0.10666666666666647,-0.2599999999999998,0.023333333333333428,0.2833333333333332,True,0.156,False
100,462,-0.10666666666666558,-0.25333333333333297,0.023333333333333428,0.2766666666666664,True,0.1595,False
100,463,-0.10666666666666735,-0.26008333333333383,0.02999999999999938,0.2900833333333332,True,0.155,False
100,464,-0.10666666666666558,-0.26333333333333275,0.026666666666666394,0.28999999999999915,True,0.17,False
100,465,-0.10666666666666647,-0.2566666666666668,0.0333333333333341,0.2900000000000009,True,0.153,False
100,466,-0.10666666666666647,-0.2566666666666668,0.02675000000000013,0.2834166666666669,True,0.1615,False
100,467,-0.10666666666666558,-0.25675000000000087,0.020000000000000462,0.27675000000000133,True,0.162,False
100,468,-0.10666666666666647,-0.25,0.033333333333333215,0.2833333333333332,True,0.1625,False
100,469,-0.10666666666666558,-0.2600000000000007,0.026666666666667282,0.28666666666666796,True,0.1465,False
100,470,-0.10666666666666647,-0.25,0.026666666666667303,0.2766666666666673,True,0.142,False
100,471,-0.10666666666666647,-0.24675000000000025,0.030083333333333986,0.2768333333333342,True,0.1575,False
100,472,-0.10666666666666647,-0.253416666666667,0.026666666666667282,0.2800833333333343,True,0.151,False
100,473,-0.10666666666666558,-0.2566666666666668,0.026666666666666394,0.2833333333333332,True,0.159,False
100,474,-0.10666666666666558,-0.25,0.016750000000000344,0.2667500000000003,True,0.1385,False
100,475,-0.10666666666666558,-0.25333333333333297,0.026750000000000995,0.28008333333333396,True,0.1635,False
100,476,-0.10666666666666647,-0.2599999999999998,0.03333333333333235,0.2933333333333321,True,0.17,False
100,477,-0.10666666666666647,-0.2566666666666668,0.023333333333333428,0.28000000000000025,True,0.1425,False
100,478,-0.10666666666666647,-0.24666666666666792,0.03000000000000025,0.27666666666666817,True,0.153,False
100,479,-0.10666666666666735,-0.253416666666667,0.019999999999999574,0.2734166666666666,True,0.1545,False
100,480,-0.10666666666666558,-0.2599999999999998,0.02008333333333331,0.2800833333333331,True,0.154,False
100,481,-0.10666666666666558,-0.25666666666666593,0.03000000000000025,0.2866666666666662,True,0.1705,False
100,482,-0.10666666666666647,-0.2566666666666668,0.033333333333333215,0.29000000000000004,True,0.169,False
100,483,-0.10666666666666647,-0.2499999999999991,0.03341666666666695,0.28341666666666604,True,0.163,False
100,484,-0.10666666666666558,-0.2599999999999989,0.026666666666666415,0.2866666666666653,True,0.1535,False
100,485,-0.10666666666666647,-0.25,0.026666666666667282,0.2766666666666673,True,0.1655,False
100,486,-0.10666666666666647,-0.2566666666666668,0.03000000000000025,0.28666666666666707,True,0.1625,False
100,487,-0.10666666666666647,-0.253416666666667,0.026666666666666415,0.2800833333333334,True,0.15,False
100,488,-0.10666666666666647,-0.24666666666666703,0.03000000000000025,0.2766666666666673,True,0.162,False
100,489,-0.10666666666666558,-0.25,0.02333333333333345,0.27333333333333343,True,0.1615,False
100,490,-0.10666666666666735,-0.26333333333333275,0.03008333333333312,0.2934166666666659,True,0.1555,False
100,491,-0.10666666666666647,-0.2599999999999998,0.03666666666666618,0.29666666666666597,True,0.153,False
100,492,-0.10666666666666558,-0.2634166666666668,0.02675000000000013,0.2901666666666669,True,0.1775,False
100,493,-0.10666666666666647,-0.2599999999999998,0.03000000000000027,0.29000000000000004,True,0.1655,False
100,494,-0.10666666666666558,-0.24666666666666706,0.026666666666667282,0.2733333333333343,True,0.1575,False
100,495,-0.10666666666666558,-0.24666666666666615,0.026666666666666394,0.27333333333333254,True,0.1685,False
100,496,-0.10666666666666647,-0.24666666666666617,0.02999999999999936,0.2766666666666655,True,0.1575,False
100,497,-0.10666666666666647,-0.2699999999999996,0.033333333333333215,0.3033333333333328,True,0.15,False
100,498,-0.10666666666666647,-0.2634166666666668,0.026666666666666394,0.2900833333333332,True,0.161,False
100,499,-0.10666666666666647,-0.2566666666666677,0.020000000000000462,0.27666666666666817,True,0.1605,False
