sample_size,trial,point_estimate,ci_lower,ci_upper,ci_width,contains_full_sample_estimate,p_value,significant_at_05
25,0,-0.1466666666666665,-0.3333333333333339,0.013333333333333641,0.34666666666666757,True,0.132,False
25,1,-0.013333333333333641,-0.2933333333333339,0.293333333333333,0.5866666666666669,True,0.9155,False
25,2,0.0,-0.06666666666666643,0.08000000000000007,0.1466666666666665,True,1.0,False
25,3,-0.10666666666666647,-0.2933333333333339,0.06666666666666643,0.3600000000000003,True,0.3265,False
25,4,-0.09333333333333371,-0.21333333333333293,0.0,0.21333333333333293,True,0.1855,False
25,5,-0.17333333333333378,-0.5066666666666668,0.17333333333333378,0.6800000000000006,True,0.343,False
25,6,-0.1466666666666674,-0.3333333333333339,0.026666666666666394,0.3600000000000003,True,0.1885,False
25,7,-0.21333333333333293,-0.4666666666666668,-0.013333333333333619,0.45333333333333314,True,0.097,False
25,8,-0.18666666666666742,-0.4400000000000004,0.013333333333332753,0.45333333333333314,True,0.1255,False
25,9,0.013333333333332753,-0.21333333333333382,0.28000000000000025,0.49333333333333407,True,0.9855,False
25,10,-0.22666666666666657,-0.4666666666666668,-0.05333333333333279,0.413333333333334,False,0.0335,True
25,11,0.013333333333333641,-0.20000000000000018,0.28000000000000025,0.4800000000000004,True,0.992,False
25,12,-0.16000000000000014,-0.40000000000000036,0.01333333333333453,0.4133333333333349,True,0.24,False
25,13,0.026666666666666394,-0.2266666666666657,0.30666666666666664,0.5333333333333323,True,0.892,False
25,14,-0.13333333333333375,-0.37333333333333396,0.05333333333333279,0.42666666666666675,True,0.3305,False
25,15,0.10666666666666735,-0.05333333333333368,0.3333333333333339,0.3866666666666676,True,0.4775,False
25,16,-0.040000000000000036,-0.1200000000000001,0.0403333333333324,0.1603333333333325,True,0.542,False
25,17,0.013333333333333641,-0.13333333333333286,0.16000000000000014,0.293333333333333,True,0.7605,False
25,18,-0.040000000000000036,-0.293333333333333,0.14666666666666653,0.4399999999999995,True,0.8925,False
25,19,-0.17333333333333378,-0.4399999999999995,0.026666666666667282,0.4666666666666668,True,0.2165,False
25,20,-0.040000000000000924,-0.17366666666666739,0.10666666666666647,0.2803333333333339,True,0.5565,False
25,21,0.040000000000000924,-0.17333333333333378,0.3200000000000003,0.49333333333333407,True,0.764,False
25,22,0.08000000000000096,-0.2400000000000002,0.4133333333333331,0.6533333333333333,True,0.63,False
25,23,-0.05333333333333368,-0.34666666666666757,0.18666666666666654,0.5333333333333341,True,0.78,False
25,24,0.040000000000000036,-0.10666666666666647,0.17333333333333378,0.28000000000000025,True,0.682,False
25,25,-0.05333333333333368,-0.21333333333333382,0.09333333333333282,0.30666666666666664,True,0.5635,False
25,26,0.026666666666667282,-0.20000000000000018,0.293333333333333,0.4933333333333332,True,0.9145,False
25,27,-0.10666666666666647,-0.3333333333333339,0.16000000000000014,0.49333333333333407,True,0.4575,False
25,28,0.0,-0.1466666666666665,0.13333333333333375,0.28000000000000025,True,1.0,False
25,29,0.0,-0.09366666666666643,0.10666666666666735,0.20033333333333378,True,1.0,False
25,30,0.16000000000000014,0.05333333333333368,0.28000000000000025,0.22666666666666657,False,0.033,True
25,31,-0.06666666666666732,-0.18666666666666742,0.05333333333333279,0.2400000000000002,True,0.3965,False
25,32,-0.11999999999999922,-0.28000000000000025,0.013333333333333641,0.2933333333333339,True,0.1835,False
25,33,-0.13333333333333286,-0.3200000000000003,0.040000000000000036,0.3600000000000003,True,0.217,False
25,34,-0.06666666666666643,-0.18666666666666654,0.05333333333333368,0.2400000000000002,True,0.4175,False
25,35,-0.09333333333333371,-0.2666666666666666,0.05333333333333281,0.3199999999999994,True,0.314,False
25,36,0.06666666666666643,-0.10666666666666647,0.2400000000000002,0.3466666666666667,True,0.5665,False
25,37,0.17333333333333378,-0.026666666666666394,0.40000000000000036,0.42666666666666675,False,0.183,False
25,38,-0.026666666666667282,-0.16000000000000014,0.10666666666666647,0.2666666666666666,True,0.684,False
25,39,0.026666666666665506,-0.22666666666666746,0.33333333333333304,0.5600000000000005,True,0.925,False
25,40,-0.1733333333333329,-0.42666666666666764,0.040000000000000036,0.4666666666666677,True,0.1775,False
25,41,0.05333333333333279,-0.17333333333333378,0.32033333333333175,0.49366666666666553,True,0.7595,False
25,42,0.09333333333333371,-0.10666666666666735,0.34666666666666757,0.4533333333333349,True,0.513,False
25,43,0.013333333333333641,-0.25333333333333385,0.2400000000000002,0.49333333333333407,True,0.987,False
25,44,-0.06666666666666643,-0.2666666666666666,0.13333333333333375,0.40000000000000036,True,0.624,False
25,45,-0.08000000000000007,-0.30666666666666664,0.05333333333333368,0.3600000000000003,True,0.7505,False
25,46,0.026666666666665506,-0.1200000000000001,0.19999999999999932,0.3199999999999994,True,0.868,False
25,47,-0.09333333333333282,-0.20000000000000018,0.0,0.20000000000000018,True,0.156,False
25,48,-0.1466666666666665,-0.40000000000000124,0.040000000000000036,0.4400000000000013,True,0.2745,False
25,49,-0.08000000000000007,-0.22666666666666746,0.05333333333333368,0.28000000000000114,True,0.3705,False
25,50,-0.026666666666667282,-0.20000000000000107,0.1466666666666674,0.34666666666666845,True,0.8535,False
25,51,0.040000000000000036,-0.13333333333333375,0.22666666666666657,0.3600000000000003,True,0.7745,False
25,52,-0.13333333333333375,-0.3333333333333339,0.03999999999999917,0.3733333333333331,True,0.239,False
25,53,-0.05333333333333368,-0.2936666666666666,0.15999999999999925,0.45366666666666583,True,0.756,False
25,54,-0.06666666666666732,-0.25333333333333385,0.1200000000000001,0.37333333333333396,True,0.5725,False
25,55,-0.026666666666666394,-0.2400000000000002,0.2136666666666653,0.45366666666666555,True,0.9295,False
25,56,-0.08000000000000007,-0.25333333333333385,0.07999999999999918,0.33333333333333304,True,0.3345,False
25,57,-0.05333333333333279,-0.2933333333333339,0.13333333333333286,0.42666666666666675,True,0.7895,False
25,58,0.16000000000000014,-0.013333333333333641,0.3866666666666667,0.40000000000000036,False,0.1905,False
25,59,0.09333333333333282,-0.14700000000000013,0.3733333333333331,0.5203333333333332,True,0.601,False
25,60,0.0,-0.10666666666666735,0.09333333333333371,0.20000000000000107,True,1.0,False
25,61,-0.06666666666666643,-0.25333333333333385,0.09333333333333371,0.34666666666666757,True,0.539,False
25,62,0.05333333333333368,-0.1466666666666665,0.25333333333333385,0.40000000000000036,True,0.6755,False
25,63,-0.026666666666666394,-0.16000000000000014,0.09333333333333371,0.25333333333333385,True,0.787,False
25,64,0.040000000000000036,-0.1066666666666665,0.20000000000000018,0.30666666666666664,True,0.753,False
25,65,-0.013333333333333641,-0.17333333333333378,0.13333333333333375,0.30666666666666753,True,0.9875,False
25,66,-0.10666666666666647,-0.2933333333333339,0.09333333333333371,0.3866666666666676,True,0.343,False
25,67,-0.1200000000000001,-0.22666666666666746,-0.02666666666666726,0.2000000000000002,True,0.07,False
25,68,-0.16000000000000014,-0.3600000000000003,0.013333333333333641,0.37333333333333396,True,0.1515,False
25,69,0.09333333333333371,-0.05333333333333368,0.30666666666666664,0.3600000000000003,True,0.5075,False
25,70,-0.16000000000000014,-0.3200000000000003,-0.013333333333333641,0.30666666666666664,True,0.079,False
25,71,-0.1466666666666674,-0.4133333333333331,0.08000000000000007,0.4933333333333332,True,0.2745,False
25,72,0.026666666666667282,-0.18666666666666654,0.2400000000000002,0.42666666666666675,True,0.881,False
25,73,0.08000000000000007,-0.1200000000000001,0.30666666666666664,0.42666666666666675,True,0.6335,False
25,74,0.10666666666666647,-0.10666666666666558,0.3600000000000003,0.4666666666666659,True,0.445,False
25,75,-0.040000000000000036,-0.21333333333333293,0.10666666666666735,0.3200000000000003,True,0.7745,False
25,76,-0.013333333333333641,-0.1466666666666674,0.10666666666666735,0.25333333333333474,True,0.8075,False
25,77,-0.09333333333333282,-0.35999999999999943,0.1466666666666665,0.5066666666666659,True,0.555,False
25,78,-0.2666666666666675,-0.5066666666666668,-0.05333333333333368,0.45333333333333314,False,0.0455,True
25,79,-0.013333333333332753,-0.1466666666666656,0.1200000000000001,0.2666666666666657,True,0.9935,False
25,80,0.05333333333333368,-0.06666666666666643,0.17333333333333378,0.2400000000000002,True,0.552,False
25,81,-0.1733333333333329,-0.45333333333333314,0.06666666666666643,0.5199999999999996,True,0.252,False
25,82,-0.10666666666666647,-0.3866666666666667,0.13333333333333375,0.5200000000000005,True,0.5265,False
25,83,-0.18666666666666742,-0.4800000000000013,0.11999999999999925,0.6000000000000005,True,0.2975,False
25,84,-0.09333333333333371,-0.3200000000000003,0.09333333333333285,0.4133333333333331,True,0.5165,False
25,85,0.040000000000000036,-0.09333333333333371,0.18666666666666654,0.28000000000000025,True,0.7195,False
25,86,0.10666666666666647,-0.18666666666666654,0.3869999999999991,0.5736666666666657,True,0.532,False
25,87,-0.1466666666666674,-0.2933333333333339,-0.040000000000000036,0.25333333333333385,False,0.021,True
25,88,-0.21333333333333382,-0.4400000000000004,-0.013333333333332753,0.42666666666666764,True,0.088,False
25,89,0.13333333333333286,-0.0800000000000001,0.3866666666666667,0.4666666666666668,True,0.3295,False
25,90,-0.120000000000001,-0.2666666666666666,0.013333333333332753,0.27999999999999936,True,0.12,False
25,91,-0.05333333333333368,-0.22666666666666746,0.10666666666666647,0.3333333333333339,True,0.6105,False
25,92,-0.013333333333333641,-0.17333333333333378,0.12033333333333247,0.29366666666666624,True,0.9385,False
25,93,-0.1466666666666665,-0.3866666666666658,0.05333333333333368,0.4399999999999995,True,0.299,False
25,94,-0.09333333333333371,-0.25333333333333297,0.06666666666666557,0.3199999999999985,True,0.358,False
25,95,-0.20000000000000018,-0.42666666666666675,-0.013333333333333641,0.4133333333333331,True,0.073,False
25,96,-0.22666666666666746,-0.4933333333333332,0.013333333333332753,0.5066666666666659,True,0.1135,False
25,97,-0.06666666666666732,-0.21333333333333382,0.06666666666666643,0.28000000000000025,True,0.445,False
25,98,-0.026666666666666394,-0.22666666666666657,0.1733333333333329,0.39999999999999947,True,0.8125,False
25,99,-0.05333333333333368,-0.3200000000000003,0.2403333333333317,0.560333333333332,True,0.7005,False
25,100,-0.21333333333333293,-0.45333333333333314,0.00033333333333236583,0.4536666666666655,True,0.1315,False
25,101,-0.13333333333333286,-0.3866666666666667,0.07999999999999921,0.4666666666666659,True,0.3665,False
25,102,-0.09333333333333371,-0.21333333333333382,0.013333333333333641,0.22666666666666746,True,0.214,False
25,103,-0.08000000000000007,-0.25366666666666654,0.08000000000000007,0.3336666666666666,True,0.446,False
25,104,0.09333333333333371,-0.08000000000000007,0.3200000000000003,0.40000000000000036,True,0.5955,False
25,105,-0.06666666666666643,-0.3466666666666667,0.1733333333333329,0.5199999999999996,True,0.666,False
25,106,0.09333333333333371,-0.05333333333333368,0.2666666666666675,0.3200000000000012,True,0.2975,False
25,107,0.18666666666666654,0.026666666666666394,0.413333333333334,0.3866666666666676,False,0.0935,False
25,108,0.05333333333333279,-0.1200000000000001,0.22666666666666746,0.34666666666666757,True,0.6485,False
25,109,0.05333333333333368,-0.08000000000000007,0.20000000000000107,0.28000000000000114,True,0.473,False
25,110,-0.13333333333333375,-0.25333333333333385,-0.026666666666667282,0.22666666666666657,True,0.0625,False
25,111,-0.1200000000000001,-0.34666666666666757,0.05333333333333279,0.40000000000000036,True,0.4155,False
25,112,0.013333333333333641,-0.10666666666666647,0.13333333333333375,0.2400000000000002,True,1.0,False
25,113,-0.026666666666667282,-0.22666666666666746,0.18666666666666654,0.413333333333334,True,0.897,False
25,114,-0.09333333333333371,-0.21333333333333382,0.0,0.21333333333333382,True,0.1955,False
25,115,-0.18666666666666742,-0.45333333333333314,0.026666666666666415,0.47999999999999954,True,0.211,False
25,116,-0.040000000000000036,-0.18666666666666565,0.09333333333333371,0.27999999999999936,True,0.731,False
25,117,0.09333333333333371,-0.10666666666666735,0.3333333333333339,0.4400000000000013,True,0.5955,False
25,118,0.013333333333333641,-0.11999999999999922,0.1466666666666674,0.2666666666666666,True,0.9395,False
25,119,0.013333333333332753,-0.16000000000000014,0.20000000000000018,0.3600000000000003,True,0.9105,False
25,120,-0.013333333333333641,-0.1733333333333329,0.1200000000000001,0.293333333333333,True,0.9455,False
25,121,-0.09333333333333371,-0.21333333333333382,0.013333333333333641,0.22666666666666746,True,0.214,False
25,122,-0.05333333333333368,-0.2400000000000011,0.1466666666666674,0.3866666666666685,True,0.622,False
25,123,-0.05333333333333368,-0.1733333333333329,0.040000000000000924,0.21333333333333382,True,0.487,False
25,124,0.06666666666666732,-0.026666666666667282,0.18666666666666742,0.2133333333333347,False,0.3885,False
25,125,0.1200000000000001,-0.08000000000000096,0.3733333333333331,0.45333333333333403,True,0.4475,False
25,126,-0.16000000000000014,-0.4270000000000003,0.09333333333333371,0.520333333333334,True,0.282,False
25,127,0.09333333333333371,-0.09333333333333282,0.3333333333333339,0.42666666666666675,True,0.5835,False
25,128,0.026666666666666394,-0.10666666666666735,0.15999999999999925,0.2666666666666666,True,0.853,False
25,129,-0.10666666666666735,-0.3866666666666667,0.13333333333333375,0.5200000000000005,True,0.512,False
25,130,0.05333333333333368,-0.07999999999999918,0.21333333333333382,0.293333333333333,True,0.49,False
25,131,-0.026666666666667282,-0.20000000000000018,0.2136666666666653,0.4136666666666655,True,0.86,False
25,132,0.09333333333333371,-0.09333333333333371,0.3466666666666667,0.4400000000000004,True,0.493,False
25,133,-0.08000000000000007,-0.3200000000000003,0.10699999999999883,0.4269999999999991,True,0.551,False
25,134,0.13333333333333375,-0.1200000000000001,0.4133333333333331,0.5333333333333332,True,0.351,False
25,135,-0.013333333333332753,-0.16000000000000014,0.16000000000000014,0.3200000000000003,True,0.972,False
25,136,0.026666666666667282,-0.1466666666666665,0.18666666666666742,0.3333333333333339,True,0.8535,False
25,137,-0.05333333333333279,-0.16000000000000014,0.05333333333333279,0.21333333333333293,True,0.4665,False
25,138,8.881784197001252e-16,-0.13333333333333286,0.13333333333333375,0.2666666666666666,True,1.0,False
25,139,0.0,-0.09333333333333371,0.10666666666666647,0.20000000000000018,True,1.0,False
25,140,-0.13333333333333375,-0.4136666666666667,0.18666666666666654,0.6003333333333332,True,0.4225,False
25,141,-0.013333333333333641,-0.13333333333333375,0.10666666666666735,0.2400000000000011,True,0.974,False
25,142,0.040000000000000036,-0.040000000000000036,0.13333333333333375,0.17333333333333378,True,0.545,False
25,143,0.013333333333333641,-0.1733333333333329,0.20000000000000018,0.3733333333333331,True,1.0,False
25,144,-0.1200000000000001,-0.30666666666666664,0.05333333333333279,0.35999999999999943,True,0.1805,False
25,145,-0.16000000000000014,-0.4133333333333331,0.040000000000000036,0.45333333333333314,True,0.19,False
25,146,-0.06666666666666643,-0.22700000000000017,0.07999999999999918,0.3069999999999994,True,0.5375,False
25,147,0.13333333333333375,-0.09333333333333371,0.39999999999999947,0.4933333333333332,True,0.373,False
25,148,-0.040000000000000036,-0.30666666666666664,0.18666666666666654,0.4933333333333332,True,0.8645,False
25,149,-0.08000000000000007,-0.33333333333333304,0.20000000000000018,0.5333333333333332,True,0.632,False
25,150,-0.18666666666666742,-0.3866666666666667,-0.013333333333332753,0.37333333333333396,True,0.0645,False
25,151,-0.026666666666666394,-0.28000000000000114,0.18666666666666565,0.4666666666666668,True,0.8365,False
25,152,-0.20000000000000018,-0.4400000000000004,0.0,0.4400000000000004,True,0.104,False
25,153,0.16000000000000014,-0.040000000000000036,0.40000000000000036,0.4400000000000004,True,0.178,False
25,154,0.013333333333333641,-0.1200000000000001,0.13333333333333375,0.25333333333333385,True,0.968,False
25,155,0.10666666666666647,-0.026666666666666394,0.25333333333333385,0.28000000000000025,False,0.2425,False
25,156,-0.09333333333333371,-0.2400000000000002,0.05333333333333368,0.2933333333333339,True,0.3235,False
25,157,-0.06666666666666643,-0.2933333333333339,0.09333333333333371,0.3866666666666676,True,0.7825,False
25,158,0.040000000000000036,-0.09333333333333282,0.20000000000000018,0.293333333333333,True,0.7525,False
25,159,-0.06666666666666643,-0.2000000000000002,0.08000000000000007,0.28000000000000025,True,0.4465,False
25,160,0.026666666666666394,-0.13333333333333375,0.20000000000000018,0.3333333333333339,True,0.7455,False
25,161,-0.013333333333332753,-0.17333333333333378,0.16000000000000014,0.3333333333333339,True,0.899,False
25,162,0.040000000000000036,-0.09333333333333371,0.20000000000000018,0.2933333333333339,True,0.753,False
25,163,-0.06666666666666643,-0.33333333333333304,0.16000000000000103,0.49333333333333407,True,0.6985,False
25,164,-0.013333333333332753,-0.17333333333333378,0.1466666666666665,0.3200000000000003,True,1.0,False
25,165,-0.026666666666666394,-0.17333333333333378,0.12033333333333247,0.29366666666666624,True,0.839,False
25,166,-0.05333333333333368,-0.2000000000000002,0.09333333333333282,0.293333333333333,True,0.579,False
25,167,0.05333333333333368,-0.10666666666666647,0.2666666666666675,0.37333333333333396,True,0.845,False
25,168,0.1466666666666674,0.026666666666667282,0.28000000000000025,0.25333333333333297,False,0.0405,True
25,169,0.06666666666666643,-0.09333333333333282,0.25333333333333385,0.3466666666666667,True,0.4365,False
25,170,-0.09333333333333371,-0.28000000000000025,0.06666666666666643,0.3466666666666667,True,0.394,False
25,171,0.05333333333333368,-0.1200000000000001,0.293333333333333,0.4133333333333331,True,0.8305,False
25,172,-0.08000000000000007,-0.3200000000000003,0.09333333333333371,0.413333333333334,True,0.623,False
25,173,-0.05333333333333368,-0.28000000000000025,0.1200000000000001,0.40000000000000036,True,0.878,False
25,174,-0.1466666666666665,-0.3866666666666676,0.026666666666667282,0.4133333333333349,True,0.3665,False
25,175,0.08000000000000007,-0.13333333333333286,0.34666666666666757,0.4800000000000004,True,0.609,False
25,176,0.1200000000000001,-0.026666666666667282,0.35999999999999943,0.3866666666666667,False,0.3575,False
25,177,-0.120000000000001,-0.30666666666666753,0.06666666666666643,0.37333333333333396,True,0.198,False
25,178,-0.040000000000000036,-0.20000000000000018,0.13333333333333375,0.3333333333333339,True,0.6635,False
25,179,0.040000000000000036,-0.06666666666666643,0.1466666666666674,0.21333333333333382,True,0.561,False
25,180,0.026666666666667282,-0.08000000000000007,0.17333333333333378,0.25333333333333385,True,0.7495,False
25,181,-0.06666666666666643,-0.3466666666666667,0.2266666666666666,0.5733333333333333,True,0.633,False
25,182,-0.06666666666666643,-0.2400000000000002,0.10666666666666735,0.34666666666666757,True,0.578,False
25,183,-0.05333333333333368,-0.22666666666666746,0.10666666666666647,0.3333333333333339,True,0.549,False
25,184,0.013333333333333641,-0.30666666666666575,0.33333333333333304,0.6399999999999988,True,0.9355,False
25,185,-0.013333333333332753,-0.1200000000000001,0.10666666666666647,0.22666666666666657,True,1.0,False
25,186,-0.10666666666666735,-0.2933333333333339,0.06666666666666643,0.3600000000000003,True,0.336,False
25,187,0.013333333333333641,-0.1066666666666656,0.13333333333333375,0.23999999999999935,True,0.9085,False
25,188,-0.1200000000000001,-0.2400000000000002,0.0,0.2400000000000002,True,0.107,False
25,189,-0.040000000000000036,-0.16000000000000103,0.08000000000000007,0.2400000000000011,True,0.694,False
25,190,0.026666666666666394,-0.16000000000000014,0.20000000000000018,0.3600000000000003,True,0.849,False
25,191,-0.06666666666666643,-0.35999999999999943,0.22699999999999895,0.5869999999999984,True,0.7405,False
25,192,-0.05333333333333368,-0.1466666666666674,0.040000000000000036,0.18666666666666742,True,0.4265,False
25,193,0.11999999999999922,-0.1200000000000001,0.3866666666666667,0.5066666666666668,True,0.418,False
25,194,-0.09333333333333282,-0.21333333333333296,-0.013333333333332753,0.2000000000000002,True,0.1295,False
25,195,-0.1466666666666665,-0.2933333333333339,-0.013000000000001276,0.2803333333333326,True,0.1025,False
25,196,-0.040000000000000036,-0.21333333333333382,0.13333333333333375,0.34666666666666757,True,0.757,False
25,197,0.013333333333333641,-0.18666666666666654,0.21333333333333382,0.40000000000000036,True,0.9095,False
25,198,-0.09333333333333371,-0.28000000000000114,0.09333333333333371,0.37333333333333485,True,0.4315,False
25,199,-0.07999999999999918,-0.33333333333333304,0.120000000000001,0.45333333333333403,True,0.6335,False
25,200,-0.040000000000000924,-0.20000000000000018,0.10666666666666647,0.30666666666666664,True,0.671,False
25,201,0.120000000000001,8.881784197001252e-16,0.2666666666666666,0.2666666666666657,False,0.113,False
25,202,-0.18666666666666654,-0.4400000000000004,0.026666666666666394,0.4666666666666668,True,0.186,False
25,203,-0.05333333333333368,-0.21333333333333382,0.10666666666666647,0.3200000000000003,True,0.7635,False
25,204,-0.20000000000000107,-0.39999999999999947,-0.026666666666666394,0.3733333333333331,True,0.057,False
25,205,-0.013333333333332753,-0.1466666666666665,0.1200000000000001,0.2666666666666666,True,1.0,False
25,206,-0.040000000000000036,-0.2266666666666657,0.13333333333333375,0.35999999999999943,True,0.7725,False
25,207,0.05333333333333368,-0.08000000000000007,0.20000000000000107,0.28000000000000114,True,0.415,False
25,208,-0.013333333333332753,-0.09333333333333371,0.06666666666666643,0.16000000000000014,True,1.0,False
25,209,-0.16000000000000014,-0.37333333333333396,0.013333333333333641,0.3866666666666676,True,0.1805,False
25,210,0.040000000000000036,-0.20000000000000018,0.30666666666666664,0.5066666666666668,True,0.8605,False
25,211,0.040000000000000036,-0.2666666666666675,0.35999999999999943,0.6266666666666669,True,0.859,False
25,212,0.026666666666666394,-0.1470000000000001,0.25333333333333385,0.400333333333334,True,0.943,False
25,213,-0.026666666666666394,-0.30666666666666664,0.2403333333333317,0.5469999999999984,True,0.8855,False
25,214,0.1466666666666674,-0.06666666666666643,0.40000000000000036,0.4666666666666668,True,0.2395,False
25,215,-0.13333333333333375,-0.3866666666666676,0.08000000000000007,0.4666666666666677,True,0.31,False
25,216,0.0,-0.133333333333332,0.13333333333333375,0.2666666666666657,True,1.0,False
25,217,-0.040000000000000036,-0.2933333333333339,0.14699999999999974,0.44033333333333363,True,0.871,False
25,218,0.013333333333332753,-0.17333333333333378,0.2666666666666666,0.4400000000000004,True,1.0,False
25,219,-0.1733333333333329,-0.45333333333333403,0.08000000000000007,0.5333333333333341,True,0.2905,False
25,220,-0.13333333333333375,-0.30666666666666753,0.026666666666666394,0.3333333333333339,True,0.1635,False
25,221,-0.05333333333333368,-0.21333333333333293,0.09333333333333371,0.30666666666666664,True,0.647,False
25,222,-0.040000000000000036,-0.3200000000000003,0.2400000000000002,0.5600000000000005,True,0.76,False
25,223,-0.09333333333333371,-0.3466666666666667,0.1200000000000001,0.4666666666666668,True,0.555,False
25,224,-0.1200000000000001,-0.3199999999999994,0.06666666666666732,0.3866666666666667,True,0.333,False
25,225,-0.040000000000000924,-0.29366666666666663,0.23999999999999932,0.533666666666666,True,0.814,False
25,226,-0.09333333333333282,-0.2666666666666666,0.08033333333333159,0.3469999999999982,True,0.398,False
25,227,0.06666666666666732,-0.17333333333333203,0.3466666666666667,0.5199999999999987,True,0.649,False
25,228,-0.22666666666666746,-0.5333333333333332,0.026666666666666394,0.5599999999999996,True,0.105,False
25,229,-0.2933333333333339,-0.5466666666666669,-0.08000000000000007,0.4666666666666668,False,0.017,True
25,230,-0.026666666666666394,-0.2400000000000011,0.25333333333333385,0.49333333333333496,True,0.903,False
25,231,-0.06666666666666643,-0.22666666666666657,0.10666666666666647,0.33333333333333304,True,0.544,False
25,232,-0.040000000000000036,-0.1466666666666674,0.0533333333333337,0.2000000000000011,True,0.5965,False
25,233,0.06666666666666643,-0.21333333333333293,0.3866666666666667,0.5999999999999996,True,0.63,False
25,234,-0.08000000000000007,-0.2400000000000002,0.06666666666666643,0.30666666666666664,True,0.442,False
25,235,-0.09333333333333371,-0.21333333333333385,0.026666666666666394,0.24000000000000024,True,0.1995,False
25,236,0.026666666666666394,-0.14666666666666653,0.17333333333333378,0.3200000000000003,True,0.83,False
25,237,-0.013333333333332753,-0.28000000000000025,0.22666666666666657,0.5066666666666668,True,0.997,False
25,238,0.026666666666666394,-0.21333333333333382,0.2400000000000002,0.45333333333333403,True,0.8965,False
25,239,0.026666666666667282,-0.16000000000000014,0.21333333333333293,0.3733333333333331,True,0.8295,False
25,240,-0.05333333333333368,-0.20000000000000018,0.09333333333333371,0.2933333333333339,True,0.6295,False
25,241,-0.13333333333333375,-0.3070000000000002,0.026666666666666415,0.3336666666666666,True,0.154,False
25,242,-0.05333333333333279,-0.293333333333333,0.1466666666666674,0.4400000000000004,True,0.7475,False
25,243,-0.040000000000000924,-0.30666666666666753,0.2400000000000011,0.5466666666666686,True,0.8455,False
25,244,-0.1466666666666674,-0.30666666666666753,0.013333333333332753,0.3200000000000003,True,0.1075,False
25,245,-0.026666666666667282,-0.17333333333333378,0.1466666666666665,0.3200000000000003,True,0.7255,False
25,246,-0.10666666666666735,-0.25333333333333385,0.040000000000000036,0.2933333333333339,True,0.247,False
25,247,0.013333333333333641,-0.16000000000000014,0.17333333333333292,0.33333333333333304,True,0.884,False
25,248,-8.881784197001252e-16,-0.2400000000000002,0.25333333333333297,0.4933333333333332,True,0.9825,False
25,249,0.1466666666666674,-0.040000000000000036,0.3866666666666667,0.42666666666666675,True,0.262,False
25,250,-0.013333333333332753,-0.3070000000000002,0.30666666666666664,0.6136666666666668,True,1.0,False
25,251,0.013333333333332753,-0.24000000000000024,0.3200000000000003,0.5600000000000005,True,0.986,False
25,252,0.040000000000000036,-0.06666666666666643,0.1466666666666674,0.21333333333333382,True,0.621,False
25,253,-0.026666666666666394,-0.120000000000001,0.06666666666666643,0.18666666666666742,True,0.8125,False
25,254,-0.20000000000000018,-0.45333333333333314,-0.026666666666665506,0.42666666666666764,True,0.0875,False
25,255,-0.05333333333333279,-0.2400000000000011,0.1466666666666674,0.3866666666666685,True,0.662,False
25,256,0.013333333333333641,-0.20000000000000107,0.2536666666666653,0.4536666666666664,True,1.0,False
25,257,-0.2133333333333347,-0.45333333333333314,-0.026666666666666394,0.42666666666666675,True,0.0295,True
25,258,-8.881784197001252e-16,-0.16000000000000014,0.1466666666666665,0.30666666666666664,True,1.0,False
25,259,0.06666666666666643,-0.09333333333333371,0.2400000000000002,0.3333333333333339,True,0.571,False
25,260,-0.040000000000000036,-0.20033333333333378,0.09333333333333371,0.2936666666666675,True,0.7605,False
25,261,-0.09333333333333282,-0.33333333333333304,0.09333333333333371,0.42666666666666675,True,0.5565,False
25,262,-0.05333333333333368,-0.22666666666666657,0.09333333333333285,0.3199999999999994,True,0.646,False
25,263,0.05333333333333368,-0.2400000000000011,0.37333333333333396,0.6133333333333351,True,0.7675,False
25,264,0.0,-0.30666666666666664,0.33333333333333304,0.6399999999999997,True,0.954,False
25,265,-0.09333333333333371,-0.3736666666666667,0.1333333333333329,0.5069999999999996,True,0.521,False
25,266,-0.17333333333333378,-0.42666666666666586,0.040000000000000036,0.4666666666666659,True,0.2115,False
25,267,0.08000000000000007,-0.05333333333333368,0.22699999999999892,0.2803333333333326,True,0.304,False
25,268,0.026666666666667282,-0.18666666666666654,0.2933333333333339,0.4800000000000004,True,0.825,False
25,269,0.09333333333333371,-0.18666666666666742,0.3600000000000003,0.5466666666666677,True,0.5375,False
25,270,-0.13333333333333375,-0.28000000000000025,-0.026666666666667282,0.25333333333333297,True,0.0595,False
25,271,-0.040000000000000036,-0.30666666666666664,0.17333333333333378,0.4800000000000004,True,0.806,False
25,272,-0.040000000000000924,-0.25333333333333385,0.22666666666666657,0.4800000000000004,True,0.7385,False
25,273,0.013333333333333641,-0.2933333333333339,0.30666666666666753,0.6000000000000014,True,1.0,False
25,274,-0.05333333333333279,-0.21333333333333293,0.08000000000000007,0.293333333333333,True,0.64,False
25,275,-0.13333333333333286,-0.3866666666666667,0.06666666666666732,0.45333333333333403,True,0.3395,False
25,276,-0.10666666666666735,-0.3866666666666658,0.11999999999999922,0.506666666666665,True,0.49,False
25,277,-0.1200000000000001,-0.28000000000000025,0.040000000000000036,0.3200000000000003,True,0.2285,False
25,278,-0.13333333333333375,-0.42666666666666675,0.16000000000000014,0.5866666666666669,True,0.4375,False
25,279,-0.09333333333333282,-0.22666666666666657,0.040000000000000036,0.2666666666666666,True,0.2765,False
25,280,-0.013333333333333641,-0.1466666666666674,0.14699999999999888,0.2936666666666663,True,0.981,False
25,281,0.08000000000000007,-0.1466666666666674,0.34666666666666757,0.49333333333333496,True,0.6475,False
25,282,0.026666666666667282,-0.16000000000000014,0.21333333333333382,0.37333333333333396,True,0.859,False
25,283,-0.18666666666666654,-0.4400000000000004,0.01366666666666514,0.45366666666666555,True,0.1545,False
25,284,0.0,-0.22666666666666657,0.21333333333333382,0.4400000000000004,True,0.8995,False
25,285,-0.013333333333333641,-0.25333333333333297,0.25333333333333385,0.5066666666666668,True,0.9395,False
25,286,0.05333333333333368,-0.13333333333333375,0.25333333333333385,0.3866666666666676,True,0.627,False
25,287,-0.22666666666666657,-0.49333333333333407,0.0,0.49333333333333407,True,0.0895,False
25,288,-0.1200000000000001,-0.3333333333333339,0.013333333333332753,0.3466666666666667,True,0.2505,False
25,289,-0.05333333333333368,-0.17366666666666652,0.06666666666666643,0.24033333333333295,True,0.551,False
25,290,0.0,-0.1200000000000001,0.1200000000000001,0.2400000000000002,True,1.0,False
25,291,-0.09333333333333371,-0.21333333333333296,0.0,0.21333333333333296,True,0.184,False
25,292,-0.21333333333333382,-0.4800000000000004,0.0,0.4800000000000004,True,0.0895,False
25,293,0.013333333333333641,-0.22666666666666746,0.28000000000000025,0.5066666666666677,True,0.9935,False
25,294,-0.05333333333333279,-0.17333333333333292,0.05333333333333368,0.2266666666666666,True,0.4935,False
25,295,0.040000000000000036,-0.16000000000000014,0.28000000000000025,0.4400000000000004,True,0.844,False
25,296,0.026666666666666394,-0.05333333333333368,0.10666666666666647,0.16000000000000014,True,0.7465,False
25,297,0.026666666666667282,-0.17333333333333378,0.28000000000000025,0.45333333333333403,True,0.8535,False
25,298,0.026666666666666394,-0.13333333333333286,0.17333333333333378,0.30666666666666664,True,0.7985,False
25,299,0.1466666666666665,0.013333333333332753,0.28000000000000114,0.2666666666666684,False,0.0795,False
25,300,-0.1200000000000001,-0.4133333333333331,0.15999999999999928,0.5733333333333324,True,0.4415,False
25,301,-0.09333333333333371,-0.33333333333333304,0.08000000000000007,0.4133333333333331,True,0.5075,False
25,302,-0.05333333333333368,-0.22666666666666657,0.10666666666666647,0.33333333333333304,True,0.61,False
25,303,-0.08000000000000007,-0.2666666666666675,0.10666666666666647,0.37333333333333396,True,0.457,False
25,304,0.040000000000000036,-0.09333333333333371,0.20000000000000018,0.2933333333333339,True,0.7525,False
25,305,-0.05333333333333368,-0.21333333333333385,0.09333333333333282,0.30666666666666664,True,0.559,False
25,306,0.0,-0.22666666666666657,0.2666666666666666,0.4933333333333332,True,1.0,False
25,307,-0.06666666666666643,-0.3733333333333331,0.2400000000000002,0.6133333333333333,True,0.756,False
25,308,0.026666666666666394,-0.16000000000000014,0.20000000000000018,0.3600000000000003,True,0.8255,False
25,309,0.040000000000000036,-0.08000000000000007,0.18666666666666654,0.2666666666666666,True,0.704,False
25,310,-0.25333333333333297,-0.49333333333333407,-0.05333333333333368,0.4400000000000004,False,0.0495,True
25,311,0.05333333333333279,-0.1336666666666665,0.30666666666666664,0.44033333333333313,True,0.7695,False
25,312,-0.25333333333333385,-0.40000000000000124,-0.10666666666666735,0.2933333333333339,False,0.002,True
25,313,-0.026666666666666394,-0.22666666666666657,0.17333333333333378,0.40000000000000036,True,0.8845,False
25,314,-0.07999999999999918,-0.22666666666666746,0.05333333333333279,0.28000000000000025,True,0.402,False
25,315,0.05333333333333368,-0.24033333333333295,0.3600000000000003,0.6003333333333333,True,0.743,False
25,316,-0.18666666666666654,-0.3600000000000012,-0.013333333333333641,0.34666666666666757,True,0.063,False
25,317,0.013333333333333641,-0.10666666666666735,0.1466666666666665,0.25333333333333385,True,1.0,False
25,318,-0.08000000000000007,-0.18666666666666742,0.040000000000000036,0.22666666666666746,True,0.299,False
25,319,0.0,-0.1200000000000001,0.10666666666666735,0.22666666666666746,True,1.0,False
25,320,-0.1466666666666665,-0.4133333333333331,0.0669999999999988,0.4803333333333319,True,0.2635,False
25,321,-0.18666666666666654,-0.4400000000000004,0.013333333333332753,0.45333333333333314,True,0.1355,False
25,322,-0.026666666666667282,-0.17333333333333378,0.10666666666666647,0.28000000000000025,True,0.753,False
25,323,0.13333333333333375,-0.06666666666666646,0.38699999999999907,0.45366666666666555,True,0.364,False
25,324,0.120000000000001,-0.06666666666666732,0.37333333333333396,0.4400000000000013,True,0.385,False
25,325,0.0,-0.22666666666666657,0.2666666666666666,0.4933333333333332,True,1.0,False
25,326,-0.040000000000000036,-0.20000000000000018,0.09366666666666519,0.29366666666666535,True,0.686,False
25,327,-0.026666666666666394,-0.2666666666666675,0.2400000000000002,0.5066666666666677,True,0.882,False
25,328,-0.1200000000000001,-0.2933333333333339,0.040000000000000036,0.3333333333333339,True,0.246,False
25,329,0.05333333333333368,-0.040000000000000036,0.16000000000000014,0.20000000000000018,True,0.48,False
25,330,-0.026666666666666394,-0.20000000000000018,0.13333333333333375,0.3333333333333339,True,0.878,False
25,331,0.10666666666666647,-0.13333333333333375,0.3603333333333327,0.4936666666666664,True,0.437,False
25,332,-0.1466666666666665,-0.40000000000000036,0.06666666666666643,0.4666666666666668,True,0.269,False
25,333,-0.040000000000000036,-0.22666666666666657,0.2000000000000002,0.42666666666666675,True,0.754,False
25,334,-0.08000000000000007,-0.4133333333333331,0.22666666666666746,0.6400000000000006,True,0.6785,False
25,335,-0.16000000000000014,-0.39999999999999947,8.881784197001252e-16,0.40000000000000036,True,0.1115,False
25,336,-0.040000000000000036,-0.17333333333333378,0.06699999999999794,0.24033333333333173,True,0.757,False
25,337,-0.05333333333333368,-0.3600000000000003,0.24033333333333257,0.6003333333333329,True,0.7905,False
25,338,-0.026666666666667282,-0.13333333333333375,0.08066666666666396,0.2139999999999977,True,1.0,False
25,339,-0.013333333333333641,-0.19999999999999932,0.1466666666666665,0.3466666666666658,True,0.9425,False
25,340,0.1466666666666674,-0.026666666666666394,0.3866666666666667,0.4133333333333331,False,0.2595,False
25,341,-0.1466666666666665,-0.42666666666666675,0.1066666666666665,0.5333333333333332,True,0.382,False
25,342,-0.10666666666666735,-0.2666666666666675,0.026666666666666394,0.2933333333333339,True,0.245,False
25,343,-0.16000000000000014,-0.3200000000000003,-0.026666666666666394,0.2933333333333339,True,0.081,False
25,344,0.11999999999999922,-0.10700000000000008,0.40000000000000036,0.5070000000000005,True,0.449,False
25,345,-0.026666666666666394,-0.13333333333333375,0.08000000000000007,0.21333333333333382,True,0.7915,False
25,346,-0.1466666666666665,-0.40000000000000036,0.026666666666667282,0.42666666666666764,True,0.281,False
25,347,-0.09333333333333282,-0.28000000000000025,0.06666666666666643,0.3466666666666667,True,0.302,False
25,348,0.03999999999999915,-0.18666666666666742,0.30666666666666575,0.4933333333333332,True,0.8505,False
25,349,0.040000000000000036,-0.1066666666666665,0.17333333333333378,0.28000000000000025,True,0.699,False
25,350,-0.05333333333333368,-0.17333333333333292,0.05333333333333281,0.22666666666666574,True,0.491,False
25,351,-0.040000000000000924,-0.2933333333333339,0.25333333333333297,0.5466666666666669,True,0.7815,False
25,352,-0.20000000000000018,-0.413333333333334,-0.040000000000000036,0.37333333333333396,False,0.0645,False
25,353,0.06666666666666732,-0.1200000000000001,0.30666666666666753,0.42666666666666764,True,0.6925,False
25,354,0.026666666666666394,-0.18666666666666654,0.2933333333333339,0.4800000000000004,True,0.9255,False
25,355,0.013333333333333641,-0.1466666666666674,0.17333333333333467,0.32000000000000206,True,0.822,False
25,356,0.026666666666666394,-0.09333333333333371,0.1466666666666665,0.2400000000000002,True,0.8005,False
25,357,-0.18666666666666654,-0.4270000000000003,0.05333333333333368,0.480333333333334,True,0.183,False
25,358,0.0,-0.16000000000000014,0.13333333333333375,0.2933333333333339,True,1.0,False
25,359,-0.026666666666666394,-0.18666666666666742,0.15999999999999925,0.3466666666666667,True,0.765,False
25,360,0.026666666666667282,-0.13333333333333375,0.18666666666666742,0.3200000000000012,True,0.707,False
25,361,0.08000000000000007,-0.13333333333333286,0.3466666666666658,0.47999999999999865,True,0.565,False
25,362,0.1466666666666665,-0.05333333333333279,0.40000000000000036,0.45333333333333314,True,0.251,False
25,363,0.05333333333333368,-0.11999999999999922,0.2136666666666653,0.33366666666666456,True,0.5875,False
25,364,-0.1200000000000001,-0.3600000000000003,0.08033333333333244,0.44033333333333274,True,0.4145,False
25,365,0.08000000000000007,-0.13333333333333375,0.3333333333333339,0.4666666666666677,True,0.6395,False
25,366,0.07999999999999918,-0.1466666666666674,0.3466666666666667,0.49333333333333407,True,0.639,False
25,367,-0.026666666666666394,-0.16000000000000014,0.1200000000000001,0.28000000000000025,True,0.8365,False
25,368,-0.09333333333333371,-0.2400000000000002,0.040000000000000036,0.28000000000000025,True,0.313,False
25,369,0.013333333333333641,-0.10666666666666735,0.1466666666666674,0.25333333333333474,True,0.886,False
25,370,-0.040000000000000036,-0.18666666666666742,0.10666666666666647,0.2933333333333339,True,0.7305,False
25,371,0.2400000000000002,0.013333333333333641,0.5066666666666668,0.4933333333333332,False,0.078,False
25,372,-0.026666666666667282,-0.11999999999999925,0.06666666666666643,0.18666666666666568,True,0.719,False
25,373,-0.05333333333333368,-0.2933333333333339,0.10666666666666647,0.40000000000000036,True,0.8645,False
25,374,-0.13333333333333375,-0.3466666666666667,0.05333333333333368,0.40000000000000036,True,0.259,False
25,375,0.040000000000000036,-0.06666666666666732,0.16000000000000014,0.22666666666666746,True,0.566,False
25,376,-0.1200000000000001,-0.2666666666666666,0.026666666666666394,0.293333333333333,True,0.158,False
25,377,0.026666666666667282,-0.18666666666666654,0.293333333333333,0.47999999999999954,True,0.8285,False
25,378,-0.06666666666666732,-0.28000000000000025,0.08000000000000007,0.3600000000000003,True,0.8765,False
25,379,-0.013333333333333641,-0.20000000000000018,0.23999999999999932,0.4399999999999995,True,0.9185,False
25,380,-0.18666666666666654,-0.41366666666666674,8.881784197001252e-16,0.4136666666666676,True,0.1405,False
25,381,0.06666666666666643,-0.08000000000000007,0.23999999999999932,0.3199999999999994,True,0.5645,False
25,382,-0.040000000000000036,-0.3466666666666667,0.25333333333333297,0.5999999999999996,True,0.8415,False
25,383,0.026666666666666394,-0.040000000000000036,0.10666666666666647,0.1466666666666665,True,0.75,False
25,384,0.026666666666666394,-0.25333333333333297,0.3200000000000003,0.5733333333333333,True,0.8305,False
25,385,0.013333333333332753,-0.120000000000001,0.16000000000000014,0.28000000000000114,True,1.0,False
25,386,-0.09333333333333282,-0.22666666666666657,0.026666666666666394,0.25333333333333297,True,0.204,False
25,387,-0.16000000000000014,-0.413333333333334,0.040000000000000036,0.45333333333333403,True,0.2695,False
25,388,0.040000000000000036,-0.10666666666666647,0.18666666666666742,0.2933333333333339,True,0.6465,False
25,389,-0.16000000000000014,-0.3600000000000003,0.05333333333333368,0.413333333333334,True,0.145,False
25,390,-0.06666666666666643,-0.2933333333333339,0.09333333333333371,0.3866666666666676,True,0.811,False
25,391,0.1466666666666674,0.0,0.37333333333333396,0.37333333333333396,False,0.187,False
25,392,-0.06666666666666732,-0.30666666666666664,0.1333333333333329,0.4399999999999995,True,0.7115,False
25,393,-0.16000000000000014,-0.3333333333333339,-0.013333333333333641,0.3200000000000003,True,0.0515,False
25,394,0.05333333333333279,-0.1200000000000001,0.22666666666666657,0.3466666666666667,True,0.59,False
25,395,0.05333333333333279,-0.040000000000000036,0.16000000000000014,0.20000000000000018,True,0.409,False
25,396,0.026666666666667282,-0.10666666666666647,0.17333333333333378,0.28000000000000025,True,0.666,False
25,397,0.05333333333333368,-0.13333333333333286,0.2400000000000002,0.3733333333333331,True,0.6685,False
25,398,-0.013333333333333641,-0.3199999999999994,0.2933333333333339,0.6133333333333333,True,0.957,False
25,399,0.10666666666666647,-0.05333333333333368,0.35999999999999943,0.4133333333333331,True,0.4985,False
25,400,0.1200000000000001,-0.10666666666666647,0.3733333333333331,0.47999999999999954,True,0.4205,False
25,401,0.040000000000000036,-0.040000000000000036,0.13333333333333375,0.17333333333333378,True,0.435,False
25,402,0.1200000000000001,-0.06666666666666732,0.3600000000000003,0.42666666666666764,True,0.378,False
25,403,-0.06666666666666643,-0.22666666666666657,0.09333333333333371,0.3200000000000003,True,0.5125,False
25,404,-0.013333333333333641,-0.2666666666666657,0.18666666666666654,0.45333333333333226,True,0.958,False
25,405,-0.013333333333332753,-0.2666666666666666,0.28000000000000025,0.5466666666666669,True,0.9025,False
25,406,0.08000000000000007,-0.13333333333333286,0.3466666666666667,0.47999999999999954,True,0.6435,False
25,407,0.08000000000000007,-0.08000000000000007,0.2403333333333317,0.3203333333333318,True,0.4695,False
25,408,0.026666666666666394,-0.10666666666666647,0.16000000000000014,0.2666666666666666,True,0.79,False
25,409,-0.1466666666666665,-0.2933333333333339,-0.026666666666667282,0.2666666666666666,True,0.059,False
25,410,-0.06666666666666643,-0.22666666666666746,0.09333333333333371,0.3200000000000012,True,0.562,False
25,411,0.040000000000000036,-0.08000000000000007,0.16000000000000014,0.2400000000000002,True,0.6855,False
25,412,-0.06666666666666732,-0.22666666666666657,0.08000000000000007,0.30666666666666664,True,0.467,False
25,413,-0.05333333333333368,-0.18666666666666654,0.07999999999999918,0.2666666666666657,True,0.55,False
25,414,0.05333333333333368,-0.18666666666666654,0.3466666666666667,0.5333333333333332,True,0.813,False
25,415,-0.09333333333333282,-0.33333333333333304,0.08000000000000096,0.413333333333334,True,0.5905,False
25,416,-0.09333333333333371,-0.2666666666666666,0.05333333333333279,0.3199999999999994,True,0.308,False
25,417,0.09333333333333371,-0.07999999999999921,0.25333333333333297,0.33333333333333215,True,0.324,False
25,418,0.0,-0.20000000000000018,0.18666666666666654,0.3866666666666667,True,1.0,False
25,419,-0.05333333333333368,-0.20000000000000018,0.08000000000000007,0.28000000000000025,True,0.5085,False
25,420,-0.05333333333333279,-0.17333333333333378,0.06666666666666643,0.2400000000000002,True,0.482,False
25,421,0.06666666666666643,-0.10666666666666647,0.2400000000000002,0.3466666666666667,True,0.5205,False
25,422,0.13333333333333375,-0.026999999999999993,0.3600000000000003,0.3870000000000003,False,0.35,False
25,423,0.09333333333333282,-0.0800000000000001,0.28000000000000025,0.3600000000000003,True,0.386,False
25,424,0.0,-0.2400000000000002,0.2666666666666666,0.5066666666666668,True,1.0,False
25,425,-0.10666666666666647,-0.22666666666666657,-0.013333333333333641,0.21333333333333293,True,0.0945,False
25,426,-0.040000000000000036,-0.21333333333333382,0.11999999999999922,0.33333333333333304,True,0.772,False
25,427,-0.013333333333333641,-0.20000000000000018,0.18666666666666654,0.3866666666666667,True,0.9915,False
25,428,0.13333333333333375,-0.08000000000000007,0.3866666666666676,0.4666666666666677,True,0.2775,False
25,429,-0.10666666666666735,-0.3600000000000003,0.09333333333333371,0.45333333333333403,True,0.405,False
25,430,-0.2666666666666675,-0.5333333333333341,-0.040000000000000036,0.49333333333333407,False,0.058,False
25,431,-0.09333333333333371,-0.3333333333333339,0.08000000000000007,0.413333333333334,True,0.593,False
25,432,0.20000000000000018,0.026666666666666394,0.42666666666666675,0.40000000000000036,False,0.0835,False
25,433,0.06666666666666643,-0.08000000000000096,0.23999999999999932,0.3200000000000003,True,0.5395,False
25,434,-0.040000000000000036,-0.30666666666666664,0.2400000000000011,0.5466666666666677,True,0.8125,False
25,435,-0.013333333333333641,-0.3200000000000003,0.293333333333333,0.6133333333333333,True,0.9155,False
25,436,-0.20000000000000018,-0.4399999999999995,-0.013333333333334507,0.426666666666665,True,0.0415,True
25,437,0.08000000000000007,-0.06666666666666643,0.30666666666666575,0.3733333333333322,True,0.7375,False
25,438,-0.1466666666666665,-0.4400000000000004,0.16000000000000014,0.6000000000000005,True,0.3735,False
25,439,0.06666666666666643,-0.05333333333333279,0.21333333333333293,0.2666666666666657,True,0.5065,False
25,440,8.881784197001252e-16,-0.09333333333333282,0.1066666666666665,0.19999999999999932,True,1.0,False
25,441,-0.21333333333333382,-0.5066666666666668,0.00033333333333236583,0.5069999999999992,True,0.1265,False
25,442,-0.08000000000000007,-0.24000000000000024,0.09333333333333282,0.33333333333333304,True,0.4435,False
25,443,0.05333333333333368,-0.08000000000000007,0.18666666666666656,0.2666666666666666,True,0.573,False
25,444,-0.22666666666666746,-0.4800000000000004,-0.013333333333332753,0.4666666666666677,True,0.098,False
25,445,-0.040000000000000924,-0.23999999999999932,0.15999999999999925,0.3999999999999986,True,0.7545,False
25,446,-0.013333333333333641,-0.14666666666666653,0.120000000000001,0.2666666666666675,True,0.9805,False
25,447,0.0,-0.18666666666666656,0.18666666666666742,0.37333333333333396,True,0.989,False
25,448,-0.026666666666666394,-0.18666666666666654,0.120000000000001,0.30666666666666753,True,0.8535,False
25,449,-0.013333333333333641,-0.120000000000001,0.13333333333333375,0.25333333333333474,True,0.884,False
25,450,-0.03999999999999915,-0.21333333333333382,0.13333333333333375,0.34666666666666757,True,0.6825,False
25,451,0.013333333333333641,-0.28000000000000025,0.3200000000000003,0.6000000000000005,True,0.907,False
25,452,0.026666666666666394,-0.20000000000000107,0.28000000000000025,0.4800000000000013,True,0.8835,False
25,453,-0.040000000000000036,-0.1466666666666665,0.05333333333333279,0.1999999999999993,True,0.6095,False
25,454,-0.20000000000000018,-0.44033333333333396,0.0,0.44033333333333396,True,0.138,False
25,455,-0.1466666666666665,-0.3333333333333339,8.881784197001252e-16,0.3333333333333348,True,0.14,False
25,456,0.026666666666666394,-0.25333333333333297,0.30666666666666664,0.5599999999999996,True,0.89,False
25,457,-0.13333333333333375,-0.40000000000000124,0.0669999999999988,0.467,True,0.35,False
25,458,-0.05333333333333279,-0.21333333333333382,0.10666666666666735,0.3200000000000012,True,0.6445,False
25,459,0.05333333333333368,-0.18666666666666742,0.30666666666666664,0.49333333333333407,True,0.75,False
25,460,-0.13333333333333375,-0.3200000000000003,0.040000000000000036,0.3600000000000003,True,0.2065,False
25,461,0.013333333333332753,-0.17333333333333378,0.21333333333333382,0.3866666666666676,True,0.964,False
25,462,-0.013333333333333641,-0.13333333333333378,0.10666666666666647,0.24000000000000024,True,0.8895,False
25,463,0.040000000000000036,-0.20000000000000018,0.2933333333333339,0.49333333333333407,True,0.8615,False
25,464,-0.16000000000000014,-0.42666666666666586,0.040000000000000036,0.4666666666666659,True,0.2215,False
25,465,0.026666666666666394,-0.13333333333333375,0.17333333333333378,0.30666666666666753,True,0.692,False
25,466,0.013333333333332753,-0.10666666666666647,0.13333333333333375,0.2400000000000002,True,1.0,False
25,467,-0.10666666666666735,-0.2400000000000002,0.013333333333333641,0.25333333333333385,True,0.1525,False
25,468,0.08000000000000007,-0.17333333333333378,0.37333333333333396,0.5466666666666677,True,0.645,False
25,469,0.026666666666666394,-0.1733333333333329,0.28000000000000025,0.45333333333333314,True,0.934,False
25,470,0.0,-0.2670000000000002,0.2666666666666666,0.5336666666666667,True,1.0,False
25,471,-0.1466666666666665,-0.40000000000000036,0.06666666666666732,0.4666666666666677,True,0.3305,False
25,472,-0.06666666666666732,-0.20000000000000107,0.05333333333333368,0.25333333333333474,True,0.52,False
25,473,-0.16000000000000014,-0.3200000000000003,-0.026666666666667282,0.293333333333333,True,0.0975,False
25,474,-0.040000000000000036,-0.2270000000000002,0.13333333333333375,0.36033333333333395,True,0.7185,False
25,475,-0.16000000000000103,-0.3866666666666676,0.013333333333333641,0.40000000000000124,True,0.2335,False
25,476,0.026666666666665506,-0.2400000000000002,0.30666666666666664,0.5466666666666669,True,0.909,False
25,477,0.040000000000000036,-0.25333333333333385,0.33333333333333304,0.5866666666666669,True,0.771,False
25,478,0.06666666666666643,-0.09366666666666644,0.2400000000000002,0.33366666666666667,True,0.5705,False
25,479,-0.17333333333333378,-0.4270000000000003,0.05333333333333368,0.480333333333334,True,0.223,False
25,480,-0.2400000000000011,-0.49333333333333407,-0.026666666666666394,0.4666666666666677,True,0.0885,False
25,481,0.013333333333333641,-0.25333333333333297,0.22666666666666657,0.47999999999999954,True,0.9045,False
25,482,-0.11999999999999922,-0.2666666666666666,8.881784197001252e-16,0.2666666666666675,True,0.182,False
25,483,-0.10666666666666647,-0.3333333333333339,0.040000000000000036,0.37333333333333396,True,0.475,False
25,484,-0.05333333333333368,-0.25333333333333385,0.1466666666666665,0.40000000000000036,True,0.673,False
25,485,0.03999999999999915,-0.17333333333333378,0.2933333333333321,0.4666666666666659,True,0.8565,False
25,486,0.08000000000000007,-0.10666666666666647,0.3200000000000003,0.42666666666666675,True,0.6535,False
25,487,0.06666666666666643,-0.1200000000000001,0.24033333333333257,0.3603333333333327,True,0.5465,False
25,488,-0.013333333333333641,-0.20000000000000018,0.1733333333333329,0.3733333333333331,True,0.991,False
25,489,0.040000000000000036,-0.0800000000000001,0.2000000000000002,0.2800000000000003,True,0.7015,False
25,490,-0.09333333333333282,-0.2270000000000002,0.026666666666666394,0.2536666666666666,True,0.3,False
25,491,-0.20000000000000018,-0.40000000000000036,-0.013333333333332753,0.3866666666666676,True,0.081,False
25,492,-0.013333333333332753,-0.30666666666666753,0.30666666666666753,0.6133333333333351,True,0.9105,False
25,493,0.040000000000000036,-0.08000000000000007,0.14699999999999885,0.22699999999999892,True,0.667,False
25,494,-0.13333333333333286,-0.40033333333333393,0.10666666666666647,0.5070000000000003,True,0.397,False
25,495,0.026666666666666394,-0.120000000000001,0.1733333333333329,0.2933333333333339,True,0.881,False
25,496,0.05333333333333279,-0.07999999999999918,0.18666666666666654,0.2666666666666657,True,0.691,False
25,497,-0.026666666666666394,-0.30666666666666664,0.21333333333333382,0.5200000000000005,True,0.9035,False
25,498,-0.03999999999999915,-0.1999999999999993,0.10666666666666647,0.30666666666666575,True,0.6595,False
25,499,0.18666666666666742,0.013333333333333641,0.42666666666666675,0.4133333333333331,False,0.0855,False
50,0,-0.026666666666667282,-0.15333333333333332,0.11333333333333329,0.2666666666666666,True,0.7525,False
50,1,0.006666666666667709,-0.19333333333333425,0.2001666666666659,0.3935000000000002,True,0.9705,False
50,2,-0.033333333333333215,-0.206666666666667,0.13333333333333375,0.34000000000000075,True,0.7345,False
50,3,0.08000000000000007,-0.03999999999999915,0.22000000000000064,0.2599999999999998,True,0.2485,False
50,4,-0.09333333333333371,-0.25333333333333385,0.05333333333333368,0.30666666666666753,True,0.285,False
50,5,-0.019999999999999574,-0.1466666666666665,0.10000000000000053,0.24666666666666703,True,0.819,False
50,6,0.040000000000000924,-0.13333333333333375,0.206666666666667,0.34000000000000075,True,0.636,False
50,7,-0.0066666666666659324,-0.17999999999999972,0.15999999999999928,0.33999999999999897,True,0.9345,False
50,8,-0.033333333333333215,-0.13333333333333286,0.0600000000000005,0.19333333333333336,True,0.543,False
50,9,0.006666666666666821,-0.1200000000000001,0.1533333333333342,0.2733333333333343,True,0.9465,False
50,10,-0.08666666666666689,-0.23999999999999935,0.05333333333333281,0.29333333333333217,True,0.2555,False
50,11,-0.019999999999999574,-0.15999999999999925,0.13333333333333286,0.2933333333333321,True,0.853,False
50,12,0.046666666666666856,-0.08000000000000007,0.18666666666666654,0.2666666666666666,True,0.5605,False
50,13,-0.06666666666666643,-0.17999999999999974,0.040000000000000036,0.21999999999999978,True,0.2925,False
50,14,-0.033333333333333215,-0.18666666666666654,0.1200000000000001,0.30666666666666664,True,0.7,False
50,15,0.040000000000000036,-0.10683333333333371,0.20000000000000107,0.3068333333333348,True,0.6445,False
50,16,0.03333333333333233,-0.1200000000000001,0.20000000000000018,0.3200000000000003,True,0.666,False
50,17,0.033333333333333215,-0.08000000000000096,0.17333333333333378,0.25333333333333474,True,0.64,False
50,18,-0.13333333333333375,-0.293333333333333,0.019999999999999574,0.3133333333333326,True,0.093,False
50,19,-0.040000000000000036,-0.17999999999999972,0.08666666666666689,0.2666666666666666,True,0.6595,False
50,20,-0.05333333333333368,-0.18016666666666695,0.09349999999999944,0.2736666666666664,True,0.4485,False
50,21,-0.08000000000000007,-0.2266666666666666,0.05333333333333279,0.27999999999999936,True,0.29,False
50,22,0.05333333333333368,-0.086666666666666,0.20000000000000018,0.2866666666666662,True,0.471,False
50,23,0.033333333333333215,-0.10666666666666647,0.18666666666666654,0.293333333333333,True,0.692,False
50,24,0.033333333333333215,-0.13333333333333286,0.19333333333333336,0.3266666666666662,True,0.714,False
50,25,-0.006666666666666821,-0.17999999999999972,0.1733333333333329,0.3533333333333326,True,0.9725,False
50,26,-0.11333333333333417,-0.2666666666666675,0.026666666666666394,0.2933333333333339,True,0.148,False
50,27,0.0066666666666659324,-0.11333333333333329,0.1466666666666665,0.2599999999999998,True,0.947,False
50,28,0.019999999999999574,-0.08666666666666689,0.1200000000000001,0.206666666666667,True,0.7665,False
50,29,-0.06666666666666732,-0.2400000000000002,0.11349999999999989,0.3535000000000001,True,0.485,False
50,30,0.0066666666666659324,-0.16666666666666696,0.17333333333333378,0.34000000000000075,True,0.896,False
50,31,0.06666666666666643,-0.05333333333333281,0.21333333333333382,0.2666666666666666,True,0.362,False
50,32,0.05999999999999961,-0.033333333333333215,0.15333333333333246,0.18666666666666568,True,0.2745,False
50,33,-0.08666666666666689,-0.19333333333333336,0.006666666666666821,0.20000000000000018,True,0.133,False
50,34,-0.06666666666666732,-0.2333333333333334,0.1066666666666665,0.33999999999999986,True,0.4595,False
50,35,0.086666666666666,-0.026666666666667282,0.21999999999999975,0.24666666666666703,False,0.2625,False
50,36,-0.006666666666666821,-0.15333333333333332,0.13333333333333286,0.2866666666666662,True,0.959,False
50,37,-0.026666666666667282,-0.12666666666666693,0.06666666666666643,0.19333333333333336,True,0.617,False
50,38,-0.0600000000000005,-0.18666666666666656,0.07333333333333414,0.2600000000000007,True,0.3805,False
50,39,0.006666666666666821,-0.10000000000000053,0.1200000000000001,0.22000000000000064,True,0.9455,False
50,40,0.04666666666666597,-0.09999999999999964,0.20000000000000107,0.3000000000000007,True,0.606,False
50,41,0.046666666666666856,-0.07350000000000047,0.18666666666666656,0.26016666666666705,True,0.5825,False
50,42,-0.020000000000000462,-0.17350000000000101,0.14000000000000057,0.31350000000000156,True,0.8265,False
50,43,-0.07333333333333325,-0.22666666666666746,0.07333333333333325,0.3000000000000007,True,0.3705,False
50,44,-0.040000000000000036,-0.1466666666666665,0.05999999999999963,0.20666666666666614,True,0.4965,False
50,45,-0.1533333333333342,-0.30666666666666753,-0.013333333333332753,0.2933333333333348,True,0.0545,False
50,46,-0.046666666666666856,-0.206666666666667,0.12666666666666693,0.3333333333333339,True,0.644,False
50,47,-0.06666666666666554,-0.16000000000000014,0.033333333333333215,0.19333333333333336,True,0.184,False
50,48,0.03333333333333233,-0.13999999999999968,0.206666666666667,0.3466666666666667,True,0.695,False
50,49,0.0066666666666659324,-0.1333333333333329,0.15999999999999928,0.29333333333333217,True,0.973,False
50,50,0.019999999999999574,-0.13333333333333286,0.17333333333333378,0.30666666666666664,True,0.839,False
50,51,-0.09333333333333371,-0.2266666666666657,0.013333333333333641,0.23999999999999935,True,0.171,False
50,52,-0.033333333333333215,-0.133333333333332,0.05999999999999874,0.19333333333333075,True,0.56,False
50,53,0.026666666666666394,-0.11333333333333329,0.18666666666666654,0.2999999999999998,True,0.741,False
50,54,0.013333333333333641,-0.11333333333333329,0.15349999999999994,0.26683333333333326,True,0.857,False
50,55,-0.12666666666666604,-0.28000000000000025,0.006666666666666821,0.28666666666666707,True,0.109,False
50,56,-0.0333333333333341,-0.20000000000000018,0.13999999999999968,0.33999999999999986,True,0.7245,False
50,57,0.026666666666666394,-0.09999999999999967,0.17999999999999972,0.27999999999999936,True,0.753,False
50,58,-0.05999999999999961,-0.206666666666667,0.06666666666666643,0.27333333333333343,True,0.425,False
50,59,0.07333333333333236,-0.07333333333333325,0.2266666666666657,0.29999999999999893,True,0.387,False
50,60,-0.046666666666666856,-0.18666666666666742,0.09333333333333371,0.28000000000000114,True,0.5205,False
50,61,0.0,-0.17999999999999974,0.17333333333333378,0.3533333333333335,True,0.967,False
50,62,-0.11333333333333329,-0.22000000000000064,-0.013333333333332753,0.2066666666666679,True,0.051,False
50,63,0.040000000000000036,-0.10666666666666735,0.19333333333333336,0.3000000000000007,True,0.688,False
50,64,-0.07333333333333236,-0.21999999999999975,0.046666666666666856,0.2666666666666666,True,0.3355,False
50,65,-0.05999999999999961,-0.2400000000000011,0.11333333333333329,0.3533333333333344,True,0.5115,False
50,66,0.033333333333333215,-0.09333333333333285,0.1800000000000006,0.27333333333333343,True,0.704,False
50,67,-0.046666666666666856,-0.18666666666666654,0.08000000000000007,0.2666666666666666,True,0.582,False
50,68,0.03999999999999915,-0.07333333333333236,0.1466666666666674,0.21999999999999975,True,0.502,False
50,69,-0.026666666666665506,-0.1466666666666665,0.09333333333333371,0.2400000000000002,True,0.7375,False
50,70,-0.046666666666666856,-0.18666666666666656,0.08666666666666603,0.2733333333333326,True,0.556,False
50,71,-0.05333333333333368,-0.20000000000000018,0.08666666666666692,0.28666666666666707,True,0.478,False
50,72,-0.08000000000000007,-0.22000000000000064,0.06666666666666732,0.28666666666666796,True,0.3065,False
50,73,-0.10666666666666647,-0.2600000000000007,0.05999999999999961,0.3200000000000003,True,0.236,False
50,74,-0.040000000000000036,-0.206666666666667,0.13333333333333375,0.34000000000000075,True,0.7275,False
50,75,0.0,-0.1666666666666661,0.1733333333333329,0.33999999999999897,True,1.0,False
50,76,-0.10666666666666647,-0.2599999999999998,0.026666666666666394,0.2866666666666662,True,0.193,False
50,77,-0.046666666666666856,-0.20000000000000018,0.08666666666666603,0.2866666666666662,True,0.5855,False
50,78,-0.05333333333333279,-0.22000000000000064,0.11333333333333329,0.3333333333333339,True,0.525,False
50,79,-0.006666666666666821,-0.14683333333333373,0.15333333333333246,0.3001666666666662,True,0.9865,False
50,80,-0.019999999999999574,-0.16666666666666696,0.10666666666666735,0.2733333333333343,True,0.8495,False
50,81,-0.026666666666666394,-0.12666666666666782,0.10666666666666647,0.23333333333333428,True,0.7175,False
50,82,-0.08666666666666689,-0.25333333333333385,0.08000000000000007,0.3333333333333339,True,0.3215,False
50,83,-0.006666666666667709,-0.1333333333333329,0.13333333333333375,0.2666666666666666,True,0.9355,False
50,84,-0.020000000000000462,-0.18683333333333377,0.1466666666666665,0.33350000000000024,True,0.782,False
50,85,-0.10666666666666647,-0.28000000000000025,0.040000000000000036,0.3200000000000003,True,0.2235,False
50,86,-0.13333333333333286,-0.2866666666666662,-0.013333333333333641,0.27333333333333254,True,0.078,False
50,87,0.026666666666667282,-0.12666666666666693,0.18683333333333313,0.31350000000000006,True,0.803,False
50,88,-0.026666666666666394,-0.18666666666666742,0.1399999999999997,0.3266666666666671,True,0.8005,False
50,89,-0.07333333333333236,-0.22000000000000064,0.05333333333333279,0.27333333333333343,True,0.3445,False
50,90,-0.07333333333333325,-0.19333333333333336,0.040000000000000036,0.2333333333333334,True,0.294,False
50,91,-0.09999999999999964,-0.24683333333333426,0.033333333333333215,0.28016666666666745,True,0.228,False
50,92,-0.086666666666666,-0.22666666666666657,0.033333333333333215,0.2599999999999998,True,0.2205,False
50,93,-0.013333333333332753,-0.15333333333333246,0.13999999999999968,0.2933333333333321,True,0.8665,False
50,94,0.033333333333333215,-0.10000000000000053,0.19333333333333336,0.2933333333333339,True,0.7395,False
50,95,0.040000000000000036,-0.08666666666666689,0.18016666666666634,0.26683333333333326,True,0.5955,False
50,96,-0.06666666666666643,-0.15333333333333335,0.013333333333333664,0.16666666666666702,True,0.1605,False
50,97,-0.09333333333333371,-0.24666666666666703,0.046666666666666856,0.2933333333333339,True,0.292,False
50,98,-0.07333333333333325,-0.22000000000000064,0.05999999999999963,0.28000000000000025,True,0.329,False
50,99,-0.0600000000000005,-0.20000000000000018,0.06666666666666643,0.2666666666666666,True,0.442,False
50,100,-0.05333333333333368,-0.20000000000000018,0.08000000000000007,0.28000000000000025,True,0.543,False
50,101,-0.08666666666666689,-0.20683333333333423,0.033333333333333215,0.24016666666666744,True,0.1655,False
50,102,-0.019999999999999574,-0.12666666666666693,0.08666666666666689,0.21333333333333382,True,0.695,False
50,103,0.0,-0.10666666666666647,0.11333333333333331,0.21999999999999978,True,1.0,False
50,104,-0.013333333333332753,-0.15350000000000055,0.11333333333333331,0.26683333333333387,True,0.9175,False
50,105,-0.046666666666666856,-0.19333333333333425,0.08666666666666689,0.28000000000000114,True,0.5235,False
50,106,0.05999999999999872,-0.05333333333333279,0.2066666666666661,0.2599999999999989,True,0.4665,False
50,107,0.046666666666666856,-0.10000000000000053,0.206666666666667,0.30666666666666753,True,0.5845,False
50,108,-0.06666666666666643,-0.2333333333333334,0.08000000000000007,0.31333333333333346,True,0.4395,False
50,109,-0.09333333333333371,-0.2199999999999989,0.020000000000000462,0.23999999999999935,True,0.209,False
50,110,-0.08666666666666689,-0.2333333333333334,0.033333333333333215,0.2666666666666666,True,0.247,False
50,111,-0.013333333333333641,-0.1466666666666674,0.15333333333333332,0.3000000000000007,True,0.9365,False
50,112,-0.06666666666666643,-0.20000000000000018,0.05333333333333368,0.25333333333333385,True,0.3485,False
50,113,0.0,-0.15999999999999925,0.16666666666666696,0.3266666666666662,True,0.98,False
50,114,-0.06666666666666643,-0.17333333333333378,0.033333333333333215,0.206666666666667,True,0.2675,False
50,115,0.013333333333333641,-0.09333333333333282,0.12016666666666671,0.21349999999999952,True,0.8355,False
50,116,-0.06666666666666732,-0.22666666666666657,0.09999999999999967,0.3266666666666662,True,0.425,False
50,117,-0.16000000000000014,-0.3199999999999994,-0.026666666666666394,0.293333333333333,True,0.033,True
50,118,-0.14000000000000057,-0.2933333333333339,-0.006666666666666821,0.28666666666666707,True,0.0825,False
50,119,-0.019999999999999574,-0.17333333333333378,0.13999999999999968,0.31333333333333346,True,0.8745,False
50,120,-0.013333333333333641,-0.15333333333333332,0.14683333333333312,0.30016666666666647,True,0.886,False
50,121,-0.05999999999999961,-0.15333333333333332,0.02000000000000135,0.17333333333333467,True,0.1935,False
50,122,-0.013333333333333641,-0.14000000000000057,0.1333333333333329,0.27333333333333343,True,0.889,False
50,123,-8.881784197001252e-16,-0.10000000000000053,0.10016666666666625,0.20016666666666677,True,0.9265,False
50,124,-0.013333333333332753,-0.11333333333333417,0.09333333333333282,0.206666666666667,True,0.8575,False
50,125,-0.020000000000000462,-0.1200000000000001,0.0801666666666658,0.2001666666666659,True,0.7095,False
50,126,0.06666666666666643,-0.1133333333333324,0.22666666666666746,0.33999999999999986,True,0.4605,False
50,127,-0.033333333333333215,-0.18666666666666654,0.10000000000000053,0.28666666666666707,True,0.71,False
50,128,-0.06666666666666732,-0.2268333333333338,0.08666666666666603,0.31349999999999983,True,0.4235,False
50,129,-0.026666666666666394,-0.17333333333333378,0.12683333333333352,0.3001666666666673,True,0.753,False
50,130,-0.11333333333333417,-0.2600000000000007,0.019999999999999574,0.28000000000000025,True,0.118,False
50,131,-0.0066666666666659324,-0.17333333333333378,0.16000000000000014,0.3333333333333339,True,0.9575,False
50,132,-0.026666666666666394,-0.2066666666666661,0.15333333333333332,0.35999999999999943,True,0.8145,False
50,133,0.033333333333333215,-0.08000000000000096,0.16666666666666696,0.24666666666666792,True,0.6695,False
50,134,0.026666666666666394,-0.12683333333333327,0.16666666666666696,0.2935000000000002,True,0.7335,False
50,135,-0.040000000000000036,-0.19999999999999932,0.11333333333333417,0.31333333333333346,True,0.621,False
50,136,0.006666666666667709,-0.09333333333333371,0.1133333333333324,0.2066666666666661,True,0.856,False
50,137,0.013333333333333641,-0.0868333333333341,0.1200000000000001,0.2068333333333342,True,0.831,False
50,138,0.07333333333333325,-0.04666666666666597,0.21333333333333293,0.2599999999999989,True,0.349,False
50,139,-0.026666666666666394,-0.19333333333333338,0.13333333333333375,0.3266666666666671,True,0.7645,False
50,140,0.006666666666666821,-0.16666666666666696,0.1800000000000006,0.34666666666666757,True,0.927,False
50,141,-0.046666666666666856,-0.21333333333333382,0.10666666666666735,0.3200000000000012,True,0.6255,False
50,142,0.033333333333333215,-0.09333333333333371,0.1734999999999995,0.2668333333333332,True,0.7115,False
50,143,0.046666666666666856,-0.10666666666666647,0.20016666666666677,0.30683333333333324,True,0.5555,False
50,144,0.07333333333333325,-0.0600000000000005,0.21333333333333382,0.2733333333333343,True,0.36,False
50,145,-0.006666666666666821,-0.13333333333333375,0.14666666666666653,0.28000000000000025,True,0.9125,False
50,146,-0.14000000000000057,-0.28000000000000025,-0.02000000000000044,0.2599999999999998,True,0.036,True
50,147,-0.033333333333333215,-0.1533333333333342,0.09333333333333371,0.24666666666666792,True,0.593,False
50,148,-0.1200000000000001,-0.2599999999999998,0.006666666666666821,0.2666666666666666,True,0.09,False
50,149,-0.040000000000000036,-0.20000000000000018,0.13333333333333286,0.33333333333333304,True,0.703,False
50,150,-0.09333333333333371,-0.20000000000000018,0.0,0.20000000000000018,True,0.0865,False
50,151,0.026666666666666394,-0.10000000000000053,0.1733333333333329,0.27333333333333343,True,0.75,False
50,152,-0.026666666666666394,-0.20000000000000018,0.1399999999999997,0.33999999999999986,True,0.7455,False
50,153,-0.12666666666666693,-0.21333333333333382,-0.040000000000000924,0.1733333333333329,False,0.0055,True
50,154,-0.05333333333333368,-0.18666666666666742,0.07333333333333325,0.2600000000000007,True,0.478,False
50,155,-0.0066666666666659324,-0.1466666666666674,0.14000000000000057,0.28666666666666796,True,0.974,False
50,156,-0.040000000000000036,-0.15333333333333246,0.09333333333333371,0.24666666666666617,True,0.571,False
50,157,-0.026666666666666394,-0.16666666666666696,0.13333333333333375,0.3000000000000007,True,0.765,False
50,158,0.0,-0.13999999999999968,0.1466666666666665,0.2866666666666662,True,1.0,False
50,159,0.0066666666666659324,-0.16000000000000103,0.17999999999999972,0.34000000000000075,True,0.9855,False
50,160,-0.020000000000000462,-0.16666666666666696,0.11999999999999922,0.2866666666666662,True,0.7985,False
50,161,-0.06666666666666732,-0.22000000000000067,0.06666666666666732,0.28666666666666796,True,0.388,False
50,162,-0.046666666666666856,-0.1533333333333342,0.05333333333333279,0.206666666666667,True,0.43,False
50,163,-0.06666666666666643,-0.21999999999999975,0.06666666666666732,0.28666666666666707,True,0.4305,False
50,164,-0.06666666666666643,-0.19333333333333425,0.0600000000000005,0.25333333333333474,True,0.346,False
50,165,0.0066666666666659324,-0.14666666666666653,0.15333333333333335,0.2999999999999999,True,0.9875,False
50,166,0.0,-0.1800000000000006,0.16683333333333356,0.34683333333333416,True,1.0,False
50,167,-0.08666666666666689,-0.24666666666666615,0.06666666666666643,0.3133333333333326,True,0.2995,False
50,168,-0.09333333333333371,-0.22666666666666746,0.040000000000000924,0.2666666666666684,True,0.2045,False
50,169,0.046666666666666856,-0.046666666666667744,0.1733333333333329,0.22000000000000064,True,0.583,False
50,170,-0.1200000000000001,-0.2535000000000002,8.881784197001252e-16,0.2535000000000011,True,0.085,False
50,171,-0.040000000000000036,-0.16016666666666737,0.07999999999999918,0.24016666666666656,True,0.539,False
50,172,-0.09333333333333282,-0.2400000000000002,0.0333333333333341,0.2733333333333343,True,0.1945,False
50,173,-0.1200000000000001,-0.26016666666666705,0.0,0.26016666666666705,True,0.074,False
50,174,-0.05333333333333368,-0.20666666666666703,0.10666666666666735,0.31333333333333435,True,0.5405,False
50,175,-0.09999999999999964,-0.24016666666666744,0.020166666666666177,0.26033333333333364,True,0.185,False
50,176,-0.08666666666666689,-0.24666666666666617,0.07333333333333325,0.3199999999999994,True,0.3305,False
50,177,-0.05333333333333368,-0.1466666666666665,0.040000000000000036,0.18666666666666654,True,0.297,False
50,178,0.026666666666667282,-0.08666666666666603,0.13999999999999968,0.2266666666666657,True,0.596,False
50,179,-0.026666666666667282,-0.15333333333333335,0.09999999999999964,0.25333333333333297,True,0.727,False
50,180,0.006666666666666821,-0.15333333333333332,0.1733333333333329,0.3266666666666662,True,0.9395,False
50,181,-0.08666666666666689,-0.2400000000000002,0.046666666666666856,0.28666666666666707,True,0.2775,False
50,182,-0.08666666666666778,-0.2599999999999998,0.08666666666666603,0.3466666666666658,True,0.3695,False
50,183,-0.08000000000000007,-0.20000000000000018,0.026666666666666394,0.22666666666666657,True,0.174,False
50,184,-0.09999999999999964,-0.22000000000000064,0.013333333333332753,0.2333333333333334,True,0.1005,False
50,185,-0.1200000000000001,-0.2666666666666675,0.020000000000000462,0.28666666666666796,True,0.1275,False
50,186,-0.05333333333333368,-0.206666666666667,0.10666666666666647,0.31333333333333346,True,0.525,False
50,187,0.033333333333333215,-0.10666666666666647,0.18666666666666654,0.293333333333333,True,0.6815,False
50,188,-0.006666666666666821,-0.13333333333333375,0.1466666666666665,0.28000000000000025,True,0.8785,False
50,189,-0.06666666666666732,-0.24666666666666703,0.10666666666666647,0.3533333333333335,True,0.512,False
50,190,-0.026666666666666394,-0.18666666666666654,0.13999999999999968,0.3266666666666662,True,0.7555,False
50,191,0.013333333333333641,-0.08666666666666689,0.12666666666666693,0.21333333333333382,True,0.8765,False
50,192,-0.07333333333333414,-0.19333333333333336,0.040000000000000036,0.2333333333333334,True,0.2645,False
50,193,-0.08000000000000007,-0.24683333333333426,0.08683333333333262,0.3336666666666669,True,0.357,False
50,194,-0.0333333333333341,-0.18666666666666568,0.09333333333333371,0.27999999999999936,True,0.686,False
50,195,-0.040000000000000036,-0.120000000000001,0.040000000000000036,0.16000000000000103,True,0.407,False
50,196,-0.07333333333333325,-0.2400000000000002,0.09333333333333371,0.3333333333333339,True,0.4345,False
50,197,-0.033333333333333215,-0.1200000000000001,0.05333333333333279,0.1733333333333329,True,0.539,False
50,198,-0.03333333333333233,-0.18666666666666654,0.10666666666666735,0.2933333333333339,True,0.6935,False
50,199,0.006666666666666821,-0.15333333333333332,0.16000000000000014,0.31333333333333346,True,0.937,False
50,200,-8.881784197001252e-16,-0.14000000000000057,0.15333333333333332,0.2933333333333339,True,1.0,False
50,201,-0.08666666666666689,-0.2400000000000002,0.05333333333333368,0.2933333333333339,True,0.2765,False
50,202,-0.12666666666666693,-0.25333333333333385,-0.013333333333332753,0.2400000000000011,True,0.0685,False
50,203,0.019999999999999574,-0.14000000000000057,0.17999999999999883,0.3199999999999994,True,0.8505,False
50,204,0.0600000000000005,-0.07333333333333414,0.206666666666667,0.28000000000000114,True,0.46,False
50,205,-0.07333333333333325,-0.24666666666666703,0.10000000000000053,0.34666666666666757,True,0.414,False
50,206,0.04666666666666597,-0.08000000000000007,0.19333333333333338,0.27333333333333343,True,0.5265,False
50,207,0.046666666666666856,-0.05333333333333368,0.1466666666666665,0.20000000000000018,True,0.4085,False
50,208,-0.09999999999999876,-0.2599999999999998,0.040000000000000036,0.2999999999999998,True,0.1705,False
50,209,-0.10666666666666558,-0.24666666666666703,0.006666666666666821,0.25333333333333385,True,0.1205,False
50,210,0.05333333333333368,-0.07333333333333325,0.206666666666667,0.28000000000000025,True,0.458,False
50,211,-0.019999999999999574,-0.20000000000000107,0.15333333333333332,0.3533333333333344,True,0.865,False
50,212,-0.006666666666666821,-0.166666666666667,0.13333333333333375,0.3000000000000007,True,0.982,False
50,213,-0.09333333333333371,-0.24666666666666615,0.046666666666666856,0.293333333333333,True,0.2805,False
50,214,0.0,-0.1466666666666674,0.15333333333333332,0.3000000000000007,True,0.979,False
50,215,-0.033333333333333215,-0.1935000000000006,0.12666666666666782,0.3201666666666684,True,0.764,False
50,216,-0.05333333333333368,-0.2000000000000002,0.0600000000000005,0.2600000000000007,True,0.4985,False
50,217,0.033333333333333215,-0.10000000000000053,0.18666666666666656,0.28666666666666707,True,0.6815,False
50,218,-0.026666666666667282,-0.1668333333333342,0.10000000000000053,0.2668333333333347,True,0.754,False
50,219,-0.11333333333333329,-0.2733333333333343,0.0201666666666662,0.29350000000000054,True,0.161,False
50,220,-0.006666666666666821,-0.13333333333333375,0.1466666666666665,0.28000000000000025,True,0.971,False
50,221,0.033333333333333215,-0.10666666666666647,0.18666666666666654,0.293333333333333,True,0.632,False
50,222,-0.11333333333333329,-0.2600000000000007,0.006666666666666821,0.2666666666666675,True,0.1045,False
50,223,0.040000000000000036,-0.15333333333333243,0.21333333333333382,0.36666666666666625,True,0.6415,False
50,224,0.026666666666667282,-0.0600000000000005,0.1200000000000001,0.1800000000000006,True,0.601,False
50,225,-0.006666666666666821,-0.1466666666666665,0.120000000000001,0.2666666666666675,True,0.9705,False
50,226,-0.0600000000000005,-0.21333333333333382,0.1066666666666656,0.3199999999999994,True,0.451,False
50,227,0.026666666666667282,-0.10000000000000053,0.1466666666666665,0.24666666666666703,True,0.627,False
50,228,0.033333333333333215,-0.12000000000000013,0.19333333333333338,0.3133333333333335,True,0.7275,False
50,229,0.05333333333333368,-0.06000000000000052,0.19333333333333336,0.25333333333333385,True,0.4475,False
50,230,-0.033333333333333215,-0.206666666666667,0.13999999999999968,0.3466666666666667,True,0.73,False
50,231,-0.046666666666666856,-0.1401666666666669,0.046666666666666856,0.18683333333333377,True,0.3865,False
50,232,0.006666666666666821,-0.1466666666666674,0.16000000000000014,0.30666666666666753,True,0.941,False
50,233,-0.0600000000000005,-0.16666666666666696,0.05333333333333279,0.21999999999999975,True,0.287,False
50,234,-0.12666666666666693,-0.24666666666666703,-0.020000000000000462,0.22666666666666657,True,0.0355,True
50,235,-0.10000000000000053,-0.27333333333333343,0.08000000000000007,0.3533333333333335,True,0.2805,False
50,236,-0.06666666666666643,-0.23350000000000062,0.11333333333333331,0.34683333333333394,True,0.463,False
50,237,-0.019999999999999574,-0.1466666666666674,0.12666666666666693,0.2733333333333343,True,0.7735,False
50,238,-0.07333333333333325,-0.21999999999999975,0.05333333333333368,0.27333333333333343,True,0.3095,False
50,239,0.07333333333333325,-0.07350000000000047,0.2333333333333334,0.30683333333333385,True,0.385,False
50,240,0.019999999999999574,-0.08666666666666689,0.13333333333333375,0.22000000000000064,True,0.726,False
50,241,-0.013333333333333641,-0.13333333333333286,0.12016666666666584,0.2534999999999987,True,0.9175,False
50,242,-0.020000000000000462,-0.16016666666666737,0.13333333333333286,0.2935000000000002,True,0.8305,False
50,243,0.0,-0.16000000000000014,0.16666666666666696,0.3266666666666671,True,1.0,False
50,244,-0.013333333333332753,-0.16000000000000017,0.1200000000000001,0.28000000000000025,True,0.9085,False
50,245,-0.08666666666666689,-0.25333333333333385,0.07333333333333325,0.3266666666666671,True,0.3075,False
50,246,0.013333333333332753,-0.09333333333333371,0.1466666666666665,0.2400000000000002,True,0.89,False
50,247,-0.07333333333333325,-0.21999999999999975,0.05333333333333368,0.27333333333333343,True,0.3755,False
50,248,0.006666666666666821,-0.1666666666666661,0.1800000000000006,0.3466666666666667,True,0.9755,False
50,249,-0.013333333333333641,-0.1466666666666674,0.12666666666666693,0.2733333333333343,True,0.854,False
50,250,0.10000000000000053,-0.013333333333332753,0.2333333333333334,0.24666666666666615,False,0.119,False
50,251,0.013333333333332753,-0.14666666666666564,0.1800000000000006,0.3266666666666662,True,0.902,False
50,252,-0.12666666666666782,-0.2599999999999998,-0.013333333333332753,0.24666666666666703,True,0.064,False
50,253,0.006666666666666821,-0.09999999999999878,0.10666666666666735,0.20666666666666614,True,0.921,False
50,254,-0.05999999999999961,-0.21999999999999975,0.10000000000000053,0.3200000000000003,True,0.4875,False
50,255,-0.013333333333333641,-0.17333333333333378,0.1466666666666674,0.3200000000000012,True,0.8925,False
50,256,-0.04666666666666597,-0.16000000000000014,0.05333333333333279,0.21333333333333293,True,0.456,False
50,257,-0.13333333333333286,-0.2933333333333339,0.013333333333333641,0.30666666666666753,True,0.1055,False
50,258,0.05333333333333368,-0.05999999999999961,0.19999999999999843,0.259999999999998,True,0.4835,False
50,259,0.0,-0.1066666666666665,0.10666666666666735,0.21333333333333385,True,0.9395,False
50,260,-0.013333333333332753,-0.18666666666666742,0.15333333333333332,0.34000000000000075,True,0.923,False
50,261,-0.046666666666666856,-0.20000000000000018,0.08016666666666668,0.28016666666666684,True,0.518,False
50,262,-0.086666666666666,-0.23333333333333342,0.040000000000000036,0.27333333333333343,True,0.27,False
50,263,0.03999999999999915,-0.1200000000000001,0.206666666666667,0.3266666666666671,True,0.6635,False
50,264,0.03333333333333233,-0.08016666666666729,0.17333333333333378,0.25350000000000106,True,0.724,False
50,265,0.05999999999999961,-0.046666666666666856,0.19333333333333336,0.2400000000000002,True,0.391,False
50,266,-0.11333333333333417,-0.2666666666666666,0.033333333333333236,0.2999999999999998,True,0.1315,False
50,267,-0.033333333333333215,-0.1733333333333338,0.09999999999999964,0.27333333333333343,True,0.6885,False
50,268,-0.020000000000000462,-0.18666666666666654,0.15333333333333246,0.33999999999999897,True,0.812,False
50,269,0.019999999999999574,-0.12666666666666604,0.1800000000000006,0.30666666666666664,True,0.808,False
50,270,-0.07333333333333325,-0.24016666666666744,0.08666666666666603,0.3268333333333335,True,0.3885,False
50,271,0.013333333333332753,-0.09333333333333371,0.12666666666666693,0.22000000000000064,True,0.85,False
50,272,-0.019999999999999574,-0.16000000000000103,0.13999999999999968,0.3000000000000007,True,0.827,False
50,273,-0.006666666666666821,-0.16000000000000014,0.16666666666666696,0.3266666666666671,True,0.9495,False
50,274,-0.08666666666666689,-0.2600000000000007,0.08683333333333262,0.3468333333333333,True,0.3535,False
50,275,0.046666666666667744,-0.05333333333333368,0.15333333333333332,0.206666666666667,True,0.4675,False
50,276,-0.03333333333333233,-0.18666666666666742,0.13333333333333375,0.3200000000000012,True,0.736,False
50,277,-0.033333333333333215,-0.18666666666666742,0.10666666666666735,0.2933333333333348,True,0.657,False
50,278,-0.020000000000000462,-0.17333333333333292,0.13999999999999968,0.3133333333333326,True,0.806,False
50,279,-0.006666666666667709,-0.09333333333333371,0.08000000000000007,0.17333333333333378,True,0.922,False
50,280,-0.08666666666666689,-0.2535000000000002,0.08666666666666689,0.3401666666666671,True,0.348,False
50,281,0.026666666666667282,-0.10666666666666647,0.17333333333333292,0.27999999999999936,True,0.751,False
50,282,0.013333333333332753,-0.09333333333333371,0.12666666666666604,0.21999999999999975,True,0.8415,False
50,283,0.013333333333333641,-0.09333333333333371,0.120000000000001,0.2133333333333347,True,0.832,False
50,284,-0.08000000000000096,-0.22666666666666746,0.05333333333333368,0.28000000000000114,True,0.248,False
50,285,-0.026666666666666394,-0.21333333333333382,0.15333333333333332,0.36666666666666714,True,0.7695,False
50,286,-0.046666666666666856,-0.1935000000000006,0.08666666666666689,0.28016666666666745,True,0.5975,False
50,287,-0.026666666666666394,-0.13333333333333375,0.08666666666666689,0.22000000000000064,True,0.646,False
50,288,0.046666666666666856,-0.09333333333333371,0.1933333333333325,0.2866666666666662,True,0.5705,False
50,289,-0.04666666666666597,-0.18666666666666565,0.10666666666666647,0.2933333333333321,True,0.5705,False
50,290,-0.006666666666666821,-0.1466666666666665,0.14000000000000057,0.28666666666666707,True,0.938,False
50,291,-0.046666666666666856,-0.13999999999999968,0.040000000000000056,0.17999999999999974,True,0.306,False
50,292,-0.040000000000000036,-0.22666666666666657,0.13333333333333375,0.3600000000000003,True,0.6855,False
50,293,-0.05333333333333368,-0.2333333333333334,0.11349999999999989,0.34683333333333327,True,0.5935,False
50,294,-0.09333333333333282,-0.24016666666666656,0.04666666666666599,0.28683333333333255,True,0.279,False
50,295,0.05333333333333368,-0.08000000000000007,0.206666666666667,0.28666666666666707,True,0.516,False
50,296,-0.033333333333333215,-0.16666666666666696,0.09333333333333282,0.2599999999999998,True,0.6525,False
50,297,-0.013333333333333641,-0.1200000000000001,0.09333333333333371,0.21333333333333382,True,0.8995,False
50,298,-0.09333333333333371,-0.2333333333333334,0.020000000000000483,0.25333333333333385,True,0.1915,False
50,299,-0.006666666666666821,-0.16000000000000014,0.16000000000000014,0.3200000000000003,True,0.941,False
50,300,-8.881784197001252e-16,-0.09999999999999964,0.10000000000000053,0.20000000000000018,True,0.9845,False
50,301,-0.040000000000000036,-0.16666666666666696,0.08000000000000096,0.24666666666666792,True,0.566,False
50,302,-0.05333333333333368,-0.21333333333333296,0.08666666666666689,0.2999999999999998,True,0.557,False
50,303,-0.120000000000001,-0.2666666666666666,0.006666666666665955,0.27333333333333254,True,0.1015,False
50,304,-0.03999999999999915,-0.18016666666666695,0.08666666666666689,0.2668333333333338,True,0.638,False
50,305,-0.05333333333333368,-0.18666666666666654,0.07333333333333239,0.2599999999999989,True,0.4085,False
50,306,0.12666666666666693,0.013333333333333641,0.2600000000000007,0.24666666666666703,False,0.0355,True
50,307,0.013333333333333641,-0.1200000000000001,0.16000000000000014,0.28000000000000025,True,0.928,False
50,308,-0.013333333333333641,-0.16666666666666696,0.1468333333333331,0.31350000000000006,True,0.89,False
50,309,-0.09333333333333371,-0.21999999999999978,0.019999999999999574,0.23999999999999935,True,0.1585,False
50,310,-0.04666666666666597,-0.206666666666667,0.09333333333333371,0.3000000000000007,True,0.531,False
50,311,-0.03333333333333233,-0.12666666666666693,0.07333333333333325,0.20000000000000018,True,0.582,False
50,312,-0.040000000000000036,-0.21333333333333382,0.12666666666666693,0.34000000000000075,True,0.7125,False
50,313,-0.07333333333333414,-0.22666666666666746,0.0800000000000001,0.30666666666666753,True,0.426,False
50,314,-0.07333333333333414,-0.22666666666666746,0.06666666666666643,0.2933333333333339,True,0.359,False
50,315,-0.06666666666666554,-0.2068333333333342,0.05999999999999961,0.2668333333333338,True,0.3885,False
50,316,-0.026666666666666394,-0.19333333333333336,0.1466666666666665,0.33999999999999986,True,0.7895,False
50,317,-0.046666666666666856,-0.1800000000000006,0.06666666666666732,0.24666666666666792,True,0.5735,False
50,318,-0.09333333333333282,-0.2599999999999998,0.07333333333333325,0.33333333333333304,True,0.3315,False
50,319,-0.06666666666666643,-0.18683333333333377,0.046833333333332595,0.23366666666666636,True,0.339,False
50,320,-0.026666666666666394,-0.21333333333333296,0.16016666666666673,0.3734999999999997,True,0.771,False
50,321,-0.05333333333333368,-0.18666666666666742,0.07349999999999986,0.26016666666666727,True,0.4405,False
50,322,0.0066666666666659324,-0.13333333333333286,0.16000000000000014,0.293333333333333,True,0.8915,False
50,323,-0.05333333333333279,-0.1466666666666665,0.04666666666666599,0.1933333333333325,True,0.29,False
50,324,-0.11333333333333417,-0.25333333333333385,0.013333333333332753,0.2666666666666666,True,0.1165,False
50,325,0.026666666666666394,-0.09333333333333282,0.17333333333333378,0.2666666666666666,True,0.7885,False
50,326,-0.03999999999999915,-0.13333333333333286,0.046666666666666856,0.17999999999999972,True,0.4945,False
50,327,-0.06666666666666643,-0.1800000000000006,0.040000000000000036,0.22000000000000064,True,0.2335,False
50,328,-0.0600000000000005,-0.20000000000000018,0.07333333333333236,0.27333333333333254,True,0.404,False
50,329,0.03999999999999915,-0.1066666666666665,0.20000000000000107,0.30666666666666753,True,0.608,False
50,330,-0.07333333333333325,-0.1800000000000006,0.03999999999999915,0.21999999999999975,True,0.2445,False
50,331,0.05999999999999961,-0.04683333333333321,0.18666666666666654,0.23349999999999976,True,0.437,False
50,332,-0.033333333333333215,-0.173500000000001,0.10666666666666647,0.28016666666666745,True,0.6775,False
50,333,0.019999999999999574,-0.14000000000000057,0.18666666666666654,0.3266666666666671,True,0.8625,False
50,334,-0.040000000000000036,-0.20000000000000018,0.12666666666666607,0.3266666666666662,True,0.645,False
50,335,-0.07333333333333325,-0.21333333333333293,0.08000000000000007,0.293333333333333,True,0.316,False
50,336,0.05999999999999961,-0.07999999999999918,0.206666666666667,0.2866666666666662,True,0.485,False
50,337,-0.0600000000000005,-0.2000000000000002,0.06666666666666732,0.2666666666666675,True,0.3985,False
50,338,-0.05999999999999961,-0.17333333333333378,0.05333333333333368,0.22666666666666746,True,0.324,False
50,339,-0.10666666666666647,-0.27333333333333343,0.046666666666666856,0.3200000000000003,True,0.186,False
50,340,-0.013333333333333641,-0.12666666666666604,0.09999999999999967,0.2266666666666657,True,0.798,False
50,341,-0.013333333333333641,-0.13333333333333286,0.11333333333333329,0.24666666666666615,True,0.8345,False
50,342,-0.033333333333333215,-0.206666666666667,0.14016666666666627,0.34683333333333327,True,0.7665,False
50,343,0.019999999999999574,-0.15350000000000055,0.18666666666666742,0.34016666666666795,True,0.8265,False
50,344,0.006666666666666821,-0.12666666666666693,0.15333333333333332,0.28000000000000025,True,0.9975,False
50,345,-0.019999999999999574,-0.14016666666666777,0.10666666666666647,0.24683333333333424,True,0.7525,False
50,346,-0.10666666666666647,-0.2666666666666666,0.026666666666666394,0.293333333333333,True,0.173,False
50,347,0.05999999999999961,-0.08666666666666689,0.21333333333333382,0.3000000000000007,True,0.4815,False
50,348,-0.03999999999999915,-0.14683333333333373,0.07333333333333236,0.2201666666666661,True,0.5505,False
50,349,-0.05333333333333368,-0.19333333333333336,0.07333333333333325,0.2666666666666666,True,0.4725,False
50,350,-0.05333333333333368,-0.17999999999999974,0.06666666666666646,0.2466666666666662,True,0.4315,False
50,351,-0.026666666666666394,-0.13999999999999968,0.08666666666666689,0.22666666666666657,True,0.6705,False
50,352,-0.013333333333333641,-0.1466666666666665,0.10666666666666647,0.25333333333333297,True,0.893,False
50,353,-0.19333333333333336,-0.33999999999999986,-0.06666666666666643,0.27333333333333343,False,0.0055,True
50,354,0.07333333333333325,-0.09333333333333371,0.24666666666666703,0.34000000000000075,True,0.442,False
50,355,-0.05333333333333368,-0.16666666666666696,0.05350000000000028,0.22016666666666723,True,0.354,False
50,356,-0.0600000000000005,-0.23333333333333428,0.1200000000000001,0.3533333333333344,True,0.5435,False
50,357,-0.046666666666666856,-0.18666666666666654,0.07333333333333325,0.2599999999999998,True,0.545,False
50,358,-0.020000000000000462,-0.19333333333333338,0.16000000000000014,0.3533333333333335,True,0.8465,False
50,359,-0.10000000000000053,-0.25333333333333385,0.0333333333333341,0.28666666666666796,True,0.233,False
50,360,0.006666666666667709,-0.15333333333333332,0.17999999999999972,0.33333333333333304,True,0.948,False
50,361,0.05333333333333368,-0.05999999999999961,0.18666666666666654,0.24666666666666615,True,0.5025,False
50,362,-0.08000000000000007,-0.22016666666666698,0.05333333333333368,0.27350000000000063,True,0.291,False
50,363,0.06666666666666732,-0.0600000000000005,0.2066666666666679,0.2666666666666684,True,0.3645,False
50,364,-0.040000000000000036,-0.18666666666666654,0.09333333333333282,0.27999999999999936,True,0.6315,False
50,365,0.0333333333333341,-0.08000000000000007,0.16666666666666785,0.24666666666666792,True,0.582,False
50,366,-0.086666666666666,-0.2600000000000007,0.05999999999999961,0.3200000000000003,True,0.299,False
50,367,-0.0600000000000005,-0.206666666666667,0.06666666666666646,0.27333333333333343,True,0.422,False
50,368,-0.13333333333333286,-0.27333333333333254,-0.013333333333332753,0.2599999999999998,True,0.0585,False
50,369,-0.11333333333333329,-0.2666666666666675,0.026666666666666394,0.2933333333333339,True,0.1425,False
50,370,-0.019999999999999574,-0.13999999999999968,0.09999999999999964,0.23999999999999932,True,0.797,False
50,371,-0.026666666666667282,-0.21333333333333382,0.16000000000000014,0.37333333333333396,True,0.805,False
50,372,-0.09333333333333282,-0.2600000000000007,0.06666666666666643,0.3266666666666671,True,0.278,False
50,373,0.026666666666666394,-0.07999999999999918,0.13350000000000034,0.21349999999999952,True,0.6465,False
50,374,-0.05333333333333368,-0.20666666666666703,0.10000000000000053,0.30666666666666753,True,0.488,False
50,375,0.006666666666666821,-0.07333333333333328,0.08666666666666603,0.1599999999999993,True,0.8105,False
50,376,0.026666666666667282,-0.07999999999999918,0.1200000000000001,0.1999999999999993,True,0.5065,False
50,377,0.03333333333333233,-0.08666666666666689,0.15333333333333332,0.2400000000000002,True,0.6255,False
50,378,-0.013333333333333641,-0.12666666666666693,0.12666666666666518,0.2533333333333321,True,0.8315,False
50,379,-0.046666666666666856,-0.2001666666666674,0.1200000000000001,0.3201666666666675,True,0.6565,False
50,380,-0.09999999999999964,-0.2733333333333343,0.07333333333333328,0.34666666666666757,True,0.2515,False
50,381,-0.013333333333333641,-0.1533333333333342,0.13999999999999968,0.2933333333333339,True,0.856,False
50,382,-0.06666666666666643,-0.17999999999999972,0.04666666666666597,0.22666666666666568,True,0.2325,False
50,383,-0.033333333333333215,-0.1466666666666665,0.07999999999999918,0.22666666666666568,True,0.5655,False
50,384,0.019999999999999574,-0.15333333333333332,0.20000000000000018,0.3533333333333335,True,0.852,False
50,385,0.08000000000000007,-0.08666666666666689,0.24683333333333274,0.33349999999999963,True,0.3995,False
50,386,0.06666666666666643,-0.06666666666666643,0.22666666666666657,0.293333333333333,True,0.3895,False
50,387,-0.06666666666666732,-0.21333333333333382,0.06666666666666643,0.28000000000000025,True,0.4135,False
50,388,-0.020000000000000462,-0.19333333333333425,0.16000000000000017,0.3533333333333344,True,0.849,False
50,389,-0.07999999999999918,-0.1935000000000006,0.033333333333333215,0.2268333333333338,True,0.21,False
50,390,-0.08666666666666689,-0.23333333333333428,0.04666666666666599,0.28000000000000025,True,0.224,False
50,391,8.881784197001252e-16,-0.1800000000000006,0.17999999999999974,0.3600000000000003,True,0.9945,False
50,392,-0.026666666666667282,-0.18666666666666654,0.12683333333333263,0.31349999999999917,True,0.7715,False
50,393,-0.026666666666666394,-0.16000000000000014,0.13333333333333375,0.2933333333333339,True,0.6955,False
50,394,-0.08000000000000007,-0.23333333333333342,0.05999999999999961,0.293333333333333,True,0.2775,False
50,395,-0.033333333333333215,-0.1466666666666665,0.08000000000000007,0.22666666666666657,True,0.618,False
50,396,0.0,-0.11333333333333329,0.11333333333333417,0.22666666666666746,True,0.9995,False
50,397,-0.13333333333333286,-0.28000000000000025,0.0,0.28000000000000025,True,0.06,False
50,398,0.006666666666666821,-0.11333333333333331,0.1399999999999997,0.253333333333333,True,0.9955,False
50,399,-0.046666666666666856,-0.17999999999999972,0.08000000000000007,0.2599999999999998,True,0.5045,False
50,400,-0.013333333333333641,-0.12666666666666693,0.09333333333333371,0.22000000000000064,True,0.8205,False
50,401,0.033333333333333215,-0.11333333333333329,0.18666666666666654,0.2999999999999998,True,0.744,False
50,402,-0.040000000000000036,-0.2001666666666674,0.12666666666666693,0.3268333333333343,True,0.6895,False
50,403,0.06666666666666554,-0.06666666666666643,0.21333333333333382,0.28000000000000025,True,0.3985,False
50,404,-0.1200000000000001,-0.2666666666666666,0.013333333333333641,0.28000000000000025,True,0.112,False
50,405,-0.0600000000000005,-0.16666666666666785,0.05333333333333279,0.22000000000000064,True,0.3195,False
50,406,-0.040000000000000036,-0.206666666666667,0.12683333333333263,0.33349999999999963,True,0.6245,False
50,407,-0.03333333333333233,-0.13333333333333375,0.06666666666666643,0.20000000000000018,True,0.584,False
50,408,-0.07999999999999918,-0.19333333333333336,0.026666666666666394,0.21999999999999975,True,0.16,False
50,409,-0.04666666666666597,-0.23333333333333428,0.13349999999999948,0.3668333333333338,True,0.591,False
50,410,-0.013333333333332753,-0.1466666666666665,0.1200000000000001,0.2666666666666666,True,0.895,False
50,411,0.033333333333333215,-0.09333333333333371,0.1734999999999995,0.2668333333333332,True,0.665,False
50,412,-0.0333333333333341,-0.206666666666667,0.133333333333332,0.33999999999999897,True,0.712,False
50,413,-0.013333333333333641,-0.13999999999999968,0.11333333333333243,0.2533333333333321,True,0.8305,False
50,414,-0.026666666666666394,-0.1800000000000006,0.13999999999999968,0.3200000000000003,True,0.805,False
50,415,0.11333333333333329,-0.05333333333333279,0.27999999999999936,0.33333333333333215,True,0.218,False
50,416,0.08000000000000007,-0.040000000000000036,0.21333333333333382,0.25333333333333385,True,0.235,False
50,417,0.0,-0.12666666666666607,0.12666666666666607,0.25333333333333213,True,1.0,False
50,418,0.013333333333333641,-0.10666666666666647,0.16000000000000014,0.2666666666666666,True,0.8,False
50,419,0.046666666666666856,-0.08666666666666689,0.19333333333333338,0.28000000000000025,True,0.525,False
50,420,-8.881784197001252e-16,-0.13999999999999968,0.14666666666666564,0.2866666666666653,True,0.9985,False
50,421,-0.026666666666666394,-0.1733333333333329,0.12666666666666782,0.3000000000000007,True,0.7625,False
50,422,-0.08666666666666689,-0.2533333333333321,0.05333333333333368,0.30666666666666575,True,0.3015,False
50,423,-0.13333333333333286,-0.28666666666666707,-0.0066666666666659324,0.28000000000000114,True,0.0865,False
50,424,0.033333333333333215,-0.08666666666666689,0.17999999999999972,0.2666666666666666,True,0.7285,False
50,425,-0.026666666666666394,-0.18666666666666656,0.10000000000000053,0.28666666666666707,True,0.774,False
50,426,-0.040000000000000036,-0.17333333333333292,0.10666666666666647,0.27999999999999936,True,0.577,False
50,427,-0.013333333333333641,-0.1733333333333329,0.1466666666666665,0.3199999999999994,True,0.8895,False
50,428,-0.006666666666666821,-0.16666666666666696,0.16666666666666696,0.3333333333333339,True,0.907,False
50,429,-0.06666666666666643,-0.16666666666666696,0.020000000000000462,0.18666666666666742,True,0.2105,False
50,430,-0.026666666666667282,-0.1800000000000006,0.1466666666666674,0.326666666666668,True,0.8035,False
50,431,-0.033333333333333215,-0.19999999999999932,0.12666666666666693,0.3266666666666662,True,0.7495,False
50,432,-0.14000000000000057,-0.30666666666666753,0.033333333333333215,0.34000000000000075,True,0.1415,False
50,433,0.033333333333333215,-0.10666666666666647,0.17999999999999972,0.2866666666666662,True,0.693,False
50,434,-0.07333333333333236,-0.18666666666666742,0.040000000000000036,0.22666666666666746,True,0.2435,False
50,435,0.05333333333333368,-0.08000000000000007,0.21333333333333382,0.2933333333333339,True,0.527,False
50,436,-0.026666666666666394,-0.20016666666666652,0.16000000000000014,0.36016666666666663,True,0.814,False
50,437,0.013333333333333641,-0.1399999999999988,0.16683333333333356,0.30683333333333235,True,0.8485,False
50,438,0.0066666666666659324,-0.120000000000001,0.1466666666666665,0.2666666666666675,True,0.971,False
50,439,-0.06666666666666643,-0.17333333333333378,0.033333333333333215,0.206666666666667,True,0.2525,False
50,440,0.033333333333333215,-0.08000000000000096,0.1666666666666661,0.24666666666666706,True,0.5965,False
50,441,-0.06666666666666554,-0.19333333333333338,0.046666666666666856,0.24000000000000024,True,0.368,False
50,442,-0.13999999999999968,-0.28666666666666707,-0.006666666666666821,0.28000000000000025,True,0.0525,False
50,443,-0.05999999999999961,-0.24000000000000024,0.11999999999999925,0.3599999999999995,True,0.547,False
50,444,-0.05999999999999872,-0.17333333333333378,0.05999999999999961,0.2333333333333334,True,0.3665,False
50,445,-0.020000000000000462,-0.18666666666666654,0.15333333333333332,0.33999999999999986,True,0.7995,False
50,446,0.006666666666666821,-0.10666666666666647,0.12016666666666671,0.22683333333333316,True,0.9155,False
50,447,0.013333333333333641,-0.15333333333333332,0.17999999999999972,0.33333333333333304,True,0.9245,False
50,448,0.046666666666666856,-0.08000000000000007,0.18666666666666654,0.2666666666666666,True,0.593,False
50,449,-0.040000000000000036,-0.206666666666667,0.13349999999999948,0.3401666666666665,True,0.686,False
50,450,-0.06666666666666732,-0.21999999999999975,0.06666666666666643,0.2866666666666662,True,0.4175,False
50,451,-0.086666666666666,-0.24000000000000024,0.046666666666666856,0.28666666666666707,True,0.293,False
50,452,-0.019999999999999574,-0.20000000000000018,0.16666666666666696,0.36666666666666714,True,0.852,False
50,453,-0.013333333333332753,-0.13333333333333375,0.10000000000000053,0.23333333333333428,True,0.821,False
50,454,0.086666666666666,-0.026666666666666394,0.21349999999999955,0.24016666666666595,False,0.1785,False
50,455,-0.019999999999999574,-0.1466666666666674,0.1066666666666656,0.25333333333333297,True,0.766,False
50,456,-0.013333333333332753,-0.19333333333333336,0.15333333333333332,0.3466666666666667,True,0.849,False
50,457,-0.040000000000000036,-0.18666666666666565,0.09333333333333282,0.2799999999999985,True,0.651,False
50,458,-0.07333333333333414,-0.22666666666666657,0.0600000000000005,0.28666666666666707,True,0.374,False
50,459,-0.040000000000000036,-0.19333333333333336,0.11333333333333329,0.30666666666666664,True,0.671,False
50,460,-0.026666666666666394,-0.18666666666666654,0.1333333333333329,0.3199999999999994,True,0.751,False
50,461,-0.07333333333333325,-0.22000000000000064,0.07349999999999986,0.2935000000000005,True,0.404,False
50,462,-0.0333333333333341,-0.17333333333333378,0.12000000000000013,0.2933333333333339,True,0.6785,False
50,463,-0.06666666666666732,-0.20000000000000018,0.060166666666666216,0.2601666666666664,True,0.388,False
50,464,-0.040000000000000036,-0.20666666666666614,0.12016666666666671,0.32683333333333286,True,0.7005,False
50,465,-0.09333333333333371,-0.22666666666666657,0.03999999999999915,0.2666666666666657,True,0.1995,False
50,466,-0.1200000000000001,-0.2666666666666675,0.006666666666666821,0.2733333333333343,True,0.0995,False
50,467,0.006666666666666821,-0.10666666666666735,0.120000000000001,0.22666666666666835,True,0.921,False
50,468,-0.08666666666666689,-0.22666666666666746,0.046666666666666856,0.2733333333333343,True,0.2865,False
50,469,-0.06666666666666732,-0.17333333333333378,0.033333333333333215,0.206666666666667,True,0.2675,False
50,470,-0.046666666666666856,-0.21999999999999975,0.10000000000000053,0.3200000000000003,True,0.6,False
50,471,-0.05333333333333279,-0.2066666666666661,0.07333333333333325,0.27999999999999936,True,0.489,False
50,472,-0.013333333333333641,-0.17350000000000013,0.17999999999999972,0.3534999999999998,True,0.8735,False
50,473,-0.07333333333333325,-0.19333333333333336,0.03349999999999984,0.2268333333333332,True,0.2335,False
50,474,0.07333333333333325,-0.03333333333333233,0.2066666666666661,0.23999999999999844,False,0.298,False
50,475,-0.09999999999999964,-0.22000000000000064,0.013333333333333641,0.23333333333333428,True,0.1155,False
50,476,-0.020000000000000462,-0.20000000000000018,0.13999999999999968,0.33999999999999986,True,0.8585,False
50,477,-0.06666666666666643,-0.2066666666666661,0.046833333333332595,0.2534999999999987,True,0.408,False
50,478,-0.046666666666667744,-0.16000000000000103,0.060166666666666216,0.22016666666666723,True,0.488,False
50,479,0.013333333333332753,-0.15333333333333332,0.18666666666666742,0.34000000000000075,True,0.906,False
50,480,0.020000000000000462,-0.07333333333333325,0.1200000000000001,0.19333333333333336,True,0.7585,False
50,481,-0.09333333333333194,-0.22666666666666657,0.020000000000000462,0.24666666666666703,True,0.181,False
50,482,-0.013333333333333641,-0.12000000000000013,0.09333333333333282,0.21333333333333296,True,0.827,False
50,483,0.046666666666666856,-0.05333333333333368,0.15333333333333332,0.206666666666667,True,0.42,False
50,484,-0.05333333333333279,-0.19333333333333425,0.07999999999999918,0.27333333333333343,True,0.439,False
50,485,-0.04666666666666597,-0.1466666666666674,0.05333333333333279,0.20000000000000018,True,0.4225,False
50,486,0.013333333333332753,-0.1399999999999997,0.1800000000000006,0.3200000000000003,True,0.892,False
50,487,-0.1466666666666674,-0.2666666666666666,-0.040000000000000036,0.22666666666666657,False,0.0145,True
50,488,-0.013333333333333641,-0.1200000000000001,0.10000000000000053,0.22000000000000064,True,0.7915,False
50,489,0.0,-0.14000000000000057,0.1466666666666674,0.28666666666666796,True,1.0,False
50,490,-0.013333333333332753,-0.15333333333333332,0.1200000000000001,0.27333333333333343,True,0.9085,False
50,491,-0.06666666666666732,-0.20000000000000018,0.046666666666666856,0.24666666666666703,True,0.365,False
50,492,-0.046666666666666856,-0.15333333333333332,0.0600000000000005,0.21333333333333382,True,0.4405,False
50,493,-0.0600000000000005,-0.206666666666667,0.07333333333333325,0.28000000000000025,True,0.5185,False
50,494,0.006666666666667709,-0.15999999999999928,0.16666666666666696,0.3266666666666662,True,0.964,False
50,495,-0.046666666666666856,-0.22000000000000064,0.1200000000000001,0.34000000000000075,True,0.647,False
50,496,-0.06666666666666643,-0.2333333333333334,0.10016666666666625,0.33349999999999963,True,0.463,False
50,497,-0.026666666666667282,-0.1333333333333329,0.08000000000000007,0.21333333333333296,True,0.676,False
50,498,-0.03333333333333233,-0.206666666666667,0.13333333333333375,0.34000000000000075,True,0.733,False
50,499,-0.033333333333333215,-0.21333333333333382,0.1466666666666665,0.3600000000000003,True,0.7595,False
100,0,-0.033333333333333215,-0.1333333333333329,0.06666666666666643,0.19999999999999932,True,0.5555,False
100,1,-0.033333333333333215,-0.13000000000000078,0.06666666666666643,0.1966666666666672,True,0.5355,False
100,2,-0.033333333333333215,-0.13333333333333375,0.06666666666666643,0.20000000000000018,True,0.537,False
100,3,-0.033333333333333215,-0.13333333333333375,0.06333333333333346,0.1966666666666672,True,0.574,False
100,4,-0.0333333333333341,-0.1299999999999999,0.06675000000000017,0.19675000000000006,True,0.529,False
100,5,-0.033333333333333215,-0.13333333333333286,0.06666666666666643,0.1999999999999993,True,0.5405,False
100,6,-0.033333333333333215,-0.13000000000000078,0.06675000000000017,0.19675000000000095,True,0.5285,False
100,7,-0.033333333333333215,-0.13333333333333375,0.06675000000000017,0.20008333333333392,True,0.518,False
100,8,-0.033333333333333215,-0.13341666666666688,0.06333333333333346,0.19675000000000034,True,0.539,False
100,9,-0.03333333333333233,-0.13666666666666585,0.07000000000000028,0.20666666666666614,True,0.5525,False
100,10,-0.033333333333333215,-0.13999999999999968,0.06333333333333346,0.20333333333333314,True,0.5075,False
100,11,-0.03333333333333233,-0.13666666666666585,0.0600000000000005,0.19666666666666635,True,0.542,False
100,12,-0.033333333333333215,-0.1334166666666669,0.06675000000000017,0.20016666666666708,True,0.5135,False
100,13,-0.033333333333333215,-0.13666666666666671,0.06666666666666732,0.20333333333333403,True,0.531,False
100,14,-0.0333333333333341,-0.13666666666666583,0.06666666666666643,0.20333333333333226,True,0.5235,False
100,15,-0.033333333333333215,-0.13666666666666671,0.05999999999999963,0.19666666666666635,True,0.526,False
100,16,-0.03333333333333233,-0.13333333333333375,0.06008333333333334,0.1934166666666671,True,0.5,False
100,17,-0.033333333333333215,-0.13999999999999882,0.06666666666666646,0.20666666666666528,True,0.5325,False
100,18,-0.033333333333333215,-0.13333333333333375,0.06666666666666643,0.20000000000000018,True,0.534,False
100,19,-0.033333333333333215,-0.13008333333333394,0.06666666666666643,0.19675000000000037,True,0.533,False
100,20,-0.033333333333333215,-0.1366666666666676,0.06333333333333435,0.20000000000000195,True,0.5275,False
100,21,-0.033333333333333215,-0.13333333333333378,0.07000000000000028,0.20333333333333406,True,0.55,False
100,22,-0.033333333333333215,-0.13333333333333286,0.0699999999999994,0.20333333333333226,True,0.5275,False
100,23,-0.0333333333333341,-0.13333333333333375,0.06666666666666643,0.20000000000000018,True,0.5515,False
100,24,-0.03333333333333233,-0.12999999999999903,0.06675000000000017,0.1967499999999992,True,0.5185,False
100,25,-0.033333333333333215,-0.1299999999999999,0.06333333333333349,0.19333333333333338,True,0.5255,False
100,26,-0.033333333333333215,-0.13666666666666671,0.06666666666666646,0.20333333333333317,True,0.5575,False
100,27,-0.033333333333333215,-0.1366666666666676,0.06333333333333346,0.20000000000000107,True,0.525,False
100,28,-0.033333333333333215,-0.13666666666666674,0.06666666666666732,0.20333333333333406,True,0.5425,False
100,29,-0.0333333333333341,-0.13333333333333375,0.07000000000000028,0.20333333333333403,True,0.5255,False
100,30,-0.0333333333333341,-0.14000000000000057,0.06333333333333346,0.20333333333333403,True,0.562,False
100,31,-0.033333333333333215,-0.13666666666666674,0.06333333333333346,0.2000000000000002,True,0.5085,False
100,32,-0.033333333333333215,-0.13333333333333375,0.06666666666666643,0.20000000000000018,True,0.5395,False
100,33,-0.03333333333333233,-0.1299999999999999,0.0633333333333326,0.1933333333333325,True,0.5,False
100,34,-0.033333333333333215,-0.13333333333333375,0.06666666666666732,0.20000000000000107,True,0.5255,False
100,35,-0.033333333333333215,-0.1333333333333329,0.06666666666666643,0.19999999999999932,True,0.5365,False
100,36,-0.03333333333333233,-0.13666666666666674,0.07000000000000028,0.20666666666666703,True,0.548,False
100,37,-0.033333333333333215,-0.12666666666666782,0.06999999999999942,0.19666666666666724,True,0.5295,False
100,38,-0.033333333333333215,-0.1299999999999999,0.06666666666666557,0.19666666666666546,True,0.526,False
100,39,-0.033333333333333215,-0.1299999999999999,0.06666666666666643,0.19666666666666632,True,0.543,False
100,40,-0.033333333333333215,-0.1300833333333339,0.06341666666666718,0.1935000000000011,True,0.555,False
100,41,-0.033333333333333215,-0.13008333333333394,0.06666666666666643,0.19675000000000037,True,0.5285,False
100,42,-0.033333333333333215,-0.12666666666666695,0.06333333333333349,0.19000000000000045,True,0.555,False
100,43,-0.033333333333333215,-0.13666666666666671,0.06333333333333258,0.1999999999999993,True,0.5195,False
100,44,-0.03333333333333233,-0.13666666666666585,0.06666666666666646,0.2033333333333323,True,0.5375,False
100,45,-0.03333333333333233,-0.13999999999999968,0.07000000000000028,0.20999999999999996,True,0.535,False
100,46,-0.0333333333333341,-0.1299999999999999,0.06008333333333334,0.19008333333333324,True,0.5435,False
100,47,-0.03333333333333233,-0.13666666666666583,0.07000000000000028,0.2066666666666661,True,0.5425,False
100,48,-0.033333333333333215,-0.13999999999999968,0.07000000000000028,0.20999999999999996,True,0.5405,False
100,49,-0.033333333333333215,-0.13666666666666674,0.05999999999999961,0.19666666666666635,True,0.5155,False
100,50,-0.033333333333333215,-0.13333333333333375,0.06666666666666643,0.20000000000000018,True,0.5245,False
100,51,-0.033333333333333215,-0.1299999999999999,0.06675000000000017,0.19675000000000006,True,0.511,False
100,52,-0.0333333333333341,-0.12666666666666693,0.07000000000000028,0.1966666666666672,True,0.5215,False
100,53,-0.033333333333333215,-0.13333333333333375,0.06666666666666643,0.20000000000000018,True,0.5225,False
100,54,-0.033333333333333215,-0.1333333333333329,0.06666666666666643,0.19999999999999932,True,0.5365,False
100,55,-0.03333333333333144,-0.13333333333333375,0.06333333333333346,0.1966666666666672,True,0.5295,False
100,56,-0.0333333333333341,-0.13675000000000076,0.06666666666666646,0.20341666666666722,True,0.525,False
100,57,-0.033333333333333215,-0.13666666666666671,0.06333333333333349,0.2000000000000002,True,0.5365,False
100,58,-0.0333333333333341,-0.13000000000000078,0.0699999999999994,0.20000000000000018,True,0.5365,False
100,59,-0.033333333333333215,-0.12999999999999903,0.06666666666666643,0.19666666666666546,True,0.527,False
100,60,-0.033333333333333215,-0.13333333333333378,0.0600000000000005,0.19333333333333427,True,0.5305,False
100,61,-0.0333333333333341,-0.13666666666666674,0.06333333333333346,0.2000000000000002,True,0.529,False
100,62,-0.03333333333333233,-0.13333333333333375,0.06341666666666633,0.1967500000000001,True,0.5515,False
100,63,-0.033333333333333215,-0.13333333333333375,0.07008333333333314,0.20341666666666688,True,0.527,False
100,64,-0.033333333333333215,-0.1299999999999999,0.07000000000000028,0.20000000000000018,True,0.549,False
100,65,-0.033333333333333215,-0.1299999999999999,0.07000000000000028,0.20000000000000018,True,0.53,False
100,66,-0.0333333333333341,-0.13333333333333375,0.0699999999999994,0.20333333333333314,True,0.522,False
100,67,-0.033333333333333215,-0.1299999999999999,0.07333333333333325,0.20333333333333314,True,0.548,False
100,68,-0.033333333333333215,-0.12666666666666695,0.06333333333333346,0.19000000000000042,True,0.5465,False
100,69,-0.033333333333333215,-0.1399999999999997,0.06666666666666557,0.20666666666666528,True,0.5475,False
100,70,-0.033333333333333215,-0.129999999999999,0.06666666666666643,0.19666666666666544,True,0.526,False
100,71,-0.033333333333333215,-0.12999999999999903,0.06333333333333346,0.1933333333333325,True,0.5535,False
100,72,-0.033333333333333215,-0.13666666666666583,0.07000000000000028,0.2066666666666661,True,0.5225,False
100,73,-0.033333333333333215,-0.13666666666666671,0.06666666666666643,0.20333333333333314,True,0.491,False
100,74,-0.03333333333333233,-0.13999999999999968,0.07000000000000031,0.21,True,0.5335,False
100,75,-0.033333333333333215,-0.1300833333333348,0.06666666666666732,0.19675000000000212,True,0.5565,False
100,76,-0.033333333333333215,-0.1299999999999999,0.06666666666666643,0.19666666666666632,True,0.529,False
100,77,-0.033333333333333215,-0.1299999999999999,0.06341666666666718,0.19341666666666707,True,0.5185,False
100,78,-0.033333333333333215,-0.13333333333333375,0.06333333333333346,0.1966666666666672,True,0.526,False
100,79,-0.033333333333333215,-0.133333333333332,0.06333333333333346,0.19666666666666546,True,0.538,False
100,80,-0.033333333333333215,-0.13333333333333375,0.07000000000000028,0.20333333333333403,True,0.529,False
100,81,-0.03333333333333233,-0.13666666666666671,0.06333333333333346,0.20000000000000018,True,0.5255,False
100,82,-0.033333333333333215,-0.1300833333333339,0.0667499999999993,0.1968333333333332,True,0.5215,False
100,83,-0.033333333333333215,-0.14000000000000057,0.06666666666666643,0.206666666666667,True,0.5535,False
100,84,-0.033333333333333215,-0.1334166666666669,0.06666666666666732,0.20008333333333422,True,0.5155,False
100,85,-0.033333333333333215,-0.13333333333333286,0.06666666666666557,0.19999999999999843,True,0.5375,False
100,86,-0.033333333333333215,-0.13333333333333375,0.06666666666666557,0.19999999999999932,True,0.5315,False
100,87,-0.033333333333333215,-0.13666666666666671,0.06666666666666732,0.20333333333333403,True,0.509,False
100,88,-0.033333333333333215,-0.13999999999999968,0.06333333333333346,0.20333333333333314,True,0.5315,False
100,89,-0.033333333333333215,-0.13008333333333397,0.0699999999999994,0.20008333333333336,True,0.53,False
100,90,-0.033333333333333215,-0.13000000000000078,0.06666666666666732,0.1966666666666681,True,0.5125,False
100,91,-0.033333333333333215,-0.13000000000000078,0.0634166666666672,0.19341666666666799,True,0.5495,False
100,92,-0.033333333333333215,-0.13341666666666777,0.0699999999999994,0.20341666666666716,True,0.5415,False
100,93,-0.033333333333333215,-0.13999999999999968,0.06666666666666643,0.2066666666666661,True,0.5395,False
100,94,-0.033333333333333215,-0.13333333333333375,0.06666666666666643,0.20000000000000018,True,0.527,False
100,95,-0.033333333333333215,-0.13666666666666583,0.06666666666666646,0.20333333333333228,True,0.5505,False
100,96,-0.03333333333333233,-0.13000000000000078,0.06666666666666732,0.1966666666666681,True,0.535,False
100,97,-0.0333333333333341,-0.1299999999999999,0.07000000000000028,0.20000000000000018,True,0.547,False
100,98,-0.033333333333333215,-0.13008333333333394,0.07000000000000028,0.20008333333333422,True,0.5365,False
100,99,-0.033333333333333215,-0.13999999999999968,0.06333333333333349,0.20333333333333317,True,0.537,False
100,100,-0.03333333333333233,-0.13999999999999968,0.06333333333333346,0.20333333333333314,True,0.533,False
100,101,-0.033333333333333215,-0.13333333333333375,0.06333333333333346,0.1966666666666672,True,0.54,False
100,102,-0.033333333333333215,-0.13333333333333378,0.06666666666666643,0.2000000000000002,True,0.5485,False
100,103,-0.033333333333333215,-0.1299999999999999,0.06333333333333346,0.19333333333333336,True,0.529,False
100,104,-0.033333333333333215,-0.13333333333333375,0.06333333333333258,0.19666666666666632,True,0.523,False
100,105,-0.033333333333333215,-0.13000000000000078,0.06666666666666643,0.1966666666666672,True,0.5335,False
100,106,-0.03333333333333233,-0.13333333333333375,0.06999999999999942,0.20333333333333317,True,0.54,False
100,107,-0.0333333333333341,-0.1300833333333348,0.0699999999999994,0.2000833333333342,True,0.5545,False
100,108,-0.0333333333333341,-0.13333333333333375,0.06666666666666646,0.2000000000000002,True,0.5195,False
100,109,-0.03333333333333233,-0.13666666666666583,0.06666666666666732,0.20333333333333314,True,0.53,False
100,110,-0.03333333333333233,-0.12675000000000097,0.07333333333333325,0.20008333333333422,True,0.5245,False
100,111,-0.033333333333333215,-0.1299999999999999,0.06341666666666633,0.19341666666666624,True,0.521,False
100,112,-0.033333333333333215,-0.1299999999999999,0.070083333333334,0.2000833333333339,True,0.511,False
100,113,-0.033333333333333215,-0.13333333333333286,0.06666666666666732,0.20000000000000018,True,0.5305,False
100,114,-0.033333333333333215,-0.1399999999999997,0.06666666666666557,0.20666666666666528,True,0.5585,False
100,115,-0.033333333333333215,-0.1299999999999999,0.06999999999999942,0.19999999999999932,True,0.537,False
100,116,-0.033333333333333215,-0.13333333333333375,0.07333333333333328,0.20666666666666703,True,0.529,False
100,117,-0.033333333333333215,-0.13333333333333286,0.06333333333333435,0.1966666666666672,True,0.5185,False
100,118,-0.033333333333333215,-0.13333333333333375,0.06666666666666646,0.2000000000000002,True,0.5255,False
100,119,-0.033333333333333215,-0.13000000000000078,0.06333333333333346,0.19333333333333425,True,0.536,False
100,120,-0.033333333333333215,-0.12999999999999992,0.06333333333333258,0.1933333333333325,True,0.535,False
100,121,-0.033333333333333215,-0.13000000000000078,0.06333333333333346,0.19333333333333425,True,0.5515,False
100,122,-0.033333333333333215,-0.13333333333333375,0.06333333333333349,0.19666666666666724,True,0.545,False
100,123,-0.03333333333333233,-0.13333333333333375,0.06666666666666643,0.20000000000000018,True,0.511,False
100,124,-0.033333333333333215,-0.13333333333333378,0.07000000000000117,0.20333333333333495,True,0.521,False
100,125,-0.033333333333333215,-0.13008333333333394,0.07333333333333236,0.2034166666666663,True,0.5175,False
100,126,-0.033333333333333215,-0.13333333333333375,0.06666666666666643,0.20000000000000018,True,0.522,False
100,127,-0.033333333333333215,-0.14000000000000057,0.06666666666666732,0.2066666666666679,True,0.5255,False
100,128,-0.03333333333333233,-0.13333333333333286,0.06333333333333346,0.19666666666666632,True,0.5,False
100,129,-0.033333333333333215,-0.1299999999999999,0.07333333333333236,0.20333333333333226,True,0.5365,False
100,130,-0.0333333333333341,-0.13000000000000078,0.06666666666666732,0.1966666666666681,True,0.5395,False
100,131,-0.033333333333333215,-0.13666666666666671,0.07000000000000031,0.20666666666666703,True,0.5325,False
100,132,-0.03333333333333233,-0.12999999999999992,0.06666666666666732,0.19666666666666724,True,0.5285,False
100,133,-0.033333333333333215,-0.13666666666666671,0.07000000000000031,0.20666666666666703,True,0.547,False
100,134,-0.033333333333333215,-0.13666666666666671,0.06333333333333346,0.20000000000000018,True,0.5145,False
100,135,-0.033333333333333215,-0.13333333333333375,0.07333333333333239,0.20666666666666614,True,0.5355,False
100,136,-0.033333333333333215,-0.13666666666666671,0.0699999999999994,0.2066666666666661,True,0.53,False
100,137,-0.033333333333333215,-0.13666666666666674,0.07000000000000028,0.20666666666666703,True,0.531,False
100,138,-0.033333333333333215,-0.13666666666666671,0.06333333333333349,0.2000000000000002,True,0.5455,False
100,139,-0.033333333333333215,-0.1299999999999999,0.06333333333333349,0.19333333333333338,True,0.5205,False
100,140,-0.033333333333333215,-0.13333333333333286,0.06341666666666718,0.19675000000000004,True,0.529,False
100,141,-0.033333333333333215,-0.13000000000000078,0.06333333333333346,0.19333333333333425,True,0.539,False
100,142,-0.03333333333333233,-0.12999999999999992,0.07333333333333236,0.20333333333333228,True,0.554,False
100,143,-0.03333333333333233,-0.14000000000000057,0.06675000000000017,0.20675000000000074,True,0.5505,False
100,144,-0.033333333333333215,-0.13666666666666674,0.06666666666666646,0.2033333333333332,True,0.5275,False
100,145,-0.033333333333333215,-0.13333333333333378,0.07000000000000028,0.20333333333333406,True,0.539,False
100,146,-0.03333333333333233,-0.12999999999999992,0.07000000000000031,0.20000000000000023,True,0.5395,False
100,147,-0.033333333333333215,-0.1299999999999999,0.06999999999999942,0.19999999999999932,True,0.5515,False
100,148,-0.03333333333333233,-0.13333333333333375,0.06666666666666643,0.20000000000000018,True,0.539,False
100,149,-0.033333333333333215,-0.13333333333333375,0.06333333333333435,0.1966666666666681,True,0.529,False
100,150,-0.033333333333333215,-0.13000000000000078,0.06666666666666732,0.1966666666666681,True,0.539,False
100,151,-0.033333333333333215,-0.13666666666666671,0.07000000000000028,0.206666666666667,True,0.531,False
100,152,-0.033333333333333215,-0.13008333333333397,0.06675000000000017,0.19683333333333414,True,0.54,False
100,153,-0.033333333333333215,-0.13666666666666497,0.07000000000000028,0.20666666666666525,True,0.549,False
100,154,-0.033333333333333215,-0.13666666666666671,0.06666666666666732,0.20333333333333403,True,0.534,False
100,155,-0.03333333333333233,-0.13666666666666585,0.06999999999999942,0.20666666666666528,True,0.544,False
100,156,-0.033333333333333215,-0.1334166666666669,0.07008333333333314,0.20350000000000004,True,0.521,False
100,157,-0.033333333333333215,-0.13333333333333375,0.06675000000000017,0.20008333333333392,True,0.5255,False
100,158,-0.033333333333333215,-0.13666666666666585,0.06666666666666732,0.20333333333333317,True,0.5425,False
100,159,-0.033333333333333215,-0.13666666666666674,0.07000000000000031,0.20666666666666705,True,0.5325,False
100,160,-0.033333333333333215,-0.1299999999999999,0.06666666666666732,0.1966666666666672,True,0.528,False
100,161,-0.033333333333333215,-0.13666666666666671,0.0634166666666672,0.20008333333333392,True,0.515,False
100,162,-0.033333333333333215,-0.1299999999999999,0.06333333333333346,0.19333333333333336,True,0.5415,False
100,163,-0.033333333333333215,-0.13000000000000078,0.06333333333333435,0.19333333333333513,True,0.52,False
100,164,-0.033333333333333215,-0.13666666666666585,0.06666666666666643,0.20333333333333228,True,0.5415,False
100,165,-0.033333333333333215,-0.129999999999999,0.06666666666666643,0.19666666666666544,True,0.5235,False
100,166,-0.033333333333333215,-0.13999999999999968,0.06333333333333346,0.20333333333333314,True,0.549,False
100,167,-0.033333333333333215,-0.12999999999999992,0.07333333333333325,0.20333333333333317,True,0.526,False
100,168,-0.033333333333333215,-0.13333333333333375,0.0600000000000005,0.19333333333333425,True,0.52,False
100,169,-0.03333333333333233,-0.13333333333333286,0.06666666666666557,0.19999999999999843,True,0.5305,False
100,170,-0.033333333333333215,-0.13341666666666688,0.06333333333333435,0.19675000000000123,True,0.5265,False
100,171,-0.033333333333333215,-0.13666666666666671,0.07341666666666699,0.2100833333333337,True,0.52,False
100,172,-0.033333333333333215,-0.13333333333333375,0.06666666666666643,0.20000000000000018,True,0.528,False
100,173,-0.033333333333333215,-0.13000000000000078,0.0699999999999994,0.20000000000000018,True,0.5345,False
100,174,-0.033333333333333215,-0.13333333333333375,0.06333333333333435,0.1966666666666681,True,0.565,False
100,175,-0.0333333333333341,-0.1333333333333329,0.06333333333333349,0.19666666666666638,True,0.5295,False
100,176,-0.033333333333333215,-0.13000000000000078,0.0600000000000005,0.19000000000000128,True,0.517,False
100,177,-0.033333333333333215,-0.13333333333333375,0.07000000000000028,0.20333333333333403,True,0.507,False
100,178,-0.033333333333333215,-0.1299999999999999,0.07333333333333325,0.20333333333333314,True,0.534,False
100,179,-0.0333333333333341,-0.13333333333333375,0.06333333333333346,0.1966666666666672,True,0.5335,False
100,180,-0.03333333333333233,-0.1366666666666676,0.06666666666666643,0.20333333333333403,True,0.536,False
100,181,-0.03333333333333233,-0.1366666666666676,0.06666666666666732,0.20333333333333492,True,0.5295,False
100,182,-0.033333333333333215,-0.13666666666666671,0.07000000000000028,0.206666666666667,True,0.548,False
100,183,-0.033333333333333215,-0.13000000000000078,0.06666666666666643,0.1966666666666672,True,0.5245,False
100,184,-0.033333333333333215,-0.1333333333333329,0.0634166666666672,0.1967500000000001,True,0.546,False
100,185,-0.033333333333333215,-0.1299999999999999,0.06666666666666643,0.19666666666666632,True,0.5435,False
100,186,-0.033333333333333215,-0.12666666666666693,0.06333333333333346,0.1900000000000004,True,0.531,False
100,187,-0.033333333333333215,-0.1334166666666669,0.06666666666666732,0.20008333333333422,True,0.5365,False
100,188,-0.033333333333333215,-0.13666666666666585,0.06666666666666732,0.20333333333333317,True,0.532,False
100,189,-0.0333333333333341,-0.1399999999999997,0.0633333333333326,0.2033333333333323,True,0.5445,False
100,190,-0.033333333333333215,-0.1333333333333329,0.07000000000000031,0.2033333333333332,True,0.529,False
100,191,-0.033333333333333215,-0.13333333333333375,0.06333333333333346,0.1966666666666672,True,0.5395,False
100,192,-0.0333333333333341,-0.13333333333333375,0.07000000000000031,0.20333333333333406,True,0.5455,False
100,193,-0.033333333333333215,-0.13666666666666671,0.0600000000000005,0.1966666666666672,True,0.523,False
100,194,-0.033333333333333215,-0.13333333333333375,0.06666666666666732,0.20000000000000107,True,0.52,False
100,195,-0.033333333333333215,-0.1399999999999988,0.06999999999999942,0.20999999999999822,True,0.521,False
100,196,-0.033333333333333215,-0.1299999999999999,0.06333333333333346,0.19333333333333336,True,0.5315,False
100,197,-0.03333333333333233,-0.13999999999999882,0.0634166666666672,0.20341666666666602,True,0.5105,False
100,198,-0.033333333333333215,-0.1299999999999999,0.06666666666666643,0.19666666666666632,True,0.496,False
100,199,-0.0333333333333341,-0.13008333333333394,0.06666666666666643,0.19675000000000037,True,0.5135,False
100,200,-0.033333333333333215,-0.13333333333333286,0.0699999999999994,0.20333333333333226,True,0.504,False
100,201,-0.033333333333333215,-0.12666666666666693,0.06333333333333435,0.19000000000000128,True,0.518,False
100,202,-0.033333333333333215,-0.13333333333333375,0.06666666666666732,0.20000000000000107,True,0.5345,False
100,203,-0.033333333333333215,-0.12999999999999995,0.06333333333333349,0.19333333333333344,True,0.513,False
100,204,-0.033333333333333215,-0.13666666666666671,0.07000000000000028,0.206666666666667,True,0.53,False
100,205,-0.03333333333333233,-0.13333333333333375,0.07000000000000028,0.20333333333333403,True,0.5305,False
100,206,-0.033333333333333215,-0.14000000000000057,0.07000000000000117,0.21000000000000174,True,0.5165,False
100,207,-0.033333333333333215,-0.13333333333333375,0.0633333333333326,0.19666666666666635,True,0.525,False
100,208,-0.033333333333333215,-0.13333333333333286,0.06341666666666718,0.19675000000000004,True,0.5275,False
100,209,-0.033333333333333215,-0.13333333333333375,0.06333333333333349,0.19666666666666724,True,0.512,False
100,210,-0.033333333333333215,-0.13008333333333394,0.06666666666666643,0.19675000000000037,True,0.5325,False
100,211,-0.033333333333333215,-0.13666666666666671,0.06333333333333346,0.20000000000000018,True,0.509,False
100,212,-0.033333333333333215,-0.13674999999999987,0.06999999999999942,0.2067499999999993,True,0.5465,False
100,213,-0.033333333333333215,-0.13000000000000078,0.06666666666666557,0.19666666666666635,True,0.536,False
100,214,-0.03333333333333233,-0.13333333333333286,0.0667499999999993,0.20008333333333217,True,0.5535,False
100,215,-0.0333333333333341,-0.13333333333333375,0.06666666666666732,0.20000000000000107,True,0.523,False
100,216,-0.033333333333333215,-0.1299999999999999,0.0699999999999994,0.1999999999999993,True,0.538,False
100,217,-0.033333333333333215,-0.13666666666666583,0.06666666666666643,0.20333333333333226,True,0.528,False
100,218,-0.033333333333333215,-0.13333333333333375,0.07000000000000028,0.20333333333333403,True,0.5425,False
100,219,-0.0333333333333341,-0.13333333333333286,0.07000000000000028,0.20333333333333314,True,0.514,False
100,220,-0.0333333333333341,-0.1334166666666669,0.07000000000000028,0.2034166666666672,True,0.5445,False
100,221,-0.033333333333333215,-0.13666666666666671,0.06999999999999942,0.20666666666666614,True,0.516,False
100,222,-0.033333333333333215,-0.13333333333333286,0.06666666666666732,0.20000000000000018,True,0.556,False
100,223,-0.033333333333333215,-0.12675000000000097,0.06666666666666557,0.19341666666666654,True,0.5145,False
100,224,-0.033333333333333215,-0.1366666666666676,0.07000000000000031,0.20666666666666791,True,0.5095,False
100,225,-0.033333333333333215,-0.13666666666666585,0.0634166666666672,0.20008333333333306,True,0.5355,False
100,226,-0.033333333333333215,-0.13666666666666585,0.06333333333333346,0.19999999999999932,True,0.54,False
100,227,-0.033333333333333215,-0.12999999999999992,0.06666666666666643,0.19666666666666635,True,0.5315,False
100,228,-0.0333333333333341,-0.1299999999999999,0.06008333333333334,0.19008333333333324,True,0.5365,False
100,229,-0.033333333333333215,-0.13666666666666585,0.06333333333333346,0.19999999999999932,True,0.5615,False
100,230,-0.033333333333333215,-0.1300833333333339,0.07000000000000028,0.2000833333333342,True,0.5195,False
100,231,-0.033333333333333215,-0.1299999999999999,0.06666666666666643,0.19666666666666632,True,0.5335,False
100,232,-0.033333333333333215,-0.1333333333333329,0.06666666666666732,0.2000000000000002,True,0.5495,False
100,233,-0.033333333333333215,-0.14333333333333353,0.06333333333333346,0.206666666666667,True,0.5395,False
100,234,-0.033333333333333215,-0.1334166666666669,0.06666666666666643,0.20008333333333334,True,0.5275,False
100,235,-0.0333333333333341,-0.13666666666666583,0.06333333333333346,0.1999999999999993,True,0.5325,False
100,236,-0.033333333333333215,-0.1334166666666669,0.06666666666666643,0.20008333333333334,True,0.537,False
100,237,-0.033333333333333215,-0.13333333333333375,0.06666666666666643,0.20000000000000018,True,0.515,False
100,238,-0.03333333333333233,-0.13333333333333375,0.06666666666666643,0.20000000000000018,True,0.5,False
100,239,-0.033333333333333215,-0.13666666666666585,0.07666666666666624,0.2133333333333321,True,0.5625,False
100,240,-0.033333333333333215,-0.13999999999999882,0.06333333333333258,0.2033333333333314,True,0.518,False
100,241,-0.033333333333333215,-0.13333333333333375,0.06666666666666732,0.20000000000000107,True,0.525,False
100,242,-0.033333333333333215,-0.13666666666666674,0.06333333333333349,0.20000000000000023,True,0.5455,False
100,243,-0.033333333333333215,-0.13666666666666585,0.06666666666666554,0.2033333333333314,True,0.537,False
100,244,-0.033333333333333215,-0.13333333333333375,0.06666666666666643,0.20000000000000018,True,0.532,False
100,245,-0.03333333333333233,-0.13666666666666671,0.06666666666666643,0.20333333333333314,True,0.5705,False
100,246,-0.033333333333333215,-0.1300833333333348,0.06333333333333435,0.19341666666666915,True,0.526,False
100,247,-0.0333333333333341,-0.13341666666666774,0.06333333333333349,0.19675000000000123,True,0.544,False
100,248,-0.033333333333333215,-0.13333333333333375,0.07000000000000028,0.20333333333333403,True,0.558,False
100,249,-0.0333333333333341,-0.13008333333333397,0.06333333333333346,0.19341666666666743,True,0.526,False
100,250,-0.033333333333333215,-0.1334166666666678,0.0634166666666672,0.196833333333335,True,0.551,False
100,251,-0.03333333333333233,-0.1333333333333329,0.06333333333333346,0.19666666666666635,True,0.523,False
100,252,-0.033333333333333215,-0.13999999999999968,0.06666666666666643,0.2066666666666661,True,0.561,False
100,253,-0.033333333333333215,-0.13333333333333375,0.07333333333333325,0.206666666666667,True,0.545,False
100,254,-0.033333333333333215,-0.13333333333333375,0.06675000000000017,0.20008333333333392,True,0.557,False
100,255,-0.033333333333333215,-0.13333333333333375,0.07008333333333315,0.2034166666666669,True,0.5415,False
100,256,-0.033333333333333215,-0.13008333333333397,0.06666666666666643,0.1967500000000004,True,0.5275,False
100,257,-0.033333333333333215,-0.1299999999999999,0.06341666666666722,0.19341666666666713,True,0.5225,False
100,258,-0.033333333333333215,-0.13666666666666674,0.06666666666666732,0.20333333333333406,True,0.5235,False
100,259,-0.033333333333333215,-0.13333333333333375,0.07333333333333414,0.2066666666666679,True,0.527,False
100,260,-0.03333333333333233,-0.13666666666666585,0.0699999999999994,0.20666666666666525,True,0.5545,False
100,261,-0.033333333333333215,-0.13666666666666671,0.0634166666666672,0.20008333333333392,True,0.5425,False
100,262,-0.033333333333333215,-0.12999999999999992,0.070083333333334,0.20008333333333392,True,0.535,False
100,263,-0.033333333333333215,-0.13333333333333375,0.06666666666666732,0.20000000000000107,True,0.5385,False
100,264,-0.0333333333333341,-0.13333333333333375,0.06666666666666643,0.20000000000000018,True,0.5185,False
100,265,-0.033333333333333215,-0.13999999999999968,0.06675000000000017,0.20674999999999985,True,0.5075,False
100,266,-0.03333333333333233,-0.13666666666666671,0.06675000000000017,0.20341666666666688,True,0.5305,False
100,267,-0.0333333333333341,-0.1333333333333329,0.06666666666666646,0.19999999999999934,True,0.537,False
100,268,-0.033333333333333215,-0.1299999999999999,0.06666666666666732,0.1966666666666672,True,0.5355,False
100,269,-0.033333333333333215,-0.13333333333333286,0.06666666666666643,0.1999999999999993,True,0.52,False
100,270,-0.033333333333333215,-0.13341666666666693,0.07000000000000028,0.20341666666666722,True,0.5475,False
100,271,-0.033333333333333215,-0.1299999999999999,0.06666666666666732,0.1966666666666672,True,0.5225,False
100,272,-0.033333333333333215,-0.13333333333333375,0.07000000000000028,0.20333333333333403,True,0.539,False
100,273,-0.033333333333333215,-0.13666666666666671,0.06666666666666732,0.20333333333333403,True,0.5285,False
100,274,-0.033333333333333215,-0.13000000000000078,0.06666666666666646,0.19666666666666724,True,0.553,False
100,275,-0.033333333333333215,-0.13666666666666671,0.06666666666666643,0.20333333333333314,True,0.524,False
100,276,-0.033333333333333215,-0.1367499999999999,0.06999999999999854,0.20674999999999844,True,0.543,False
100,277,-0.033333333333333215,-0.13666666666666671,0.0634166666666672,0.20008333333333392,True,0.541,False
100,278,-0.033333333333333215,-0.12999999999999903,0.06666666666666643,0.19666666666666546,True,0.545,False
100,279,-0.033333333333333215,-0.1299999999999999,0.06666666666666643,0.19666666666666632,True,0.529,False
100,280,-0.033333333333333215,-0.1299999999999999,0.06666666666666643,0.19666666666666632,True,0.518,False
100,281,-0.033333333333333215,-0.13999999999999968,0.06666666666666643,0.2066666666666661,True,0.5255,False
100,282,-0.033333333333333215,-0.13666666666666671,0.06666666666666643,0.20333333333333314,True,0.521,False
100,283,-0.033333333333333215,-0.13000000000000078,0.06666666666666732,0.1966666666666681,True,0.541,False
100,284,-0.033333333333333215,-0.1399999999999997,0.06666666666666643,0.20666666666666614,True,0.535,False
100,285,-0.033333333333333215,-0.13999999999999968,0.06666666666666554,0.20666666666666522,True,0.515,False
100,286,-0.03333333333333233,-0.13333333333333375,0.06666666666666643,0.20000000000000018,True,0.5635,False
100,287,-0.033333333333333215,-0.13666666666666674,0.06999999999999942,0.20666666666666617,True,0.52,False
100,288,-0.033333333333333215,-0.13000000000000078,0.07000000000000028,0.20000000000000107,True,0.514,False
100,289,-0.0333333333333341,-0.13333333333333375,0.06333333333333349,0.19666666666666724,True,0.533,False
100,290,-0.033333333333333215,-0.13333333333333375,0.06666666666666732,0.20000000000000107,True,0.5265,False
100,291,-0.033333333333333215,-0.13333333333333375,0.06333333333333349,0.19666666666666724,True,0.509,False
100,292,-0.033333333333333215,-0.1333333333333329,0.06666666666666643,0.19999999999999932,True,0.527,False
100,293,-0.033333333333333215,-0.13666666666666671,0.06999999999999942,0.20666666666666614,True,0.54,False
100,294,-0.033333333333333215,-0.13666666666666583,0.07333333333333325,0.20999999999999908,True,0.532,False
100,295,-0.033333333333333215,-0.13666666666666671,0.07333333333333325,0.20999999999999996,True,0.521,False
100,296,-0.0333333333333341,-0.13666666666666671,0.0600000000000005,0.1966666666666672,True,0.5325,False
100,297,-0.03333333333333233,-0.13999999999999882,0.06666666666666732,0.20666666666666614,True,0.5235,False
100,298,-0.03333333333333233,-0.13000000000000078,0.06666666666666643,0.1966666666666672,True,0.515,False
100,299,-0.03333333333333233,-0.12999999999999992,0.06666666666666643,0.19666666666666635,True,0.5355,False
100,300,-0.033333333333333215,-0.13333333333333375,0.07000000000000028,0.20333333333333403,True,0.5475,False
100,301,-0.0333333333333341,-0.13333333333333378,0.06675000000000017,0.20008333333333395,True,0.5345,False
100,302,-0.033333333333333215,-0.1334166666666669,0.06675000000000017,0.20016666666666708,True,0.5635,False
100,303,-0.033333333333333215,-0.13333333333333375,0.06666666666666643,0.20000000000000018,True,0.5355,False
100,304,-0.033333333333333215,-0.13333333333333375,0.06341666666666718,0.19675000000000092,True,0.5415,False
100,305,-0.0333333333333341,-0.13333333333333286,0.06666666666666643,0.1999999999999993,True,0.525,False
100,306,-0.033333333333333215,-0.1334166666666669,0.06666666666666643,0.20008333333333334,True,0.5265,False
100,307,-0.033333333333333215,-0.13666666666666585,0.06666666666666646,0.2033333333333323,True,0.524,False
100,308,-0.033333333333333215,-0.1333333333333329,0.06333333333333435,0.19666666666666724,True,0.5335,False
100,309,-0.03333333333333233,-0.1299999999999999,0.06333333333333346,0.19333333333333336,True,0.5255,False
100,310,-0.03333333333333233,-0.1299999999999999,0.0667499999999993,0.1967499999999992,True,0.515,False
100,311,-0.0333333333333341,-0.13999999999999968,0.06008333333333334,0.20008333333333303,True,0.5175,False
100,312,-0.033333333333333215,-0.13333333333333378,0.06008333333333334,0.19341666666666713,True,0.5205,False
100,313,-0.033333333333333215,-0.13333333333333375,0.0633333333333326,0.19666666666666635,True,0.5355,False
100,314,-0.0333333333333341,-0.13000000000000078,0.06341666666666632,0.1934166666666671,True,0.5335,False
100,315,-0.0333333333333341,-0.13666666666666671,0.06666666666666732,0.20333333333333403,True,0.53,False
100,316,-0.0333333333333341,-0.13666666666666674,0.06666666666666643,0.20333333333333317,True,0.527,False
100,317,-0.033333333333333215,-0.13000000000000078,0.06666666666666643,0.1966666666666672,True,0.518,False
100,318,-0.033333333333333215,-0.1334166666666669,0.06341666666666633,0.19683333333333325,True,0.5135,False
100,319,-0.033333333333333215,-0.13000000000000078,0.06666666666666646,0.19666666666666724,True,0.5365,False
100,320,-0.0333333333333341,-0.13666666666666671,0.06675000000000017,0.20341666666666688,True,0.54,False
100,321,-0.033333333333333215,-0.13666666666666674,0.06999999999999942,0.20666666666666617,True,0.5515,False
100,322,-0.033333333333333215,-0.13333333333333375,0.06666666666666643,0.20000000000000018,True,0.497,False
100,323,-0.033333333333333215,-0.13333333333333286,0.06666666666666643,0.1999999999999993,True,0.533,False
100,324,-0.03333333333333233,-0.13666666666666583,0.07000000000000031,0.20666666666666614,True,0.5325,False
100,325,-0.033333333333333215,-0.13333333333333286,0.06333333333333346,0.19666666666666632,True,0.538,False
100,326,-0.033333333333333215,-0.1300833333333348,0.07008333333333315,0.20016666666666794,True,0.5345,False
100,327,-0.033333333333333215,-0.13333333333333375,0.05999999999999961,0.19333333333333336,True,0.5375,False
100,328,-0.033333333333333215,-0.13333333333333375,0.06008333333333334,0.1934166666666671,True,0.545,False
100,329,-0.033333333333333215,-0.13999999999999968,0.07000000000000028,0.20999999999999996,True,0.538,False
100,330,-0.033333333333333215,-0.1299999999999999,0.06666666666666557,0.19666666666666546,True,0.5435,False
100,331,-0.03333333333333233,-0.13333333333333375,0.06333333333333346,0.1966666666666672,True,0.552,False
100,332,-0.03333333333333233,-0.13666666666666671,0.06666666666666732,0.20333333333333403,True,0.5305,False
100,333,-0.03333333333333233,-0.13333333333333375,0.06666666666666643,0.20000000000000018,True,0.552,False
100,334,-0.0333333333333341,-0.13333333333333375,0.06333333333333349,0.19666666666666724,True,0.5345,False
100,335,-0.033333333333333215,-0.13666666666666585,0.07000000000000028,0.20666666666666614,True,0.5445,False
100,336,-0.0333333333333341,-0.13333333333333375,0.06666666666666646,0.2000000000000002,True,0.509,False
100,337,-0.033333333333333215,-0.14008333333333373,0.06666666666666643,0.20675000000000016,True,0.536,False
100,338,-0.033333333333333215,-0.13666666666666671,0.06666666666666643,0.20333333333333314,True,0.512,False
100,339,-0.033333333333333215,-0.1299999999999999,0.0633333333333326,0.1933333333333325,True,0.519,False
100,340,-0.033333333333333215,-0.13675000000000073,0.06666666666666646,0.2034166666666672,True,0.548,False
100,341,-0.03333333333333233,-0.13333333333333375,0.06333333333333346,0.1966666666666672,True,0.532,False
100,342,-0.033333333333333215,-0.1300833333333339,0.06666666666666732,0.19675000000000123,True,0.506,False
100,343,-0.0333333333333341,-0.14333333333333353,0.0699999999999994,0.21333333333333293,True,0.517,False
100,344,-0.03333333333333233,-0.13008333333333483,0.07333333333333325,0.20341666666666808,True,0.519,False
100,345,-0.033333333333333215,-0.1366666666666676,0.07333333333333325,0.21000000000000085,True,0.5545,False
100,346,-0.033333333333333215,-0.13675000000000073,0.07000000000000028,0.20675000000000102,True,0.532,False
100,347,-0.033333333333333215,-0.13666666666666671,0.06666666666666732,0.20333333333333403,True,0.5285,False
100,348,-0.033333333333333215,-0.13666666666666671,0.06666666666666643,0.20333333333333314,True,0.538,False
100,349,-0.033333333333333215,-0.14000000000000057,0.06666666666666732,0.2066666666666679,True,0.5185,False
100,350,-0.0333333333333341,-0.13666666666666671,0.05999999999999963,0.19666666666666635,True,0.523,False
100,351,-0.0333333333333341,-0.13333333333333378,0.0600000000000005,0.19333333333333427,True,0.5465,False
100,352,-0.033333333333333215,-0.13333333333333286,0.06666666666666646,0.19999999999999932,True,0.5355,False
100,353,-0.03333333333333233,-0.13666666666666585,0.0600000000000005,0.19666666666666635,True,0.515,False
100,354,-0.033333333333333215,-0.1299999999999999,0.07000000000000028,0.20000000000000018,True,0.5205,False
100,355,-0.03333333333333233,-0.13341666666666777,0.06666666666666646,0.20008333333333422,True,0.5375,False
100,356,-0.033333333333333215,-0.1299999999999999,0.06666666666666643,0.19666666666666632,True,0.519,False
100,357,-0.0333333333333341,-0.13333333333333464,0.06666666666666643,0.20000000000000107,True,0.515,False
100,358,-0.033333333333333215,-0.13333333333333286,0.06666666666666643,0.1999999999999993,True,0.5195,False
100,359,-0.033333333333333215,-0.13666666666666671,0.06675000000000017,0.20341666666666688,True,0.539,False
100,360,-0.033333333333333215,-0.13666666666666671,0.07000000000000028,0.206666666666667,True,0.5145,False
100,361,-0.033333333333333215,-0.13666666666666671,0.07000000000000028,0.206666666666667,True,0.541,False
100,362,-0.033333333333333215,-0.1299999999999999,0.06333333333333349,0.19333333333333338,True,0.517,False
100,363,-0.033333333333333215,-0.13000000000000078,0.07000000000000028,0.20000000000000107,True,0.537,False
100,364,-0.033333333333333215,-0.1333333333333329,0.06666666666666643,0.19999999999999932,True,0.543,False
100,365,-0.033333333333333215,-0.13666666666666671,0.0699999999999994,0.2066666666666661,True,0.534,False
100,366,-0.03333333333333233,-0.13333333333333286,0.06666666666666643,0.1999999999999993,True,0.538,False
100,367,-0.0333333333333341,-0.13999999999999968,0.07000000000000028,0.20999999999999996,True,0.523,False
100,368,-0.033333333333333215,-0.13333333333333375,0.06666666666666732,0.20000000000000107,True,0.555,False
100,369,-0.033333333333333215,-0.13333333333333375,0.06666666666666732,0.20000000000000107,True,0.5595,False
100,370,-0.033333333333333215,-0.1334166666666669,0.07333333333333325,0.20675000000000016,True,0.5545,False
100,371,-0.03333333333333233,-0.13666666666666671,0.06333333333333346,0.20000000000000018,True,0.5195,False
100,372,-0.03333333333333233,-0.1299999999999999,0.06333333333333346,0.19333333333333336,True,0.555,False
100,373,-0.033333333333333215,-0.13666666666666674,0.06666666666666735,0.2033333333333341,True,0.53,False
100,374,-0.03333333333333233,-0.13666666666666674,0.06341666666666718,0.20008333333333392,True,0.5295,False
100,375,-0.03333333333333233,-0.13333333333333375,0.07333333333333325,0.206666666666667,True,0.555,False
100,376,-0.03333333333333233,-0.13333333333333286,0.0633333333333326,0.19666666666666546,True,0.5495,False
100,377,-0.03333333333333233,-0.13675000000000076,0.06666666666666732,0.20341666666666808,True,0.524,False
100,378,-0.033333333333333215,-0.1333333333333329,0.06666666666666732,0.2000000000000002,True,0.54,False
100,379,-0.033333333333333215,-0.1300833333333339,0.06666666666666732,0.19675000000000123,True,0.524,False
100,380,-0.033333333333333215,-0.133333333333332,0.06333333333333346,0.19666666666666546,True,0.554,False
100,381,-0.0333333333333341,-0.13666666666666671,0.06666666666666732,0.20333333333333403,True,0.5165,False
100,382,-0.033333333333333215,-0.13000000000000078,0.07000000000000028,0.20000000000000107,True,0.531,False
100,383,-0.033333333333333215,-0.12666666666666693,0.06666666666666643,0.19333333333333336,True,0.531,False
100,384,-0.033333333333333215,-0.13333333333333375,0.06333333333333346,0.1966666666666672,True,0.5305,False
100,385,-0.033333333333333215,-0.12999999999999992,0.06666666666666646,0.19666666666666638,True,0.536,False
100,386,-0.033333333333333215,-0.13008333333333397,0.06666666666666732,0.19675000000000128,True,0.548,False
100,387,-0.033333333333333215,-0.13333333333333375,0.05999999999999963,0.19333333333333338,True,0.5235,False
100,388,-0.033333333333333215,-0.13666666666666674,0.07000000000000028,0.20666666666666703,True,0.5345,False
100,389,-0.033333333333333215,-0.1299999999999999,0.0699999999999994,0.1999999999999993,True,0.5345,False
100,390,-0.033333333333333215,-0.13666666666666671,0.06666666666666732,0.20333333333333403,True,0.524,False
100,391,-0.033333333333333215,-0.13333333333333375,0.0633333333333326,0.19666666666666635,True,0.5285,False
100,392,-0.033333333333333215,-0.1300833333333348,0.07000000000000028,0.20008333333333508,True,0.526,False
100,393,-0.033333333333333215,-0.1366666666666676,0.06666666666666643,0.20333333333333403,True,0.5305,False
100,394,-0.033333333333333215,-0.1299999999999999,0.07000000000000028,0.20000000000000018,True,0.5225,False
100,395,-0.033333333333333215,-0.1299999999999999,0.06675000000000017,0.19675000000000006,True,0.5265,False
100,396,-0.033333333333333215,-0.13333333333333378,0.06666666666666643,0.2000000000000002,True,0.5265,False
100,397,-0.033333333333333215,-0.1333333333333329,0.06666666666666732,0.2000000000000002,True,0.5425,False
100,398,-0.033333333333333215,-0.1366666666666676,0.06341666666666718,0.20008333333333478,True,0.538,False
100,399,-0.033333333333333215,-0.1299999999999999,0.06666666666666643,0.19666666666666632,True,0.51,False
100,400,-0.033333333333333215,-0.13000000000000078,0.07000000000000028,0.20000000000000107,True,0.5445,False
100,401,-0.033333333333333215,-0.13666666666666674,0.06333333333333346,0.2000000000000002,True,0.529,False
100,402,-0.033333333333333215,-0.13333333333333378,0.06333333333333435,0.19666666666666813,True,0.536,False
100,403,-0.033333333333333215,-0.13666666666666671,0.06666666666666732,0.20333333333333403,True,0.543,False
100,404,-0.033333333333333215,-0.1300833333333339,0.06666666666666732,0.19675000000000123,True,0.5135,False
100,405,-0.03333333333333233,-0.13666666666666585,0.05999999999999874,0.1966666666666646,True,0.535,False
100,406,-0.033333333333333215,-0.13000000000000078,0.06333333333333349,0.19333333333333427,True,0.55,False
100,407,-0.0333333333333341,-0.12999999999999992,0.06666666666666732,0.19666666666666724,True,0.5565,False
100,408,-0.033333333333333215,-0.13333333333333286,0.0699999999999994,0.20333333333333226,True,0.523,False
100,409,-0.033333333333333215,-0.13666666666666671,0.06666666666666643,0.20333333333333314,True,0.5575,False
100,410,-0.033333333333333215,-0.13666666666666671,0.06333333333333346,0.20000000000000018,True,0.56,False
100,411,-0.0333333333333341,-0.13008333333333394,0.06666666666666643,0.19675000000000037,True,0.547,False
100,412,-0.0333333333333341,-0.1299999999999999,0.0667499999999993,0.1967499999999992,True,0.53,False
100,413,-0.03333333333333233,-0.13999999999999968,0.06333333333333349,0.20333333333333317,True,0.531,False
100,414,-0.0333333333333341,-0.1299999999999999,0.06333333333333346,0.19333333333333336,True,0.5225,False
100,415,-0.0333333333333341,-0.13000000000000078,0.06666666666666646,0.19666666666666724,True,0.533,False
100,416,-0.033333333333333215,-0.1300833333333339,0.06675000000000018,0.19683333333333408,True,0.517,False
100,417,-0.033333333333333215,-0.13333333333333286,0.06666666666666732,0.20000000000000018,True,0.5285,False
100,418,-0.03333333333333499,-0.13008333333333394,0.05999999999999963,0.19008333333333358,True,0.5215,False
100,419,-0.033333333333333215,-0.1333333333333329,0.07000000000000028,0.20333333333333317,True,0.542,False
100,420,-0.033333333333333215,-0.1333333333333329,0.06333333333333349,0.19666666666666638,True,0.5285,False
100,421,-0.033333333333333215,-0.13666666666666671,0.06666666666666643,0.20333333333333314,True,0.5325,False
100,422,-0.033333333333333215,-0.13008333333333394,0.06666666666666643,0.19675000000000037,True,0.529,False
100,423,-0.03333333333333233,-0.14008333333333373,0.07333333333333325,0.21341666666666698,True,0.518,False
100,424,-0.033333333333333215,-0.129999999999999,0.06333333333333346,0.19333333333333247,True,0.537,False
100,425,-0.0333333333333341,-0.14000000000000057,0.0634166666666672,0.20341666666666777,True,0.5645,False
100,426,-0.033333333333333215,-0.1333333333333329,0.06666666666666732,0.2000000000000002,True,0.55,False
100,427,-0.03333333333333233,-0.13333333333333375,0.06333333333333346,0.1966666666666672,True,0.5445,False
100,428,-0.033333333333333215,-0.13000000000000078,0.06333333333333258,0.19333333333333336,True,0.5105,False
100,429,-0.033333333333333215,-0.1299999999999999,0.06666666666666732,0.1966666666666672,True,0.534,False
100,430,-0.033333333333333215,-0.1334166666666669,0.07008333333333314,0.20350000000000004,True,0.522,False
100,431,-0.0333333333333341,-0.13341666666666693,0.0699999999999994,0.20341666666666633,True,0.5375,False
100,432,-0.033333333333333215,-0.13666666666666583,0.07000000000000028,0.2066666666666661,True,0.533,False
100,433,-0.033333333333333215,-0.13000000000000078,0.07000000000000031,0.2000000000000011,True,0.5425,False
100,434,-0.033333333333333215,-0.12999999999999903,0.06341666666666633,0.19341666666666535,True,0.5475,False
100,435,-0.033333333333333215,-0.13666666666666671,0.06666666666666643,0.20333333333333314,True,0.5135,False
100,436,-0.033333333333333215,-0.13666666666666671,0.06333333333333346,0.20000000000000018,True,0.524,False
100,437,-0.033333333333333215,-0.1366666666666676,0.06333333333333346,0.20000000000000107,True,0.5175,False
100,438,-0.033333333333333215,-0.13666666666666583,0.06666666666666643,0.20333333333333226,True,0.525,False
100,439,-0.0333333333333341,-0.13000000000000078,0.06333333333333346,0.19333333333333425,True,0.528,False
100,440,-0.033333333333333215,-0.13666666666666585,0.07000000000000028,0.20666666666666614,True,0.5495,False
100,441,-0.033333333333333215,-0.13666666666666671,0.06999999999999942,0.20666666666666614,True,0.518,False
100,442,-0.033333333333333215,-0.13666666666666583,0.0634166666666672,0.20008333333333303,True,0.545,False
100,443,-0.033333333333333215,-0.1299999999999999,0.0699999999999994,0.1999999999999993,True,0.5185,False
100,444,-0.03333333333333499,-0.14000000000000057,0.06666666666666643,0.206666666666667,True,0.5345,False
100,445,-0.033333333333333215,-0.1366666666666676,0.06666666666666646,0.20333333333333406,True,0.512,False
100,446,-0.033333333333333215,-0.13999999999999968,0.07000000000000028,0.20999999999999996,True,0.5365,False
100,447,-0.03333333333333233,-0.13666666666666671,0.06666666666666643,0.20333333333333314,True,0.5285,False
100,448,-0.0333333333333341,-0.13333333333333375,0.07333333333333328,0.20666666666666703,True,0.5475,False
100,449,-0.033333333333333215,-0.1299999999999999,0.06333333333333346,0.19333333333333336,True,0.5135,False
100,450,-0.033333333333333215,-0.13333333333333375,0.07000000000000028,0.20333333333333403,True,0.53,False
100,451,-0.033333333333333215,-0.13333333333333375,0.06666666666666732,0.20000000000000107,True,0.5395,False
100,452,-0.0333333333333341,-0.13675000000000073,0.0634166666666672,0.20016666666666794,True,0.5235,False
100,453,-0.033333333333333215,-0.13675000000000073,0.06675000000000017,0.2035000000000009,True,0.5345,False
100,454,-0.0333333333333341,-0.13333333333333286,0.06666666666666643,0.1999999999999993,True,0.515,False
100,455,-0.033333333333333215,-0.12999999999999992,0.06666666666666643,0.19666666666666635,True,0.551,False
100,456,-0.033333333333333215,-0.13333333333333375,0.06666666666666643,0.20000000000000018,True,0.514,False
100,457,-0.0333333333333341,-0.1334166666666669,0.07000000000000028,0.2034166666666672,True,0.509,False
100,458,-0.0333333333333341,-0.13666666666666671,0.06666666666666643,0.20333333333333314,True,0.54,False
100,459,-0.033333333333333215,-0.13000000000000078,0.06333333333333346,0.19333333333333425,True,0.532,False
100,460,-0.033333333333333215,-0.1299999999999999,0.06674999999999932,0.1967499999999992,True,0.524,False
100,461,-0.03333333333333233,-0.13666666666666671,0.06666666666666732,0.20333333333333403,True,0.4975,False
100,462,-0.033333333333333215,-0.13675000000000076,0.06666666666666643,0.2034166666666672,True,0.5385,False
100,463,-0.033333333333333215,-0.1333333333333329,0.06341666666666718,0.19675000000000006,True,0.5455,False
100,464,-0.0333333333333341,-0.13333333333333286,0.06333333333333346,0.19666666666666632,True,0.5285,False
100,465,-0.033333333333333215,-0.1366666666666676,0.07000000000000028,0.2066666666666679,True,0.5265,False
100,466,-0.033333333333333215,-0.13666666666666671,0.06333333333333349,0.2000000000000002,True,0.517,False
100,467,-0.033333333333333215,-0.1299999999999999,0.0699999999999994,0.1999999999999993,True,0.5365,False
100,468,-0.033333333333333215,-0.13333333333333378,0.07000000000000031,0.2033333333333341,True,0.5255,False
100,469,-0.033333333333333215,-0.13333333333333286,0.07333333333333325,0.2066666666666661,True,0.5215,False
100,470,-0.0333333333333341,-0.1299999999999999,0.06333333333333346,0.19333333333333336,True,0.5435,False
100,471,-0.033333333333333215,-0.1333333333333329,0.06666666666666732,0.2000000000000002,True,0.5295,False
100,472,-0.033333333333333215,-0.12666666666666693,0.06666666666666732,0.19333333333333425,True,0.5185,False
100,473,-0.03333333333333233,-0.13008333333333394,0.0699999999999994,0.20008333333333334,True,0.528,False
100,474,-0.033333333333333215,-0.13666666666666671,0.06666666666666643,0.20333333333333314,True,0.5055,False
100,475,-0.0333333333333341,-0.14000000000000057,0.06666666666666732,0.2066666666666679,True,0.519,False
100,476,-0.033333333333333215,-0.13333333333333375,0.06666666666666732,0.20000000000000107,True,0.5005,False
100,477,-0.033333333333333215,-0.13333333333333286,0.06333333333333349,0.19666666666666635,True,0.5155,False
100,478,-0.033333333333333215,-0.1334166666666669,0.07333333333333414,0.20675000000000104,True,0.541,False
100,479,-0.0333333333333341,-0.13666666666666763,0.06333333333333346,0.2000000000000011,True,0.5195,False
100,480,-0.033333333333333215,-0.14008333333333373,0.0633333333333326,0.20341666666666633,True,0.52,False
100,481,-0.033333333333333215,-0.13666666666666674,0.07000000000000028,0.20666666666666703,True,0.5065,False
100,482,-0.0333333333333341,-0.12999999999999992,0.07333333333333328,0.2033333333333332,True,0.5205,False
100,483,-0.033333333333333215,-0.13333333333333375,0.06999999999999942,0.20333333333333317,True,0.5615,False
100,484,-0.033333333333333215,-0.13333333333333286,0.06666666666666646,0.19999999999999932,True,0.5385,False
100,485,-0.033333333333333215,-0.13666666666666671,0.06333333333333349,0.2000000000000002,True,0.5375,False
100,486,-0.033333333333333215,-0.1299999999999999,0.06675000000000017,0.19675000000000006,True,0.5325,False
100,487,-0.033333333333333215,-0.12999999999999992,0.06666666666666732,0.19666666666666724,True,0.541,False
100,488,-0.0333333333333341,-0.13666666666666585,0.06333333333333258,0.19999999999999843,True,0.5295,False
100,489,-0.033333333333333215,-0.13666666666666583,0.06341666666666718,0.200083333333333,True,0.516,False
100,490,-0.033333333333333215,-0.13333333333333375,0.0600000000000005,0.19333333333333425,True,0.511,False
100,491,-0.033333333333333215,-0.14333333333333267,0.06666666666666643,0.2099999999999991,True,0.535,False
100,492,-0.0333333333333341,-0.1333333333333329,0.07333333333333325,0.20666666666666614,True,0.523,False
100,493,-0.0333333333333341,-0.13333333333333375,0.0699999999999994,0.20333333333333314,True,0.537,False
100,494,-0.033333333333333215,-0.13333333333333375,0.06675000000000017,0.20008333333333392,True,0.515,False
100,495,-0.03333333333333233,-0.13333333333333375,0.06666666666666646,0.2000000000000002,True,0.502,False
100,496,-0.0333333333333341,-0.13333333333333375,0.06666666666666732,0.20000000000000107,True,0.536,False
100,497,-0.0333333333333341,-0.13666666666666585,0.06999999999999942,0.20666666666666528,True,0.495,False
100,498,-0.03333333333333233,-0.13333333333333375,0.06675000000000017,0.20008333333333392,True,0.506,False
100,499,-0.033333333333333215,-0.13666666666666585,0.06341666666666632,0.20008333333333217,True,0.535,False
