sample_size,trial,point_estimate,ci_lower,ci_upper,ci_width,contains_full_sample_estimate,p_value,significant_at_05
25,0,-0.6000000000000001,-0.9733333333333332,-0.21333333333333293,0.7600000000000002,True,0.0045,True
25,1,-0.6133333333333328,-0.96,-0.28000000000000025,0.6799999999999997,True,0.0015,True
25,2,-0.31999999999999984,-0.7066666666666666,0.09366666666666565,0.8003333333333322,True,0.151,False
25,3,-0.5599999999999996,-0.9069999999999999,-0.1999999999999993,0.7070000000000006,True,0.008,True
25,4,-0.14666666666666694,-0.5599999999999992,0.2666666666666657,0.8266666666666649,True,0.509,False
25,5,-0.3999999999999999,-0.733666666666667,-0.026666666666666394,0.7070000000000006,True,0.0455,True
25,6,-0.1466666666666665,-0.6666666666666656,0.38666666666666627,1.053333333333332,True,0.613,False
25,7,-0.28000000000000025,-0.6533333333333329,0.11999999999999966,0.7733333333333325,True,0.1625,False
25,8,-0.23999999999999977,-0.6000000000000001,0.1333333333333333,0.7333333333333334,True,0.233,False
25,9,-0.23999999999999932,-0.5333333333333328,0.0533333333333337,0.5866666666666664,True,0.147,False
25,10,-0.5466666666666669,-0.8000000000000003,-0.29333333333333345,0.5066666666666668,True,0.0005,True
25,11,-0.11999999999999922,-0.4533333333333327,0.2403333333333317,0.6936666666666644,True,0.5835,False
25,12,-0.41333333333333444,-0.9066666666666672,0.10666666666666735,1.0133333333333345,True,0.1305,False
25,13,-0.3733333333333322,-0.7466666666666666,-0.013333333333332753,0.7333333333333338,True,0.072,False
25,14,-0.5200000000000005,-0.8666666666666658,-0.1599999999999997,0.7066666666666661,True,0.009,True
25,15,-0.2799999999999998,-0.7333333333333338,0.17333333333333337,0.9066666666666672,True,0.22,False
25,16,-0.30666666666666664,-0.706666666666667,0.09333333333333285,0.7999999999999998,True,0.1705,False
25,17,-0.22666666666666568,-0.6533333333333338,0.18666666666666654,0.8400000000000003,True,0.2755,False
25,18,-0.5200000000000005,-0.8666666666666671,-0.1999999999999993,0.6666666666666679,True,0.005,True
25,19,-0.3733333333333335,-0.7866666666666666,0.040000000000000036,0.8266666666666667,True,0.1065,False
25,20,-0.40000000000000036,-0.760333333333333,-0.013333333333333641,0.7469999999999993,True,0.0545,False
25,21,-0.21333333333333382,-0.5466666666666664,0.1200000000000001,0.6666666666666665,True,0.2615,False
25,22,-0.3466666666666671,-0.626666666666666,-0.07999999999999961,0.5466666666666664,True,0.031,True
25,23,-0.4933333333333332,-0.9203333333333336,-0.026666666666666373,0.8936666666666672,True,0.045,True
25,24,-0.3866666666666667,-0.6933333333333329,-0.1330000000000014,0.5603333333333316,True,0.0135,True
25,25,-0.3600000000000003,-0.7466666666666666,0.026666666666667282,0.7733333333333339,True,0.0965,False
25,26,-0.31999999999999984,-0.6933333333333329,0.08000000000000007,0.773333333333333,True,0.1545,False
25,27,-0.21333333333333337,-0.6133333333333333,0.17366666666666528,0.7869999999999986,True,0.3175,False
25,28,-0.4933333333333332,-0.9733333333333336,0.026666666666666394,1.0,True,0.068,False
25,29,-0.08000000000000007,-0.52,0.3866666666666667,0.9066666666666667,True,0.7275,False
25,30,-0.4533333333333336,-0.8666666666666671,-0.04000000000000002,0.8266666666666671,True,0.0635,False
25,31,-0.22666666666666568,-0.5333333333333337,0.09366666666666522,0.6269999999999989,True,0.221,False
25,32,-0.2533333333333325,-0.6400000000000001,0.09333333333333371,0.7333333333333338,True,0.2145,False
25,33,-0.46666666666666545,-0.8399999999999994,-0.10666666666666734,0.7333333333333321,True,0.0235,True
25,34,-0.08000000000000007,-0.5066666666666673,0.3869999999999986,0.8936666666666659,True,0.7345,False
25,35,-0.4533333333333327,-0.8399999999999994,-0.08000000000000007,0.7599999999999993,True,0.023,True
25,36,-0.05333333333333368,-0.3866666666666667,0.306999999999999,0.6936666666666658,False,0.792,False
25,37,-0.38666666666666627,-0.7066666666666666,-0.06666666666666643,0.6400000000000001,True,0.027,True
25,38,-0.34666666666666623,-0.8133333333333339,0.11999999999999966,0.9333333333333336,True,0.1635,False
25,39,-0.2933333333333339,-0.7466666666666666,0.1866666666666661,0.9333333333333327,True,0.257,False
25,40,-0.586666666666666,-0.9466666666666663,-0.22666666666666702,0.7199999999999993,True,0.0075,True
25,41,-0.11999999999999966,-0.5066666666666668,0.293333333333333,0.7999999999999998,True,0.6185,False
25,42,-0.45333333333333403,-0.9066666666666663,0.02666666666666684,0.9333333333333331,True,0.0805,False
25,43,-0.4266666666666663,-0.733333333333333,-0.10666666666666644,0.6266666666666665,True,0.0255,True
25,44,-0.5599999999999992,-0.839999999999999,-0.2799999999999998,0.5599999999999992,True,0.0015,True
25,45,-0.31999999999999984,-0.746666666666667,0.08000000000000007,0.8266666666666671,True,0.1675,False
25,46,-0.16000000000000014,-0.46666666666666723,0.16000000000000014,0.6266666666666674,True,0.3535,False
25,47,-0.45333333333333314,-0.8266666666666667,-0.09333333333333371,0.733333333333333,True,0.021,True
25,48,-0.7866666666666662,-1.1733333333333338,-0.3733333333333335,0.8000000000000003,True,0.001,True
25,49,-0.3733333333333322,-0.8266666666666662,0.13333333333333375,0.96,True,0.1685,False
25,50,-0.22666666666666613,-0.6400000000000001,0.17333333333333378,0.8133333333333339,True,0.344,False
25,51,-0.7199999999999989,-1.1333333333333337,-0.33333333333333304,0.8000000000000007,True,0.004,True
25,52,-0.4933333333333336,-0.9333333333333327,-0.08000000000000007,0.8533333333333326,True,0.0385,True
25,53,-0.23999999999999977,-0.6266666666666669,0.17333333333333378,0.8000000000000007,True,0.2985,False
25,54,-0.38666666666666627,-0.7066666666666666,-0.026666666666666394,0.6800000000000002,True,0.0495,True
25,55,-0.38666666666666627,-0.7999999999999998,0.040000000000000036,0.8399999999999999,True,0.0705,False
25,56,-0.48,-0.8936666666666667,-0.05333333333333366,0.840333333333333,True,0.0505,False
25,57,-0.25333333333333385,-0.5600000000000005,0.09333333333333371,0.6533333333333342,True,0.1935,False
25,58,-0.3066666666666662,-0.6000000000000005,0.04000000000000005,0.6400000000000006,True,0.095,False
25,59,-0.18666666666666742,-0.5333333333333332,0.1733333333333329,0.7066666666666661,True,0.328,False
25,60,-0.21333333333333337,-0.5600000000000005,0.1599999999999997,0.7200000000000002,True,0.3095,False
25,61,-0.6933333333333334,-1.08,-0.28000000000000025,0.7999999999999998,True,0.0065,True
25,62,-0.2933333333333339,-0.5733333333333341,-0.013333333333333619,0.5600000000000005,True,0.0635,False
25,63,-0.1466666666666665,-0.4933333333333332,0.13333333333333375,0.6266666666666669,True,0.4245,False
25,64,-0.25333333333333297,-0.4933333333333336,0.0,0.4933333333333336,True,0.063,False
25,65,-0.6399999999999997,-0.893333333333334,-0.38633333333333436,0.5069999999999997,True,0.0,True
25,66,-0.39999999999999947,-0.7999999999999998,0.013333333333333208,0.813333333333333,True,0.0935,False
25,67,-0.23999999999999888,-0.6399999999999992,0.13333333333333375,0.773333333333333,True,0.2555,False
25,68,-0.43999999999999995,-0.7600000000000002,-0.1333333333333333,0.6266666666666669,True,0.018,True
25,69,-0.6666666666666665,-1.1333333333333337,-0.23999999999999977,0.893333333333334,True,0.005,True
25,70,-0.10666666666666602,-0.5066666666666659,0.26666666666666705,0.773333333333333,True,0.652,False
25,71,-0.6399999999999997,-0.9870000000000004,-0.26666666666666616,0.7203333333333343,True,0.0035,True
25,72,-0.4800000000000004,-0.8933333333333326,-0.06666666666666643,0.8266666666666662,True,0.039,True
25,73,-0.45333333333333226,-0.8803333333333335,-0.026333333333334027,0.8539999999999995,True,0.072,False
25,74,-0.3600000000000003,-0.6666666666666665,-0.06666666666666643,0.6000000000000001,True,0.0415,True
25,75,-0.31999999999999984,-0.7066666666666661,0.08033333333333242,0.7869999999999986,True,0.1405,False
25,76,-0.5866666666666673,-0.9336666666666668,-0.26633333333333514,0.6673333333333316,True,0.001,True
25,77,-0.45333333333333314,-0.853333333333333,-0.06666666666666732,0.7866666666666657,True,0.0455,True
25,78,-0.8266666666666671,-1.2533333333333334,-0.3733333333333331,0.8800000000000003,True,0.0005,True
25,79,-0.4933333333333336,-0.8933333333333335,-0.10666666666666645,0.7866666666666671,True,0.026,True
25,80,-0.15999999999999925,-0.5466666666666664,0.21366666666666573,0.7603333333333322,True,0.436,False
25,81,-0.4933333333333332,-0.8666666666666658,-0.0796666666666677,0.7869999999999981,True,0.032,True
25,82,-0.6000000000000001,-0.96,-0.23999999999999977,0.7200000000000002,True,0.003,True
25,83,-0.7066666666666666,-0.9866666666666664,-0.45333333333333314,0.5333333333333332,False,0.0,True
25,84,-0.3999999999999999,-0.7599999999999998,-0.013333333333333641,0.7466666666666661,True,0.0775,False
25,85,-0.48,-0.8803333333333335,-0.10666666666666647,0.7736666666666671,True,0.026,True
25,86,-0.43999999999999906,-0.8133333333333339,-0.06666666666666643,0.7466666666666675,True,0.0355,True
25,87,-0.2400000000000002,-0.6266666666666669,0.120000000000001,0.7466666666666679,True,0.2555,False
25,88,-0.4666666666666668,-0.8133333333333335,-0.1200000000000001,0.6933333333333334,True,0.0115,True
25,89,-0.5466666666666664,-0.9999999999999996,-0.09333333333333457,0.906666666666665,True,0.0235,True
25,90,-0.5733333333333328,-0.947,-0.19999999999999973,0.7470000000000002,True,0.0055,True
25,91,-0.4666666666666668,-0.8533333333333322,-0.06666666666666643,0.7866666666666657,True,0.0255,True
25,92,-0.7599999999999993,-1.1733333333333338,-0.3200000000000003,0.8533333333333335,True,0.0025,True
25,93,-0.4533333333333336,-0.8400000000000007,-0.040000000000000036,0.8000000000000007,True,0.0315,True
25,94,-0.5466666666666669,-0.9199999999999999,-0.23999999999999977,0.6800000000000002,True,0.004,True
25,95,-0.5466666666666669,-0.9466666666666672,-0.12000000000000009,0.8266666666666671,True,0.022,True
25,96,-0.4266666666666672,-0.7733333333333334,-0.040000000000000036,0.7333333333333334,True,0.0375,True
25,97,-0.5333333333333345,-0.9199999999999999,-0.14633333333333415,0.7736666666666658,True,0.0155,True
25,98,-0.5733333333333333,-1.000333333333333,-0.08000000000000052,0.9203333333333326,True,0.021,True
25,99,-0.38666666666666627,-0.7599999999999993,-0.040000000000000036,0.7199999999999993,True,0.066,False
25,100,-0.56,-0.9466666666666672,-0.13333333333333375,0.8133333333333335,True,0.014,True
25,101,-0.5466666666666669,-0.9733333333333336,-0.16000000000000014,0.8133333333333335,True,0.0215,True
25,102,-0.3466666666666671,-0.7066666666666661,0.02666666666666685,0.733333333333333,True,0.088,False
25,103,-8.881784197001252e-16,-0.3733333333333322,0.4133333333333331,0.7866666666666653,False,0.9905,False
25,104,-0.3066666666666662,-0.5999999999999988,-0.026666666666666394,0.5733333333333324,True,0.0565,False
25,105,-0.1733333333333329,-0.5333333333333332,0.21333333333333293,0.7466666666666661,True,0.3815,False
25,106,-0.20000000000000018,-0.6133333333333337,0.21333333333333382,0.8266666666666675,True,0.3905,False
25,107,-0.5866666666666669,-1.026666666666666,-0.14666666666666606,0.8799999999999999,True,0.015,True
25,108,-0.45333333333333314,-0.7999999999999998,-0.17300000000000096,0.6269999999999989,True,0.0105,True
25,109,-0.3199999999999994,-0.7333333333333338,0.05333333333333368,0.7866666666666675,True,0.172,False
25,110,-0.6533333333333333,-0.9999999999999996,-0.33333333333333304,0.6666666666666665,True,0.0005,True
25,111,-0.2799999999999998,-0.6400000000000001,0.12033333333333247,0.7603333333333326,True,0.2115,False
25,112,-0.23999999999999932,-0.6533333333333333,0.14666666666666653,0.7999999999999998,True,0.267,False
25,113,-0.31999999999999984,-0.706666666666667,0.040000000000000036,0.746666666666667,True,0.122,False
25,114,-0.10666666666666647,-0.4666666666666668,0.2800000000000007,0.7466666666666675,True,0.6515,False
25,115,-0.4666666666666668,-0.8266666666666671,-0.040000000000000036,0.7866666666666671,True,0.026,True
25,116,-0.2400000000000002,-0.706666666666667,0.24000000000000066,0.9466666666666677,True,0.3715,False
25,117,-0.3466666666666671,-0.6933333333333329,0.013333333333333652,0.7066666666666666,True,0.087,False
25,118,-0.15999999999999925,-0.44000000000000045,0.1469999999999993,0.5869999999999997,True,0.363,False
25,119,-0.13333333333333286,-0.5733333333333337,0.3199999999999994,0.8933333333333331,True,0.605,False
25,120,-0.4133333333333322,-0.8400000000000007,0.0003333333333323769,0.8403333333333332,True,0.087,False
25,121,-0.32000000000000073,-0.6399999999999997,-0.026666666666665506,0.6133333333333342,True,0.0685,False
25,122,-0.43999999999999995,-0.7466666666666661,-0.17333333333333464,0.5733333333333315,True,0.012,True
25,123,-0.38666666666666627,-0.733333333333333,-0.026666666666666373,0.7066666666666666,True,0.0545,False
25,124,-0.2799999999999998,-0.6266666666666669,0.06666666666666732,0.6933333333333342,True,0.1555,False
25,125,-0.7200000000000006,-1.12,-0.34666666666666623,0.7733333333333339,True,0.002,True
25,126,-0.30666666666666575,-0.7733333333333325,0.1333333333333333,0.9066666666666658,True,0.217,False
25,127,-0.6000000000000001,-1.0133333333333336,-0.20000000000000018,0.8133333333333335,True,0.008,True
25,128,-0.3200000000000003,-0.6800000000000002,0.10666666666666604,0.7866666666666662,True,0.1385,False
25,129,-0.4133333333333331,-0.9200000000000004,0.10666666666666737,1.0266666666666677,True,0.143,False
25,130,-0.16000000000000014,-0.5333333333333337,0.22666666666666657,0.7600000000000002,True,0.4495,False
25,131,-0.34666666666666623,-0.733333333333333,0.0403333333333324,0.7736666666666654,True,0.113,False
25,132,-0.31999999999999984,-0.6533333333333333,0.0,0.6533333333333333,True,0.0675,False
25,133,-0.2799999999999998,-0.7199999999999998,0.17333333333333378,0.8933333333333335,True,0.237,False
25,134,-0.706666666666667,-1.1066666666666665,-0.3333333333333326,0.7733333333333339,True,0.0005,True
25,135,-0.4666666666666659,-0.8933333333333322,-0.040000000000000466,0.8533333333333317,True,0.051,False
25,136,-0.41333333333333355,-0.7203333333333329,-0.1200000000000001,0.6003333333333328,True,0.0165,True
25,137,-0.6000000000000005,-1.0399999999999991,-0.17333333333333423,0.8666666666666649,True,0.016,True
25,138,-0.17333333333333334,-0.5066666666666659,0.18699999999999847,0.6936666666666644,True,0.3495,False
25,139,-0.1733333333333329,-0.4933333333333323,0.17333333333333334,0.6666666666666656,True,0.3555,False
25,140,-0.6400000000000001,-1.0799999999999996,-0.21333333333333382,0.8666666666666658,True,0.0085,True
25,141,-0.4399999999999995,-0.839999999999999,-0.06666666666666729,0.7733333333333317,True,0.043,True
25,142,-0.6933333333333334,-1.1066666666666665,-0.2533333333333334,0.853333333333333,True,0.004,True
25,143,-0.4933333333333336,-0.853333333333333,-0.1333333333333333,0.7199999999999998,True,0.013,True
25,144,-0.3466666666666667,-0.7066666666666661,0.013333333333333652,0.7199999999999998,True,0.0835,False
25,145,-0.5199999999999996,-0.8536666666666676,-0.17333333333333378,0.6803333333333338,True,0.0105,True
25,146,-0.49333333333333407,-0.9466666666666659,-0.04000000000000091,0.906666666666665,True,0.0525,False
25,147,-0.5066666666666659,-0.8800000000000003,-0.1466666666666656,0.7333333333333347,True,0.0185,True
25,148,-0.4266666666666672,-0.7733333333333325,-0.13333333333333375,0.6399999999999988,True,0.0145,True
25,149,-0.6800000000000006,-1.0666666666666664,-0.2933333333333348,0.7733333333333317,True,0.0025,True
25,150,-0.5333333333333328,-0.9333333333333336,-0.1599999999999997,0.7733333333333339,True,0.016,True
25,151,-0.43999999999999995,-0.8000000000000003,-0.06666666666666687,0.7333333333333334,True,0.0375,True
25,152,-0.4933333333333336,-0.8266666666666667,-0.14666666666666783,0.6799999999999988,True,0.0165,True
25,153,-0.2400000000000002,-0.56,0.10666666666666735,0.6666666666666674,True,0.2165,False
25,154,-0.18666666666666698,-0.5336666666666673,0.1333333333333329,0.6670000000000001,True,0.325,False
25,155,-0.2400000000000002,-0.6666666666666661,0.18666666666666742,0.8533333333333335,True,0.3135,False
25,156,-0.3599999999999999,-0.7866666666666662,0.07999999999999964,0.8666666666666658,True,0.138,False
25,157,-0.1599999999999997,-0.6399999999999997,0.29366666666666497,0.9336666666666646,True,0.5015,False
25,158,-0.6133333333333333,-1.0399999999999996,-0.22666666666666657,0.813333333333333,True,0.0075,True
25,159,-0.49333333333333274,-0.8533333333333335,-0.10666666666666691,0.7466666666666666,True,0.0155,True
25,160,-0.4399999999999995,-0.8669999999999999,0.0,0.8669999999999999,True,0.075,False
25,161,-0.10666666666666558,-0.5200000000000005,0.31999999999999984,0.8400000000000003,True,0.631,False
25,162,-0.3600000000000003,-0.7600000000000007,0.06666666666666643,0.8266666666666671,True,0.1285,False
25,163,-0.6933333333333334,-1.0266666666666673,-0.3466666666666667,0.6800000000000006,True,0.0005,True
25,164,-0.28000000000000025,-0.6266666666666669,0.06666666666666643,0.6933333333333334,True,0.153,False
25,165,-0.09333333333333327,-0.46666666666666723,0.293333333333333,0.7600000000000002,True,0.6785,False
25,166,-0.3733333333333335,-0.7333333333333343,0.039999999999999605,0.7733333333333339,True,0.092,False
25,167,-0.3199999999999994,-0.6266666666666665,0.01366666666666514,0.6403333333333316,True,0.0785,False
25,168,-0.23999999999999932,-0.5733333333333341,0.09333333333333282,0.666666666666667,True,0.1885,False
25,169,-0.30666666666666753,-0.7066666666666661,0.02699999999999876,0.7336666666666649,True,0.1365,False
25,170,-0.6399999999999997,-1.0133333333333336,-0.30666666666666664,0.706666666666667,True,0.001,True
25,171,-0.2666666666666657,-0.6400000000000006,0.10666666666666647,0.746666666666667,True,0.209,False
25,172,-0.4400000000000004,-0.7466666666666666,-0.1466666666666674,0.5999999999999992,True,0.0075,True
25,173,-0.29333333333333345,-0.706666666666667,0.16000000000000014,0.8666666666666671,True,0.249,False
25,174,-0.5200000000000005,-0.9066666666666667,-0.13333333333333375,0.773333333333333,True,0.014,True
25,175,-0.1466666666666674,-0.5066666666666673,0.2403333333333313,0.7469999999999986,True,0.4315,False
25,176,-0.13333333333333286,-0.40000000000000036,0.17333333333333378,0.5733333333333341,True,0.4295,False
25,177,-0.4000000000000008,-0.8133333333333326,0.026666666666666394,0.839999999999999,True,0.067,False
25,178,-0.17333333333333378,-0.5333333333333323,0.18666666666666654,0.7199999999999989,True,0.409,False
25,179,-0.5466666666666673,-0.9466666666666659,-0.13333333333333283,0.813333333333333,True,0.0155,True
25,180,-0.1733333333333329,-0.5733333333333328,0.19999999999999932,0.7733333333333321,True,0.412,False
25,181,-0.6000000000000005,-1.0670000000000004,-0.06666666666666643,1.000333333333334,True,0.0315,True
25,182,-0.706666666666667,-1.0266666666666668,-0.41333333333333266,0.6133333333333342,False,0.0,True
25,183,-0.5600000000000005,-0.9203333333333336,-0.23999999999999977,0.6803333333333338,True,0.0035,True
25,184,-0.48,-0.7866666666666666,-0.1999999999999993,0.5866666666666673,True,0.0035,True
25,185,-0.41333333333333266,-0.879999999999999,0.026666666666667282,0.9066666666666663,True,0.097,False
25,186,-0.23999999999999977,-0.6666666666666661,0.2266666666666657,0.8933333333333318,True,0.3485,False
25,187,-0.28000000000000025,-0.7203333333333329,0.13333333333333286,0.8536666666666658,True,0.221,False
25,188,-0.4000000000000008,-0.6933333333333338,-0.1200000000000001,0.5733333333333337,True,0.0165,True
25,189,-0.1733333333333329,-0.5066666666666668,0.16000000000000014,0.666666666666667,True,0.3555,False
25,190,-0.3200000000000003,-0.6399999999999997,-0.026666666666666394,0.6133333333333333,True,0.069,False
25,191,-0.52,-0.8000000000000003,-0.2533333333333321,0.5466666666666682,True,0.003,True
25,192,-0.1200000000000001,-0.5466666666666669,0.3199999999999994,0.8666666666666663,True,0.616,False
25,193,-0.1599999999999997,-0.5333333333333332,0.21333333333333337,0.7466666666666666,True,0.4445,False
25,194,-0.2133333333333325,-0.6933333333333329,0.2666666666666666,0.9599999999999995,True,0.429,False
25,195,-0.3733333333333335,-0.7466666666666666,0.02666666666666684,0.7733333333333334,True,0.0925,False
25,196,-0.39999999999999947,-0.8000000000000003,0.013333333333333641,0.8133333333333339,True,0.085,False
25,197,-0.4399999999999995,-0.8266666666666667,-0.06666666666666554,0.7600000000000011,True,0.041,True
25,198,-0.26666666666666705,-0.6533333333333324,0.14699999999999885,0.8003333333333313,True,0.2665,False
25,199,-0.5599999999999987,-0.8536666666666676,-0.2666666666666657,0.5870000000000019,True,0.001,True
25,200,-0.6799999999999997,-1.0403333333333336,-0.3599999999999999,0.6803333333333337,True,0.0005,True
25,201,-0.2666666666666666,-0.7333333333333334,0.1999999999999993,0.9333333333333327,True,0.301,False
25,202,-0.5333333333333337,-0.9333333333333331,-0.1733333333333329,0.7600000000000002,True,0.0095,True
25,203,-0.3733333333333331,-0.8000000000000003,0.040000000000000924,0.8400000000000012,True,0.1135,False
25,204,-0.6133333333333333,-0.9866666666666668,-0.22666666666666702,0.7599999999999998,True,0.0045,True
25,205,-0.42666666666666675,-0.746666666666667,-0.10666666666666647,0.6400000000000006,True,0.0225,True
25,206,-0.2666666666666666,-0.5866666666666669,0.06666666666666556,0.6533333333333324,True,0.1345,False
25,207,-0.16000000000000014,-0.5333333333333332,0.21333333333333382,0.746666666666667,True,0.4635,False
25,208,-0.6666666666666665,-1.1599999999999997,-0.1863333333333333,0.9736666666666665,True,0.019,True
25,209,-0.5066666666666673,-0.8400000000000007,-0.17333333333333378,0.666666666666667,True,0.009,True
25,210,-0.28000000000000114,-0.7203333333333338,0.1466666666666665,0.8670000000000003,True,0.2235,False
25,211,-0.6399999999999997,-0.9466666666666663,-0.3466666666666667,0.5999999999999996,True,0.0,True
25,212,-0.2533333333333334,-0.6399999999999997,0.10666666666666604,0.7466666666666657,True,0.214,False
25,213,-0.6533333333333333,-1.0133333333333336,-0.3066666666666662,0.7066666666666674,True,0.0005,True
25,214,-0.28000000000000025,-0.547,0.013666666666665118,0.5606666666666652,True,0.0815,False
25,215,-0.39999999999999947,-0.9066666666666658,0.053666666666665176,0.960333333333331,True,0.152,False
25,216,-0.3333333333333326,-0.6133333333333328,-0.040000000000000036,0.5733333333333328,True,0.0375,True
25,217,-0.16000000000000014,-0.5333333333333341,0.25333333333333385,0.786666666666668,True,0.4755,False
25,218,-0.39999999999999947,-0.8666666666666658,0.12033333333333204,0.9869999999999979,True,0.148,False
25,219,-0.6133333333333328,-0.9866666666666672,-0.22666666666666657,0.7600000000000007,True,0.005,True
25,220,-0.5999999999999992,-1.0,-0.22633333333333422,0.7736666666666658,True,0.01,True
25,221,-0.45333333333333314,-0.8400000000000003,-0.06666666666666643,0.7733333333333339,True,0.047,True
25,222,-0.7200000000000002,-1.0666666666666664,-0.4133333333333331,0.6533333333333333,False,0.0,True
25,223,-0.26666666666666616,-0.6533333333333333,0.1466666666666665,0.7999999999999998,True,0.236,False
25,224,-0.3333333333333339,-0.6803333333333333,0.026666666666667282,0.7070000000000006,True,0.1155,False
25,225,-0.6266666666666669,-0.9600000000000004,-0.28000000000000025,0.6800000000000002,True,0.003,True
25,226,-0.47999999999999954,-0.9199999999999999,-0.01300000000000212,0.9069999999999978,True,0.063,False
25,227,-0.413333333333334,-0.6936666666666665,-0.1333333333333342,0.5603333333333324,True,0.0095,True
25,228,-0.18666666666666654,-0.6133333333333333,0.22666666666666613,0.8399999999999994,True,0.4175,False
25,229,-0.34666666666666623,-0.6799999999999997,-0.03966666666666767,0.6403333333333321,True,0.061,False
25,230,-0.30666666666666664,-0.6533333333333333,0.05333333333333325,0.7066666666666666,True,0.1075,False
25,231,-0.3333333333333339,-0.6533333333333329,-0.02666666666666726,0.6266666666666656,True,0.052,False
25,232,-0.3066666666666662,-0.6266666666666665,2.2204460492381962e-17,0.6266666666666665,True,0.0835,False
25,233,-0.5999999999999983,-0.9066666666666672,-0.27999999999999936,0.6266666666666678,True,0.0025,True
25,234,-0.7333333333333334,-1.0266666666666664,-0.45333333333333314,0.5733333333333333,False,0.0,True
25,235,-0.1333333333333333,-0.6133333333333328,0.33333333333333304,0.9466666666666659,True,0.6235,False
25,236,-0.3733333333333335,-0.7870000000000003,0.05366666666666472,0.840666666666665,True,0.1225,False
25,237,-0.3466666666666667,-0.7599999999999998,0.06666666666666732,0.8266666666666671,True,0.1395,False
25,238,-0.21333333333333337,-0.6136666666666674,0.20000000000000062,0.813666666666668,True,0.367,False
25,239,-0.4800000000000004,-0.7733333333333339,-0.20000000000000018,0.5733333333333337,True,0.002,True
25,240,-0.626666666666666,-1.0133333333333336,-0.22633333333333466,0.786999999999999,True,0.004,True
25,241,-0.41333333333333355,-0.7466666666666666,-0.09333333333333371,0.6533333333333329,True,0.0225,True
25,242,-0.6666666666666665,-0.9866666666666668,-0.3733333333333335,0.6133333333333333,True,0.0,True
25,243,-0.5200000000000005,-0.8400000000000003,-0.19966666666666782,0.6403333333333325,True,0.009,True
25,244,-0.40000000000000036,-0.7466666666666661,-0.040000000000000036,0.7066666666666661,True,0.0465,True
25,245,0.14666666666666694,-0.1736666666666665,0.4666666666666668,0.6403333333333333,False,0.4065,False
25,246,-0.20000000000000018,-0.5733333333333328,0.17333333333333378,0.7466666666666666,True,0.3345,False
25,247,-0.30666666666666664,-0.6933333333333325,0.09333333333333371,0.7866666666666662,True,0.158,False
25,248,-0.3199999999999994,-0.706666666666667,0.10666666666666692,0.8133333333333339,True,0.144,False
25,249,-0.30666666666666664,-0.6533333333333333,0.013333333333333641,0.666666666666667,True,0.11,False
25,250,-0.49333333333333274,-0.853333333333333,-0.13300000000000137,0.7203333333333317,True,0.0155,True
25,251,-0.3866666666666667,-0.8266666666666671,0.040333333333331965,0.8669999999999991,True,0.1215,False
25,252,-0.29333333333333345,-0.7070000000000006,0.14666666666666606,0.8536666666666667,True,0.191,False
25,253,-0.26666666666666616,-0.6799999999999997,0.17333333333333378,0.8533333333333335,True,0.272,False
25,254,-0.18666666666666787,-0.6133333333333337,0.22666666666666616,0.8399999999999999,True,0.422,False
25,255,-0.14666666666666694,-0.6800000000000002,0.4399999999999995,1.1199999999999997,True,0.642,False
25,256,-0.5066666666666659,-0.8536666666666676,-0.1333333333333333,0.7203333333333343,True,0.0155,True
25,257,-0.20000000000000018,-0.6533333333333333,0.2533333333333334,0.9066666666666667,True,0.3855,False
25,258,-0.3866666666666667,-0.7336666666666661,-0.026666666666666394,0.7069999999999997,True,0.055,False
25,259,-0.5466666666666664,-0.9599999999999995,-0.16000000000000014,0.7999999999999994,True,0.018,True
25,260,-0.5066666666666673,-0.9199999999999999,-0.0930000000000022,0.8269999999999977,True,0.029,True
25,261,-0.5066666666666668,-0.8133333333333335,-0.25333333333333297,0.5600000000000005,True,0.001,True
25,262,-0.413333333333334,-0.7599999999999998,-0.09333333333333371,0.6666666666666661,True,0.0255,True
25,263,-0.3866666666666667,-0.7600000000000002,0.040000000000000036,0.8000000000000003,True,0.107,False
25,264,-0.31999999999999984,-0.6799999999999997,0.08000000000000007,0.7599999999999998,True,0.1285,False
25,265,-0.5866666666666664,-0.9736666666666663,-0.2400000000000002,0.7336666666666661,True,0.0045,True
25,266,-0.4533333333333336,-0.8399999999999999,-0.03966666666666767,0.8003333333333322,True,0.0505,False
25,267,-0.33333333333333304,-0.7199999999999998,0.026666666666666394,0.7466666666666661,True,0.1105,False
25,268,-0.3199999999999994,-0.7200000000000002,0.09333333333333371,0.8133333333333339,True,0.169,False
25,269,-0.10666666666666735,-0.4399999999999995,0.25333333333333385,0.6933333333333334,True,0.528,False
25,270,-0.22666666666666702,-0.56,0.10666666666666735,0.6666666666666674,True,0.2425,False
25,271,-0.21333333333333337,-0.5599999999999996,0.1466666666666665,0.7066666666666661,True,0.263,False
25,272,-0.666666666666667,-1.0266666666666673,-0.3333333333333335,0.6933333333333338,True,0.001,True
25,273,-0.06666666666666687,-0.43999999999999995,0.3466666666666671,0.7866666666666671,True,0.7785,False
25,274,-0.3066666666666671,-0.6803333333333338,0.040000000000000036,0.7203333333333338,True,0.1005,False
25,275,-0.40000000000000036,-0.7466666666666661,-0.05333333333333366,0.6933333333333325,True,0.034,True
25,276,-0.49333333333333274,-0.9333333333333336,-0.026666666666666394,0.9066666666666672,True,0.0415,True
25,277,-0.6933333333333329,-1.0533333333333328,-0.3733333333333331,0.6799999999999997,True,0.0,True
25,278,-0.38666666666666627,-0.7333333333333334,-0.08000000000000007,0.6533333333333333,True,0.0345,True
25,279,-0.02666666666666684,-0.3866666666666667,0.3599999999999999,0.7466666666666666,False,0.947,False
25,280,-0.48000000000000087,-0.8000000000000003,-0.11999999999999966,0.6800000000000006,True,0.0125,True
25,281,-0.1466666666666665,-0.48,0.1866666666666661,0.6666666666666661,True,0.439,False
25,282,-0.23999999999999977,-0.6933333333333342,0.22666666666666657,0.9200000000000008,True,0.3395,False
25,283,-0.5066666666666659,-0.7999999999999998,-0.21333333333333468,0.5866666666666651,True,0.003,True
25,284,-0.42666666666666675,-0.7866666666666671,-0.05333333333333411,0.733333333333333,True,0.033,True
25,285,-0.6933333333333334,-1.0266666666666668,-0.38666666666666716,0.6399999999999997,True,0.0,True
25,286,-0.19999999999999973,-0.6800000000000002,0.2666666666666675,0.9466666666666677,True,0.451,False
25,287,-0.5999999999999996,-0.9603333333333336,-0.22633333333333422,0.7339999999999993,True,0.007,True
25,288,-0.44000000000000083,-0.7603333333333334,-0.09333333333333325,0.6670000000000001,True,0.0285,True
25,289,-0.4266666666666663,-0.9333333333333331,0.12033333333333249,1.0536666666666656,True,0.1415,False
25,290,-0.4666666666666659,-0.8533333333333335,-0.05333333333333323,0.8000000000000003,True,0.046,True
25,291,-0.4666666666666668,-0.8536666666666667,-0.09333333333333371,0.760333333333333,True,0.032,True
25,292,-0.4133333333333331,-0.7866666666666666,-0.013333333333334507,0.7733333333333321,True,0.054,False
25,293,-0.2666666666666657,-0.6400000000000001,0.10666666666666604,0.7466666666666661,True,0.2235,False
25,294,-0.5200000000000009,-0.9333333333333336,-0.06666666666666775,0.8666666666666658,True,0.031,True
25,295,-0.3333333333333335,-0.7333333333333334,0.066666666666666,0.7999999999999994,True,0.1175,False
25,296,-0.586666666666666,-0.9733333333333336,-0.18666666666666698,0.7866666666666666,True,0.007,True
25,297,-0.3733333333333331,-0.7333333333333338,0.013333333333333641,0.7466666666666675,True,0.077,False
25,298,-0.42666666666666675,-0.7733333333333334,-0.10666666666666647,0.666666666666667,True,0.02,True
25,299,-0.5200000000000005,-0.9066666666666672,-0.1333333333333342,0.773333333333333,True,0.018,True
25,300,-0.5733333333333341,-0.9733333333333336,-0.15966666666666776,0.8136666666666659,True,0.0085,True
25,301,-0.5066666666666659,-0.8670000000000003,-0.1466666666666674,0.7203333333333329,True,0.017,True
25,302,-0.5866666666666669,-0.96,-0.23999999999999977,0.7200000000000002,True,0.0065,True
25,303,-0.21333333333333293,-0.5999999999999996,0.16033333333333163,0.7603333333333313,True,0.344,False
25,304,-0.2666666666666675,-0.5603333333333337,-0.013333333333333641,0.547,True,0.0865,False
25,305,-0.3466666666666667,-0.706666666666667,0.0,0.706666666666667,True,0.089,False
25,306,-0.2933333333333339,-0.6669999999999997,0.13333333333333286,0.8003333333333326,True,0.2045,False
25,307,-0.5066666666666664,-0.9199999999999995,-0.08000000000000007,0.8399999999999994,True,0.029,True
25,308,-0.7199999999999998,-1.120000000000001,-0.3466666666666667,0.7733333333333343,True,0.001,True
25,309,-0.4533333333333336,-0.813333333333333,-0.06633333333333406,0.746999999999999,True,0.029,True
25,310,-0.5999999999999996,-0.9466666666666663,-0.29333333333333345,0.6533333333333329,True,0.0015,True
25,311,-0.40000000000000036,-0.7600000000000002,-0.08000000000000004,0.6800000000000002,True,0.029,True
25,312,-0.5866666666666669,-1.0266666666666668,-0.14666666666666694,0.8799999999999999,True,0.0175,True
25,313,-0.4400000000000004,-0.8399999999999994,-0.026333333333334895,0.8136666666666645,True,0.048,True
25,314,-0.4666666666666659,-0.8799999999999999,-0.040000000000000036,0.8399999999999999,True,0.055,False
25,315,-0.5599999999999992,-0.9066666666666663,-0.22666666666666702,0.6799999999999993,True,0.0045,True
25,316,-0.48,-0.8133333333333326,-0.16000000000000014,0.6533333333333324,True,0.006,True
25,317,-0.5333333333333337,-0.9736666666666668,-0.09333333333333368,0.8803333333333331,True,0.0255,True
25,318,-0.08000000000000007,-0.4803333333333331,0.3333333333333335,0.8136666666666665,True,0.7505,False
25,319,-0.5733333333333341,-0.9466666666666668,-0.21333333333333382,0.733333333333333,True,0.006,True
25,320,-0.2800000000000007,-0.626666666666666,0.09333333333333284,0.7199999999999989,True,0.1695,False
25,321,-0.6933333333333325,-1.106666666666667,-0.30666666666666664,0.8000000000000003,True,0.0015,True
25,322,-0.52,-0.9336666666666668,-0.05300000000000129,0.8806666666666655,True,0.0395,True
25,323,-0.3733333333333335,-0.733333333333333,-0.026666666666666394,0.7066666666666666,True,0.0665,False
25,324,-0.3333333333333335,-0.7466666666666666,0.026666666666666394,0.773333333333333,True,0.114,False
25,325,-0.39999999999999947,-0.8270000000000003,0.05333333333333368,0.880333333333334,True,0.101,False
25,326,-0.20000000000000018,-0.5736666666666669,0.18666666666666656,0.7603333333333334,True,0.3455,False
25,327,-0.5599999999999996,-0.9200000000000004,-0.22666666666666613,0.6933333333333342,True,0.0085,True
25,328,-0.293333333333333,-0.6000000000000005,0.040000000000000924,0.6400000000000015,True,0.126,False
25,329,-0.16000000000000103,-0.6399999999999992,0.31999999999999984,0.9599999999999991,True,0.5425,False
25,330,-0.5066666666666668,-0.8666666666666658,-0.1466666666666665,0.7199999999999993,True,0.014,True
25,331,-0.5066666666666664,-0.9066666666666667,-0.09333333333333327,0.8133333333333335,True,0.029,True
25,332,-0.4266666666666654,-0.8269999999999998,0.040333333333331965,0.8673333333333318,True,0.085,False
25,333,-0.3599999999999999,-0.7466666666666661,0.0,0.7466666666666661,True,0.095,False
25,334,-0.17333333333333245,-0.5333333333333328,0.20000000000000062,0.7333333333333334,True,0.412,False
25,335,-0.4933333333333336,-0.8399999999999999,-0.16000000000000014,0.6799999999999997,True,0.013,True
25,336,-0.6799999999999988,-1.0533333333333328,-0.2800000000000007,0.7733333333333321,True,0.0045,True
25,337,-0.6133333333333333,-1.0666666666666673,-0.18666666666666654,0.8800000000000008,True,0.016,True
25,338,-0.3866666666666667,-0.626666666666666,-0.17333333333333378,0.45333333333333226,True,0.0055,True
25,339,-0.5999999999999996,-1.026666666666666,-0.1600000000000006,0.8666666666666654,True,0.009,True
25,340,-0.8133333333333335,-1.2003333333333337,-0.43999999999999995,0.7603333333333337,False,0.0,True
25,341,-0.11999999999999966,-0.4933333333333336,0.2799999999999998,0.7733333333333334,True,0.5945,False
25,342,-0.3733333333333331,-0.8000000000000007,0.0799999999999992,0.8799999999999999,True,0.131,False
25,343,-0.41333333333333266,-0.8799999999999999,0.06666666666666556,0.9466666666666654,True,0.118,False
25,344,-0.2666666666666666,-0.6133333333333333,0.08000000000000052,0.6933333333333338,True,0.172,False
25,345,-0.4933333333333332,-0.8533333333333326,-0.15999999999999925,0.6933333333333334,True,0.0115,True
25,346,-0.3199999999999994,-0.773333333333333,0.14666666666666606,0.919999999999999,True,0.226,False
25,347,-0.28000000000000025,-0.6133333333333333,0.05333333333333279,0.6666666666666661,True,0.113,False
25,348,-0.8133333333333335,-1.2400000000000002,-0.38633333333333436,0.8536666666666659,True,0.001,True
25,349,-0.43999999999999995,-0.8133333333333335,-0.08000000000000007,0.7333333333333334,True,0.049,True
25,350,-0.3466666666666671,-0.7866666666666666,0.09333333333333327,0.8799999999999999,True,0.1235,False
25,351,-0.706666666666667,-1.106666666666666,-0.2799999999999998,0.8266666666666662,True,0.004,True
25,352,-0.3733333333333335,-0.7733333333333334,0.026666666666666394,0.7999999999999998,True,0.1065,False
25,353,-0.5199999999999996,-0.9733333333333336,-0.10666666666666647,0.8666666666666671,True,0.032,True
25,354,-0.5333333333333328,-0.9466666666666672,-0.12000000000000097,0.8266666666666662,True,0.0255,True
25,355,-0.23999999999999977,-0.5733333333333333,0.11999999999999968,0.6933333333333329,True,0.171,False
25,356,-0.2400000000000011,-0.6000000000000001,0.16000000000000014,0.7600000000000002,True,0.2645,False
25,357,-0.3333333333333339,-0.600000000000001,-0.053333333333333656,0.5466666666666673,True,0.035,True
25,358,-0.6933333333333334,-1.0533333333333341,-0.35999999999999943,0.6933333333333347,True,0.0025,True
25,359,-0.21333333333333337,-0.5999999999999996,0.1466666666666674,0.746666666666667,True,0.3125,False
25,360,-0.4933333333333336,-0.9333333333333331,-0.05300000000000088,0.8803333333333323,True,0.0435,True
25,361,-0.25333333333333297,-0.586666666666666,0.10666666666666691,0.6933333333333329,True,0.1865,False
25,362,-0.5066666666666668,-0.8266666666666662,-0.21333333333333382,0.6133333333333324,True,0.005,True
25,363,-0.2400000000000002,-0.6799999999999997,0.1733333333333329,0.8533333333333326,True,0.299,False
25,364,-0.5866666666666664,-0.9333333333333331,-0.25333333333333297,0.6800000000000002,True,0.002,True
25,365,-0.25333333333333297,-0.5600000000000005,0.1066666666666665,0.666666666666667,True,0.2065,False
25,366,-0.626666666666666,-0.9199999999999999,-0.3733333333333331,0.5466666666666669,True,0.0,True
25,367,-0.1999999999999993,-0.5466666666666673,0.10666666666666647,0.6533333333333338,True,0.2605,False
25,368,-0.4666666666666668,-0.8399999999999999,-0.08000000000000006,0.7599999999999998,True,0.033,True
25,369,-0.32000000000000073,-0.6933333333333334,0.02666666666666684,0.7200000000000002,True,0.1105,False
25,370,-0.3866666666666667,-0.6933333333333329,-0.10666666666666733,0.5866666666666656,True,0.024,True
25,371,-0.306666666666668,-0.5866666666666664,-0.026666666666666394,0.56,True,0.046,True
25,372,-0.45333333333333314,-0.8136666666666666,-0.09333333333333371,0.7203333333333329,True,0.037,True
25,373,-0.5866666666666669,-0.9866666666666668,-0.18666666666666654,0.8000000000000003,True,0.014,True
25,374,-0.3333333333333335,-0.6133333333333337,-0.05333333333333322,0.5600000000000005,True,0.043,True
25,375,-0.21333333333333337,-0.6133333333333333,0.19999999999999973,0.813333333333333,True,0.3535,False
25,376,-0.35999999999999943,-0.7066666666666657,8.881784197001252e-16,0.7066666666666666,True,0.0565,False
25,377,-0.29333333333333345,-0.6933333333333334,0.13333333333333375,0.8266666666666671,True,0.1875,False
25,378,-0.7466666666666666,-1.0933333333333333,-0.3866666666666667,0.7066666666666666,True,0.0015,True
25,379,-0.42666666666666675,-0.733666666666667,-0.13333333333333375,0.6003333333333333,True,0.009,True
25,380,-0.20000000000000107,-0.5333333333333337,0.1466666666666665,0.6800000000000002,True,0.3135,False
25,381,-0.4800000000000004,-0.8266666666666675,-0.10666666666666558,0.720000000000002,True,0.028,True
25,382,-0.5066666666666668,-0.9066666666666658,-0.10666666666666734,0.7999999999999985,True,0.028,True
25,383,-0.56,-0.9466666666666663,-0.19966666666666694,0.7469999999999994,True,0.01,True
25,384,-0.5333333333333341,-0.9466666666666659,-0.13333333333333286,0.813333333333333,True,0.0235,True
25,385,-0.13333333333333242,-0.6133333333333333,0.3733333333333335,0.9866666666666668,True,0.6315,False
25,386,-0.2800000000000007,-0.5866666666666673,0.040000000000000036,0.6266666666666674,True,0.1095,False
25,387,-0.626666666666666,-0.9866666666666659,-0.28000000000000025,0.7066666666666657,True,0.004,True
25,388,-0.5599999999999992,-0.9466666666666668,-0.19999999999999973,0.746666666666667,True,0.0065,True
25,389,-0.4800000000000004,-0.8800000000000003,-0.09333333333333371,0.7866666666666666,True,0.0305,True
25,390,-0.3466666666666667,-0.6799999999999997,-0.013333333333332753,0.666666666666667,True,0.076,False
25,391,-0.3600000000000003,-0.7466666666666661,0.026666666666667303,0.7733333333333334,True,0.088,False
25,392,-0.3066666666666662,-0.6533333333333333,0.040000000000000924,0.6933333333333342,True,0.124,False
25,393,-0.5866666666666673,-0.9466666666666668,-0.22666666666666702,0.7199999999999998,True,0.003,True
25,394,-0.12000000000000055,-0.49333333333333407,0.30666666666666575,0.7999999999999998,True,0.5705,False
25,395,-0.4933333333333336,-0.7999999999999994,-0.22633333333333422,0.5736666666666652,True,0.0035,True
25,396,-0.3600000000000003,-0.6800000000000002,0.013333333333332753,0.6933333333333329,True,0.05,False
25,397,-0.17333333333333245,-0.5066666666666668,0.16000000000000014,0.666666666666667,True,0.386,False
25,398,-0.47999999999999954,-0.9066666666666667,-0.07999999999999961,0.8266666666666671,True,0.0465,True
25,399,-0.25333333333333385,-0.6533333333333333,0.16000000000000014,0.8133333333333335,True,0.2755,False
25,400,-0.25333333333333385,-0.6533333333333329,0.17333333333333378,0.8266666666666667,True,0.274,False
25,401,-0.28000000000000025,-0.6133333333333328,0.09333333333333371,0.7066666666666666,True,0.168,False
25,402,-0.8133333333333335,-1.226666666666667,-0.41300000000000164,0.8136666666666654,False,0.0,True
25,403,-0.46666666666666634,-0.7466666666666666,-0.20000000000000104,0.5466666666666655,True,0.0035,True
25,404,-0.52,-0.839999999999999,-0.18666666666666565,0.6533333333333333,True,0.0065,True
25,405,-0.47999999999999954,-0.8400000000000003,-0.10666666666666647,0.7333333333333338,True,0.0275,True
25,406,-0.7733333333333334,-1.1600000000000006,-0.38666666666666716,0.7733333333333334,True,0.0015,True
25,407,-0.3333333333333339,-0.5866666666666669,-0.06633333333333492,0.520333333333332,True,0.0305,True
25,408,-0.26666666666666616,-0.6533333333333329,0.13333333333333286,0.7866666666666657,True,0.2285,False
25,409,-0.5599999999999996,-1.0533333333333337,-0.053333333333332344,1.0000000000000013,True,0.052,False
25,410,-0.6133333333333333,-1.040000000000001,-0.1866666666666661,0.8533333333333348,True,0.017,True
25,411,-0.5199999999999996,-0.8533333333333335,-0.1599999999999997,0.6933333333333338,True,0.011,True
25,412,-0.48,-0.8933333333333331,-0.013333333333334075,0.879999999999999,True,0.0495,True
25,413,-0.6400000000000001,-0.9603333333333332,-0.33333333333333304,0.6270000000000001,True,0.0005,True
25,414,-0.3733333333333335,-0.893333333333334,0.13333333333333286,1.0266666666666668,True,0.192,False
25,415,-0.29333333333333345,-0.6266666666666674,0.06666666666666643,0.6933333333333338,True,0.096,False
25,416,-0.2400000000000002,-0.6533333333333329,0.14666666666666564,0.7999999999999985,True,0.257,False
25,417,-0.4399999999999995,-0.733333333333333,-0.12000000000000009,0.6133333333333328,True,0.0115,True
25,418,-0.3866666666666658,-0.7066666666666666,-0.0666666666666673,0.6399999999999992,True,0.0285,True
25,419,-0.3600000000000003,-0.8266666666666667,0.12000000000000013,0.9466666666666668,True,0.156,False
25,420,-0.413333333333334,-0.7599999999999998,-0.06666666666666732,0.6933333333333325,True,0.0305,True
25,421,-0.35999999999999943,-0.7999999999999998,0.06666666666666687,0.8666666666666667,True,0.131,False
25,422,-0.5866666666666664,-1.0,-0.18633333333333416,0.8136666666666659,True,0.016,True
25,423,-0.3200000000000003,-0.6000000000000001,-0.013333333333333641,0.5866666666666664,True,0.065,False
25,424,-0.8133333333333335,-1.1869999999999992,-0.4133333333333331,0.7736666666666661,False,0.0015,True
25,425,-0.4933333333333336,-0.8266666666666667,-0.18666666666666654,0.6400000000000001,True,0.0085,True
25,426,-0.4266666666666672,-0.8666666666666663,0.02666666666666685,0.8933333333333331,True,0.075,False
25,427,-0.4400000000000004,-0.733333333333333,-0.1466666666666674,0.5866666666666656,True,0.005,True
25,428,-0.3866666666666658,-0.733333333333333,-0.026666666666666394,0.7066666666666666,True,0.0555,False
25,429,-0.42666666666666675,-0.8533333333333335,4.440892098500626e-16,0.8533333333333339,True,0.082,False
25,430,-0.6533333333333329,-1.0933333333333333,-0.22666666666666613,0.8666666666666671,True,0.011,True
25,431,-0.4533333333333336,-0.7999999999999989,-0.09333333333333371,0.7066666666666652,True,0.017,True
25,432,-0.5733333333333324,-1.0,-0.1733333333333329,0.8266666666666671,True,0.015,True
25,433,-0.8266666666666671,-1.226666666666667,-0.46666666666666634,0.7600000000000007,False,0.0005,True
25,434,-0.6799999999999997,-1.0,-0.3866666666666667,0.6133333333333333,True,0.0,True
25,435,-0.4799999999999991,-0.9200000000000004,-0.026666666666666394,0.893333333333334,True,0.0595,False
25,436,-0.3866666666666676,-0.6399999999999997,-0.1730000000000014,0.4669999999999983,True,0.005,True
25,437,-0.37333333333333263,-0.7600000000000002,0.013333333333333641,0.7733333333333339,True,0.085,False
25,438,-0.45333333333333314,-0.8133333333333339,-0.04000000000000133,0.7733333333333325,True,0.0495,True
25,439,-0.36000000000000076,-0.853333333333333,0.1733333333333329,1.026666666666666,True,0.191,False
25,440,-0.4266666666666672,-0.8133333333333335,-0.0666666666666664,0.746666666666667,True,0.063,False
25,441,-0.14666666666666783,-0.49333333333333274,0.22666666666666613,0.7199999999999989,True,0.4275,False
25,442,-0.27999999999999936,-0.7466666666666661,0.18666666666666654,0.9333333333333327,True,0.2825,False
25,443,-0.43999999999999995,-0.7866666666666666,-0.1200000000000001,0.6666666666666665,True,0.0155,True
25,444,-0.5866666666666664,-0.8666666666666667,-0.30666666666666664,0.56,True,0.0,True
25,445,-0.3733333333333335,-0.7999999999999994,0.026666666666666394,0.8266666666666658,True,0.101,False
25,446,-0.4399999999999995,-0.8400000000000003,-0.04000000000000048,0.7999999999999998,True,0.039,True
25,447,-0.2799999999999998,-0.6933333333333325,0.14666666666666694,0.8399999999999994,True,0.193,False
25,448,-0.3866666666666658,-0.6799999999999997,-0.09333333333333327,0.5866666666666664,True,0.0205,True
25,449,-0.3733333333333322,-0.7333333333333325,-0.03999999999999915,0.6933333333333334,True,0.0535,False
25,450,-0.6799999999999997,-1.0,-0.35966666666666797,0.6403333333333321,True,0.0005,True
25,451,-0.47999999999999954,-0.9333333333333336,0.0,0.9333333333333336,True,0.061,False
25,452,-0.31999999999999984,-0.733333333333333,0.1066666666666678,0.8400000000000007,True,0.1925,False
25,453,-0.27999999999999936,-0.4400000000000004,-0.1200000000000001,0.3200000000000003,True,0.0025,True
25,454,-0.4133333333333331,-0.7066666666666666,-0.13333333333333286,0.5733333333333337,True,0.012,True
25,455,-0.6533333333333338,-1.08,-0.24000000000000066,0.8399999999999994,True,0.0045,True
25,456,-0.7733333333333334,-1.1203333333333336,-0.3733333333333335,0.7470000000000001,True,0.001,True
25,457,-0.48,-0.8400000000000003,-0.11966666666666773,0.7203333333333326,True,0.0235,True
25,458,-0.30666666666666664,-0.5999999999999992,-0.013333333333334507,0.5866666666666647,True,0.06,False
25,459,-0.3466666666666671,-0.7736666666666671,0.10666666666666647,0.8803333333333335,True,0.1615,False
25,460,-0.5999999999999996,-1.0133333333333328,-0.1733333333333329,0.8399999999999999,True,0.0125,True
25,461,-0.3200000000000003,-0.6799999999999997,-0.013333333333332753,0.666666666666667,True,0.095,False
25,462,-0.49333333333333407,-0.8666666666666667,-0.09333333333333282,0.7733333333333339,True,0.026,True
25,463,-0.45333333333333226,-0.8399999999999999,-0.0796666666666677,0.7603333333333322,True,0.0445,True
25,464,-0.6933333333333329,-1.1203333333333336,-0.26666666666666705,0.8536666666666666,True,0.0095,True
25,465,-0.21333333333333293,-0.6266666666666665,0.2400000000000002,0.8666666666666667,True,0.3735,False
25,466,-0.1200000000000001,-0.5333333333333332,0.2533333333333334,0.7866666666666666,True,0.577,False
25,467,-0.2400000000000011,-0.48000000000000087,0.013333333333333641,0.4933333333333345,True,0.118,False
25,468,-0.3999999999999999,-0.6666666666666665,-0.1466666666666665,0.52,True,0.007,True
25,469,-0.3999999999999999,-0.706666666666667,-0.02666666666666684,0.6800000000000002,True,0.038,True
25,470,-0.6000000000000005,-0.9466666666666668,-0.2666666666666657,0.680000000000001,True,0.0035,True
25,471,-0.18666666666666742,-0.5333333333333337,0.14699999999999844,0.6803333333333321,True,0.3075,False
25,472,-0.38666666666666716,-0.9066666666666667,0.10666666666666605,1.0133333333333328,True,0.187,False
25,473,-0.4933333333333336,-0.987,0.04033333333333152,1.0273333333333314,True,0.0875,False
25,474,-0.5333333333333332,-0.9336666666666668,-0.1066666666666669,0.8269999999999998,True,0.023,True
25,475,-0.45333333333333314,-0.9199999999999999,0.040000000000000036,0.96,True,0.0825,False
25,476,-0.5066666666666664,-0.9200000000000004,-0.11966666666666774,0.8003333333333327,True,0.0335,True
25,477,-0.4266666666666663,-0.773333333333333,-0.06633333333333406,0.706999999999999,True,0.035,True
25,478,-0.5333333333333345,-0.9733333333333336,-0.09333333333333371,0.8799999999999999,True,0.022,True
25,479,-0.4133333333333331,-0.7600000000000002,-0.0533333333333319,0.7066666666666683,True,0.039,True
25,480,-0.6133333333333333,-0.9999999999999991,-0.22666666666666657,0.7733333333333325,True,0.008,True
25,481,-0.4933333333333332,-0.8403333333333339,-0.18633333333333418,0.6539999999999997,True,0.0075,True
25,482,-0.7733333333333334,-1.1866666666666656,-0.39999999999999947,0.7866666666666662,False,0.001,True
25,483,-0.7866666666666666,-1.1333333333333329,-0.4533333333333336,0.6799999999999993,False,0.0,True
25,484,-0.48,-0.7733333333333334,-0.16000000000000014,0.6133333333333333,True,0.0095,True
25,485,-0.5066666666666664,-0.8800000000000003,-0.1466666666666656,0.7333333333333347,True,0.0135,True
25,486,-0.5066666666666659,-0.8400000000000007,-0.21333333333333293,0.6266666666666678,True,0.0045,True
25,487,-0.2799999999999998,-0.6933333333333334,0.08000000000000008,0.7733333333333334,True,0.186,False
25,488,-0.49333333333333407,-0.9199999999999999,-0.05300000000000129,0.8669999999999987,True,0.042,True
25,489,-0.41333333333333266,-0.8666666666666658,0.05333333333333368,0.9199999999999995,True,0.106,False
25,490,-0.31999999999999984,-0.6800000000000002,0.026999999999999195,0.7069999999999994,True,0.111,False
25,491,-0.43999999999999995,-0.7866666666666666,-0.08000000000000007,0.7066666666666666,True,0.036,True
25,492,-0.4933333333333336,-0.8266666666666667,-0.10666666666666647,0.7200000000000002,True,0.0125,True
25,493,-0.3466666666666667,-0.7866666666666662,0.053666666666666044,0.8403333333333323,True,0.1625,False
25,494,-0.52,-0.8799999999999999,-0.16000000000000014,0.7199999999999998,True,0.012,True
25,495,-0.11999999999999922,-0.5603333333333337,0.3200000000000003,0.880333333333334,True,0.6575,False
25,496,-0.3866666666666667,-0.8266666666666667,0.05333333333333325,0.8799999999999999,True,0.1095,False
25,497,-0.1866666666666661,-0.5603333333333341,0.21333333333333293,0.7736666666666671,True,0.3755,False
25,498,-0.45333333333333403,-0.7999999999999989,-0.11966666666666774,0.6803333333333312,True,0.023,True
25,499,-0.6800000000000006,-0.9870000000000004,-0.3866666666666667,0.6003333333333337,True,0.0005,True
50,0,-0.5066666666666668,-0.7866666666666662,-0.2200000000000002,0.566666666666666,True,0.001,True
50,1,-0.32666666666666666,-0.5933333333333328,-0.046666666666666856,0.546666666666666,True,0.03,True
50,2,-0.3266666666666662,-0.6133333333333342,-0.02000000000000045,0.5933333333333337,True,0.04,True
50,3,-0.39333333333333353,-0.6599999999999993,-0.12650000000000033,0.533499999999999,True,0.004,True
50,4,-0.49999999999999956,-0.773333333333333,-0.19333333333333336,0.5799999999999996,True,0.0035,True
50,5,-0.3133333333333339,-0.5866666666666664,-0.040000000000000466,0.546666666666666,True,0.029,True
50,6,-0.52,-0.793333333333333,-0.24666666666666703,0.546666666666666,True,0.0015,True
50,7,-0.23333333333333295,-0.5000000000000004,0.026666666666667282,0.5266666666666677,True,0.109,False
50,8,-0.33999999999999986,-0.6266666666666669,-0.046666666666666856,0.5800000000000001,True,0.0385,True
50,9,-0.4199999999999995,-0.6800000000000002,-0.16666666666666652,0.5133333333333336,True,0.005,True
50,10,-0.6466666666666665,-0.9066666666666667,-0.4066666666666663,0.5000000000000004,False,0.0,True
50,11,-0.3399999999999994,-0.5666666666666673,-0.12000000000000008,0.4466666666666672,True,0.005,True
50,12,-0.3866666666666658,-0.7000000000000002,-0.06666666666666775,0.6333333333333324,True,0.02,True
50,13,-0.3066666666666671,-0.5866666666666651,-0.033166666666667045,0.5534999999999981,True,0.035,True
50,14,-0.28000000000000025,-0.5466666666666669,0.00016666666666573883,0.5468333333333326,True,0.05,False
50,15,-0.33333333333333304,-0.6066666666666669,-0.04666666666666597,0.5600000000000009,True,0.03,True
50,16,-0.313333333333333,-0.5733333333333333,-0.04666666666666597,0.5266666666666673,True,0.0255,True
50,17,-0.35999999999999943,-0.6335000000000005,-0.09333333333333282,0.5401666666666677,True,0.012,True
50,18,-0.38000000000000034,-0.6333333333333337,-0.13983333333333395,0.4934999999999998,True,0.006,True
50,19,-0.3200000000000003,-0.5733333333333324,-0.06666666666666732,0.506666666666665,True,0.0155,True
50,20,-0.41999999999999904,-0.7133333333333334,-0.12666666666666737,0.586666666666666,True,0.008,True
50,21,-0.5466666666666664,-0.8066666666666671,-0.293333333333333,0.5133333333333341,True,0.0,True
50,22,-0.22000000000000108,-0.4466666666666663,0.013333333333332776,0.4599999999999991,True,0.0905,False
50,23,-0.43999999999999995,-0.7199999999999989,-0.17316666666666672,0.5468333333333322,True,0.0055,True
50,24,-0.433333333333334,-0.6866666666666674,-0.1999999999999993,0.48666666666666814,True,0.001,True
50,25,-0.4600000000000004,-0.7400000000000007,-0.1866666666666665,0.5533333333333341,True,0.0025,True
50,26,-0.5066666666666664,-0.7799999999999998,-0.2400000000000002,0.5399999999999996,True,0.001,True
50,27,-0.313333333333333,-0.5533333333333337,-0.05999999999999961,0.49333333333333407,True,0.0225,True
50,28,-0.293333333333333,-0.5799999999999996,-0.013333333333333187,0.5666666666666664,True,0.04,True
50,29,-0.5199999999999996,-0.7666666666666662,-0.2666666666666666,0.49999999999999956,True,0.0,True
50,30,-0.3666666666666667,-0.6399999999999997,-0.09333333333333457,0.5466666666666651,True,0.0115,True
50,31,-0.2533333333333334,-0.5533333333333337,0.046833333333333026,0.6001666666666667,True,0.1135,False
50,32,-0.26666666666666705,-0.5266666666666664,0.0,0.5266666666666664,True,0.0495,True
50,33,-0.38666666666666627,-0.6400000000000001,-0.1466666666666665,0.4933333333333336,True,0.009,True
50,34,-0.3333333333333326,-0.6399999999999992,-0.04666666666666641,0.5933333333333328,True,0.0415,True
50,35,-0.3333333333333339,-0.5866666666666664,-0.08666666666666689,0.49999999999999956,True,0.019,True
50,36,-0.433333333333334,-0.7199999999999998,-0.12650000000000072,0.593499999999999,True,0.007,True
50,37,-0.46666666666666634,-0.7933333333333334,-0.14666666666666694,0.6466666666666665,True,0.0095,True
50,38,-0.46666666666666634,-0.7134999999999992,-0.23316666666666763,0.4803333333333316,True,0.0,True
50,39,-0.5333333333333328,-0.7935000000000002,-0.2798333333333341,0.513666666666666,True,0.0,True
50,40,-0.5066666666666659,-0.7533333333333339,-0.2599999999999998,0.49333333333333407,True,0.0,True
50,41,-0.4666666666666668,-0.7266666666666666,-0.2066666666666661,0.5200000000000005,True,0.0,True
50,42,-0.3666666666666667,-0.6133333333333333,-0.12650000000000033,0.48683333333333295,True,0.0045,True
50,43,-0.2400000000000002,-0.5133333333333341,0.046666666666666856,0.5600000000000009,True,0.124,False
50,44,-0.3533333333333335,-0.6400000000000001,-0.07999999999999963,0.5600000000000005,True,0.0255,True
50,45,-0.6133333333333333,-0.8866666666666663,-0.3533333333333335,0.5333333333333328,True,0.0,True
50,46,-0.5066666666666673,-0.7400000000000002,-0.27983333333333404,0.46016666666666617,True,0.0005,True
50,47,-0.45333333333333226,-0.7068333333333333,-0.1933333333333338,0.5134999999999995,True,0.003,True
50,48,-0.44666666666666766,-0.7733333333333334,-0.10666666666666734,0.6666666666666661,True,0.0065,True
50,49,-0.4666666666666668,-0.726666666666667,-0.1999999999999993,0.5266666666666677,True,0.0015,True
50,50,-0.4200000000000004,-0.6866666666666661,-0.15333333333333288,0.5333333333333332,True,0.0065,True
50,51,-0.38000000000000034,-0.6533333333333338,-0.10666666666666733,0.5466666666666664,True,0.01,True
50,52,-0.37333333333333396,-0.6600000000000001,-0.08666666666666689,0.5733333333333333,True,0.016,True
50,53,-0.2799999999999998,-0.5935000000000009,0.02683333333333343,0.6203333333333343,True,0.1,False
50,54,-0.306666666666668,-0.5600000000000005,-0.05983333333333387,0.5001666666666666,True,0.02,True
50,55,-0.2999999999999998,-0.56,-0.033333333333333215,0.5266666666666668,True,0.041,True
50,56,-0.49999999999999956,-0.7800000000000002,-0.22666666666666613,0.5533333333333341,True,0.0,True
50,57,-0.34666666666666757,-0.6199999999999992,-0.05333333333333323,0.566666666666666,True,0.0315,True
50,58,-0.3133333333333339,-0.5801666666666664,-0.05333333333333368,0.5268333333333327,True,0.023,True
50,59,-0.30666666666666753,-0.5666666666666664,-0.05333333333333368,0.5133333333333328,True,0.023,True
50,60,-0.5133333333333332,-0.7866666666666662,-0.2533333333333334,0.5333333333333328,True,0.0005,True
50,61,-0.313333333333333,-0.5866666666666669,-0.020000000000000462,0.5666666666666664,True,0.0445,True
50,62,-0.3733333333333335,-0.6466666666666665,-0.08666666666666688,0.5599999999999996,True,0.0165,True
50,63,-0.40666666666666673,-0.6668333333333333,-0.15333333333333243,0.5135000000000008,True,0.005,True
50,64,-0.36666666666666625,-0.6133333333333328,-0.11333333333333327,0.49999999999999956,True,0.007,True
50,65,-0.433333333333334,-0.733333333333333,-0.12666666666666693,0.606666666666666,True,0.0075,True
50,66,-0.3466666666666667,-0.6266666666666665,-0.07333333333333322,0.5533333333333332,True,0.0195,True
50,67,-0.3133333333333339,-0.5600000000000005,-0.053333333333333656,0.5066666666666668,True,0.0235,True
50,68,-0.33999999999999986,-0.6135000000000005,-0.05983333333333344,0.5536666666666671,True,0.0235,True
50,69,-0.3333333333333339,-0.6199999999999997,-0.07316666666666664,0.5468333333333331,True,0.025,True
50,70,-0.3133333333333339,-0.5933333333333328,-0.013333333333333641,0.5799999999999992,True,0.0435,True
50,71,-0.29333333333333345,-0.5401666666666668,-0.0466666666666664,0.4935000000000004,True,0.043,True
50,72,-0.6333333333333342,-0.8600000000000003,-0.393333333333334,0.46666666666666634,True,0.0,True
50,73,-0.5399999999999991,-0.7866666666666671,-0.29333333333333345,0.4933333333333336,True,0.0,True
50,74,-0.3600000000000003,-0.6200000000000006,-0.08666666666666686,0.5333333333333337,True,0.0115,True
50,75,-0.2799999999999998,-0.5333333333333337,-0.020000000000000462,0.5133333333333332,True,0.0515,False
50,76,-0.5599999999999996,-0.8268333333333334,-0.26666666666666705,0.5601666666666664,True,0.001,True
50,77,-0.3666666666666658,-0.6466666666666656,-0.09333333333333282,0.5533333333333328,True,0.019,True
50,78,-0.5466666666666669,-0.8333333333333335,-0.24666666666666615,0.5866666666666673,True,0.0005,True
50,79,-0.2933333333333339,-0.5733333333333337,0.0,0.5733333333333337,True,0.0545,False
50,80,-0.3866666666666667,-0.6400000000000001,-0.1200000000000001,0.52,True,0.006,True
50,81,-0.34666666666666757,-0.6133333333333333,-0.08650000000000031,0.5268333333333329,True,0.0165,True
50,82,-0.4866666666666677,-0.7666666666666662,-0.2065000000000008,0.5601666666666654,True,0.0005,True
50,83,-0.24666666666666703,-0.5268333333333336,0.040000000000000036,0.5668333333333336,True,0.11,False
50,84,-0.4066666666666672,-0.6333333333333329,-0.17333333333333334,0.4599999999999995,True,0.003,True
50,85,-0.3333333333333339,-0.6201666666666673,-0.05999999999999961,0.5601666666666677,True,0.039,True
50,86,-0.586666666666666,-0.8866666666666672,-0.2799999999999998,0.6066666666666674,True,0.0,True
50,87,-0.3600000000000003,-0.6133333333333324,-0.07316666666666663,0.5401666666666658,True,0.014,True
50,88,-0.36666666666666714,-0.6400000000000001,-0.09999999999999964,0.5400000000000005,True,0.0145,True
50,89,-0.43333333333333357,-0.6668333333333333,-0.17333333333333334,0.49349999999999994,True,0.002,True
50,90,-0.47333333333333405,-0.7400000000000002,-0.19333333333333336,0.5466666666666669,True,0.001,True
50,91,-0.4200000000000008,-0.6666666666666674,-0.15333333333333332,0.5133333333333341,True,0.002,True
50,92,-0.28000000000000025,-0.5333333333333323,-0.033333333333333215,0.4999999999999991,True,0.029,True
50,93,-0.3533333333333344,-0.6333333333333333,-0.0600000000000005,0.5733333333333328,True,0.0165,True
50,94,-0.17333333333333334,-0.4333333333333331,0.08000000000000007,0.5133333333333332,True,0.2035,False
50,95,-0.4733333333333336,-0.7201666666666674,-0.22666666666666613,0.49350000000000127,True,0.0005,True
50,96,-0.2600000000000007,-0.5533333333333337,0.026666666666666394,0.5800000000000001,True,0.104,False
50,97,-0.5666666666666664,-0.8268333333333334,-0.31333333333333346,0.5135,True,0.0,True
50,98,-0.3666666666666667,-0.6135000000000005,-0.12000000000000054,0.49349999999999994,True,0.005,True
50,99,-0.46666666666666723,-0.7200000000000002,-0.21316666666666717,0.506833333333333,True,0.0005,True
50,100,-0.4533333333333336,-0.7066666666666666,-0.19333333333333336,0.5133333333333332,True,0.002,True
50,101,-0.18666666666666742,-0.4933333333333332,0.09349999999999943,0.5868333333333327,True,0.2145,False
50,102,-0.2999999999999998,-0.5735000000000009,-0.026666666666667282,0.5468333333333336,True,0.0375,True
50,103,-0.4200000000000004,-0.686666666666667,-0.15333333333333332,0.5333333333333337,True,0.0015,True
50,104,-0.4533333333333327,-0.7535000000000002,-0.16666666666666782,0.5868333333333323,True,0.006,True
50,105,-0.5666666666666664,-0.8733333333333331,-0.28000000000000025,0.5933333333333328,True,0.0,True
50,106,-0.40000000000000036,-0.666666666666667,-0.12666666666666604,0.5400000000000009,True,0.0085,True
50,107,-0.32000000000000073,-0.5668333333333341,-0.05983333333333387,0.5070000000000002,True,0.018,True
50,108,-0.3466666666666667,-0.6133333333333337,-0.05333333333333366,0.56,True,0.019,True
50,109,-0.40666666666666673,-0.666666666666667,-0.1466666666666674,0.5199999999999996,True,0.006,True
50,110,-0.48666666666666636,-0.7799999999999998,-0.16666666666666607,0.6133333333333337,True,0.004,True
50,111,-0.32666666666666666,-0.5668333333333332,-0.07983333333333346,0.4869999999999997,True,0.014,True
50,112,-0.40666666666666673,-0.733333333333333,-0.08666666666666598,0.646666666666667,True,0.0165,True
50,113,-0.4666666666666668,-0.7333333333333325,-0.19333333333333336,0.5399999999999991,True,0.0015,True
50,114,-0.3933333333333331,-0.6599999999999993,-0.12000000000000009,0.5399999999999991,True,0.004,True
50,115,-0.1466666666666665,-0.3535000000000007,0.0600000000000005,0.4135000000000012,False,0.187,False
50,116,-0.42666666666666675,-0.7066666666666666,-0.14666666666666694,0.5599999999999996,True,0.008,True
50,117,-0.47333333333333405,-0.7466666666666666,-0.17999999999999972,0.5666666666666669,True,0.0005,True
50,118,-0.4133333333333331,-0.6999999999999997,-0.10666666666666733,0.5933333333333324,True,0.0055,True
50,119,-0.3466666666666667,-0.6333333333333329,-0.05999999999999961,0.5733333333333333,True,0.0215,True
50,120,-0.41999999999999993,-0.6733333333333329,-0.15333333333333332,0.5199999999999996,True,0.0025,True
50,121,-0.3400000000000003,-0.5866666666666673,-0.07333333333333411,0.5133333333333332,True,0.0175,True
50,122,-0.47333333333333316,-0.7600000000000002,-0.18666666666666654,0.5733333333333337,True,0.0025,True
50,123,-0.30000000000000027,-0.5933333333333324,0.00016666666666618292,0.5934999999999986,True,0.0595,False
50,124,-0.3333333333333335,-0.6135,-0.05333333333333322,0.5601666666666668,True,0.0305,True
50,125,-0.313333333333333,-0.5800000000000005,-0.03333333333333408,0.5466666666666664,True,0.0335,True
50,126,-0.5199999999999996,-0.8066666666666658,-0.25333333333333297,0.5533333333333328,True,0.0015,True
50,127,-0.3466666666666671,-0.626666666666666,-0.08000000000000007,0.546666666666666,True,0.016,True
50,128,-0.29333333333333433,-0.56,-0.006666666666666821,0.5533333333333332,True,0.056,False
50,129,-0.3066666666666671,-0.5799999999999996,-0.03983333333333343,0.5401666666666662,True,0.0375,True
50,130,-0.3733333333333331,-0.6666666666666674,-0.07333333333333412,0.5933333333333333,True,0.024,True
50,131,-0.4400000000000004,-0.6800000000000002,-0.1999999999999993,0.48000000000000087,True,0.001,True
50,132,-0.4599999999999995,-0.6999999999999993,-0.2131666666666672,0.4868333333333321,True,0.0,True
50,133,-0.44000000000000083,-0.7066666666666661,-0.15983333333333266,0.5468333333333335,True,0.0025,True
50,134,-0.43999999999999906,-0.733333333333333,-0.1400000000000001,0.5933333333333328,True,0.004,True
50,135,-0.3866666666666667,-0.6466666666666665,-0.1200000000000001,0.5266666666666664,True,0.008,True
50,136,-0.1733333333333329,-0.4399999999999995,0.09349999999999944,0.533499999999999,True,0.243,False
50,137,-0.32666666666666666,-0.5666666666666655,-0.08650000000000028,0.48016666666666524,True,0.018,True
50,138,-0.273333333333333,-0.5600000000000005,0.019999999999998706,0.5799999999999992,True,0.079,False
50,139,-0.26666666666666705,-0.5735,0.046666666666666856,0.6201666666666669,True,0.105,False
50,140,-0.32666666666666666,-0.5599999999999992,-0.09333333333333371,0.46666666666666545,True,0.016,True
50,141,-0.3466666666666671,-0.6000000000000001,-0.08666666666666732,0.5133333333333328,True,0.01,True
50,142,-0.3666666666666667,-0.6266666666666669,-0.1066666666666669,0.52,True,0.0075,True
50,143,-0.4933333333333332,-0.7400000000000007,-0.25333333333333297,0.4866666666666677,True,0.0005,True
50,144,-0.2333333333333334,-0.4599999999999995,-0.013166666666667026,0.44683333333333247,True,0.064,False
50,145,-0.4733333333333327,-0.7266666666666661,-0.23333333333333384,0.4933333333333323,True,0.0,True
50,146,-0.526666666666666,-0.8068333333333338,-0.24666666666666615,0.5601666666666677,True,0.001,True
50,147,-0.2600000000000007,-0.5333333333333332,0.019999999999999574,0.5533333333333328,True,0.0745,False
50,148,-0.6266666666666674,-0.8733333333333331,-0.37333333333333263,0.5000000000000004,True,0.0,True
50,149,-0.27999999999999936,-0.5333333333333332,-0.020000000000000462,0.5133333333333328,True,0.0485,True
50,150,-0.27333333333333387,-0.5333333333333328,2.2204460492381962e-17,0.5333333333333328,True,0.0595,False
50,151,-0.3733333333333331,-0.6266666666666665,-0.12666666666666648,0.5,True,0.0065,True
50,152,-0.4000000000000008,-0.6666666666666665,-0.12666666666666693,0.5399999999999996,True,0.0065,True
50,153,-0.43333333333333357,-0.7199999999999998,-0.1466666666666674,0.5733333333333324,True,0.005,True
50,154,-0.3733333333333331,-0.6999999999999993,-0.026666666666666828,0.6733333333333325,True,0.0425,True
50,155,-0.31333333333333435,-0.5800000000000001,-0.04650000000000025,0.5334999999999999,True,0.031,True
50,156,-0.41999999999999993,-0.6800000000000002,-0.16000000000000014,0.52,True,0.0045,True
50,157,-0.5066666666666668,-0.7533333333333334,-0.27333333333333343,0.48,True,0.0,True
50,158,-0.42666666666666675,-0.6800000000000002,-0.1600000000000006,0.5199999999999996,True,0.002,True
50,159,-0.5066666666666668,-0.7466666666666653,-0.2733333333333343,0.47333333333333094,True,0.0,True
50,160,-0.48,-0.740166666666667,-0.22649999999999998,0.5136666666666669,True,0.001,True
50,161,-0.48000000000000087,-0.7533333333333334,-0.20000000000000018,0.5533333333333332,True,0.001,True
50,162,-0.4666666666666677,-0.733333333333333,-0.206666666666667,0.526666666666666,True,0.002,True
50,163,-0.3266666666666671,-0.5733333333333328,-0.07333333333333325,0.49999999999999956,True,0.0225,True
50,164,-0.40666666666666584,-0.6799999999999997,-0.13999999999999968,0.54,True,0.007,True
50,165,-0.6000000000000001,-0.8335000000000011,-0.38000000000000034,0.4535000000000008,True,0.0,True
50,166,-0.273333333333333,-0.5533333333333337,0.020000000000000462,0.5733333333333341,True,0.074,False
50,167,-0.56,-0.8333333333333335,-0.29333333333333345,0.54,True,0.0,True
50,168,-0.28000000000000025,-0.5535000000000004,0.006666666666666843,0.5601666666666673,True,0.0595,False
50,169,-0.27333333333333387,-0.5466666666666664,-0.026666666666666394,0.52,True,0.047,True
50,170,-0.41999999999999993,-0.6866666666666665,-0.1598333333333344,0.5268333333333322,True,0.005,True
50,171,-0.4066666666666663,-0.6800000000000002,-0.14000000000000054,0.5399999999999996,True,0.0035,True
50,172,-0.4199999999999995,-0.7199999999999998,-0.12650000000000028,0.5934999999999995,True,0.009,True
50,173,-0.5200000000000005,-0.773333333333333,-0.26000000000000023,0.5133333333333328,True,0.0005,True
50,174,-0.24666666666666703,-0.5066666666666664,0.019999999999999574,0.526666666666666,True,0.085,False
50,175,-0.38000000000000034,-0.6535000000000005,-0.09999999999999962,0.5535000000000009,True,0.0115,True
50,176,-0.24666666666666615,-0.5199999999999996,0.026666666666666394,0.546666666666666,True,0.083,False
50,177,-0.5866666666666673,-0.8266666666666667,-0.3533333333333335,0.47333333333333316,True,0.0,True
50,178,-0.4533333333333327,-0.7066666666666674,-0.19999999999999973,0.5066666666666677,True,0.0045,True
50,179,-0.3599999999999999,-0.6201666666666664,-0.09333333333333282,0.5268333333333336,True,0.0155,True
50,180,-0.21999999999999886,-0.49333333333333274,0.05333333333333368,0.5466666666666664,True,0.1295,False
50,181,-0.47333333333333405,-0.7733333333333325,-0.1731666666666672,0.6001666666666654,True,0.0025,True
50,182,-0.3066666666666662,-0.5666666666666673,-0.040000000000000036,0.5266666666666673,True,0.0295,True
50,183,-0.38000000000000034,-0.6133333333333333,-0.14000000000000057,0.4733333333333327,True,0.006,True
50,184,-0.2333333333333334,-0.47999999999999954,0.013333333333333652,0.4933333333333332,True,0.088,False
50,185,-0.3533333333333326,-0.5866666666666669,-0.10666666666666644,0.4800000000000004,True,0.0035,True
50,186,-0.30000000000000027,-0.5333333333333328,-0.059833333333333,0.47349999999999975,True,0.024,True
50,187,-0.45333333333333314,-0.7199999999999993,-0.206666666666667,0.5133333333333323,True,0.001,True
50,188,-0.3599999999999999,-0.5999999999999992,-0.10666666666666647,0.49333333333333274,True,0.007,True
50,189,-0.4600000000000004,-0.7466666666666661,-0.1866666666666661,0.56,True,0.0015,True
50,190,-0.42666666666666675,-0.6935000000000006,-0.1333333333333333,0.5601666666666673,True,0.006,True
50,191,-0.2199999999999993,-0.5068333333333327,0.07333333333333325,0.5801666666666659,True,0.1725,False
50,192,-0.393333333333334,-0.6666666666666674,-0.10666666666666778,0.5599999999999996,True,0.007,True
50,193,-0.29333333333333345,-0.5600000000000005,0.006666666666665955,0.5666666666666664,True,0.0355,True
50,194,-0.4466666666666672,-0.7201666666666674,-0.17333333333333378,0.5468333333333336,True,0.005,True
50,195,-0.3199999999999985,-0.6199999999999997,-0.006666666666667253,0.6133333333333324,True,0.047,True
50,196,-0.4933333333333332,-0.773333333333333,-0.23333333333333295,0.54,True,0.0005,True
50,197,-0.5266666666666668,-0.7666666666666666,-0.2999999999999998,0.4666666666666668,True,0.0,True
50,198,-0.4933333333333336,-0.733333333333333,-0.25333333333333385,0.4799999999999991,True,0.0,True
50,199,-0.2400000000000002,-0.4733333333333336,0.006666666666665955,0.47999999999999954,True,0.0525,False
50,200,-0.36666666666666625,-0.6200000000000001,-0.1200000000000001,0.5,True,0.0045,True
50,201,-0.3200000000000003,-0.5333333333333332,-0.08666666666666688,0.4466666666666663,True,0.0075,True
50,202,-0.433333333333334,-0.6666666666666665,-0.17999999999999972,0.4866666666666668,True,0.0015,True
50,203,-0.3733333333333331,-0.6533333333333338,-0.07333333333333325,0.5800000000000005,True,0.0145,True
50,204,-0.37999999999999945,-0.6399999999999997,-0.12000000000000054,0.5199999999999991,True,0.0075,True
50,205,-0.4133333333333322,-0.6600000000000006,-0.15333333333333332,0.5066666666666673,True,0.0015,True
50,206,-0.41999999999999904,-0.6999999999999997,-0.12650000000000072,0.573499999999999,True,0.0065,True
50,207,-0.3799999999999999,-0.6600000000000001,-0.09333333333333371,0.5666666666666664,True,0.014,True
50,208,-0.5733333333333333,-0.8666666666666667,-0.2731666666666672,0.5934999999999995,True,0.001,True
50,209,-0.3066666666666671,-0.5733333333333324,-0.026666666666666373,0.546666666666666,True,0.039,True
50,210,-0.3333333333333326,-0.5999999999999992,-0.07333333333333325,0.526666666666666,True,0.025,True
50,211,-0.30000000000000027,-0.5466666666666669,-0.05316666666666707,0.49349999999999977,True,0.035,True
50,212,-0.33999999999999986,-0.5800000000000005,-0.09333333333333414,0.48666666666666636,True,0.012,True
50,213,-0.4400000000000004,-0.7068333333333338,-0.1533333333333333,0.5535000000000004,True,0.003,True
50,214,-0.41333333333333266,-0.6668333333333337,-0.1200000000000001,0.5468333333333336,True,0.0085,True
50,215,-0.586666666666666,-0.8533333333333335,-0.306666666666668,0.5466666666666655,True,0.0,True
50,216,-0.33333333333333304,-0.6399999999999997,-0.013333333333334075,0.6266666666666656,True,0.053,False
50,217,-0.40000000000000036,-0.6466666666666674,-0.1333333333333333,0.5133333333333341,True,0.0045,True
50,218,-0.47999999999999954,-0.766666666666667,-0.18666666666666654,0.5800000000000005,True,0.003,True
50,219,-0.4066666666666672,-0.6666666666666661,-0.13316666666666713,0.533499999999999,True,0.008,True
50,220,-0.3133333333333326,-0.6133333333333333,0.006833333333331705,0.620166666666665,True,0.0555,False
50,221,-0.3600000000000003,-0.5933333333333328,-0.12666666666666648,0.46666666666666634,True,0.0045,True
50,222,-0.3466666666666658,-0.606666666666666,-0.10000000000000052,0.5066666666666655,True,0.0105,True
50,223,-0.6133333333333333,-0.9000000000000004,-0.3333333333333339,0.5666666666666664,True,0.0,True
50,224,-0.4199999999999995,-0.6799999999999997,-0.13333333333333375,0.546666666666666,True,0.0045,True
50,225,-0.4400000000000004,-0.6933333333333329,-0.18666666666666654,0.5066666666666664,True,0.0025,True
50,226,-0.41999999999999993,-0.6933333333333325,-0.14000000000000057,0.5533333333333319,True,0.005,True
50,227,-0.36666666666666625,-0.6399999999999997,-0.09999999999999919,0.5400000000000005,True,0.0105,True
50,228,-0.2266666666666679,-0.48666666666666636,0.033333333333332806,0.5199999999999991,True,0.1095,False
50,229,-0.4200000000000004,-0.7066666666666666,-0.12666666666666648,0.5800000000000001,True,0.0085,True
50,230,-0.37999999999999856,-0.7001666666666665,-0.06666666666666599,0.6335000000000005,True,0.026,True
50,231,-0.49999999999999956,-0.7933333333333339,-0.18666666666666654,0.6066666666666674,True,0.003,True
50,232,-0.3533333333333335,-0.6466666666666665,-0.07333333333333368,0.5733333333333328,True,0.0185,True
50,233,-0.24666666666666748,-0.5066666666666668,0.033333333333332785,0.5399999999999996,True,0.076,False
50,234,-0.4600000000000004,-0.7266666666666666,-0.206666666666667,0.5199999999999996,True,0.0005,True
50,235,-0.5466666666666669,-0.8066666666666666,-0.28000000000000025,0.5266666666666664,True,0.0,True
50,236,-0.4733333333333345,-0.773333333333333,-0.18666666666666695,0.586666666666666,True,0.005,True
50,237,-0.313333333333333,-0.6201666666666664,-0.006666666666666821,0.6134999999999996,True,0.049,True
50,238,-0.43333333333333357,-0.7066666666666666,-0.17983333333333354,0.526833333333333,True,0.003,True
50,239,-0.14666666666666783,-0.4135000000000008,0.12016666666666628,0.5336666666666671,True,0.329,False
50,240,-0.38000000000000034,-0.6401666666666678,-0.0933333333333337,0.5468333333333341,True,0.0095,True
50,241,-0.5933333333333337,-0.8466666666666662,-0.33333333333333304,0.5133333333333332,True,0.0,True
50,242,-0.4599999999999995,-0.7133333333333334,-0.19316666666666718,0.5201666666666662,True,0.0025,True
50,243,-0.42666666666666675,-0.706666666666667,-0.14000000000000057,0.5666666666666664,True,0.007,True
50,244,-0.14000000000000012,-0.41999999999999993,0.1466666666666665,0.5666666666666664,True,0.377,False
50,245,-0.45999999999999996,-0.7466666666666666,-0.17999999999999972,0.5666666666666669,True,0.005,True
50,246,-0.48666666666666725,-0.7533333333333334,-0.2400000000000002,0.5133333333333332,True,0.0005,True
50,247,-0.38000000000000034,-0.6401666666666678,-0.08666666666666689,0.5535000000000009,True,0.0095,True
50,248,-0.4266666666666663,-0.7000000000000002,-0.15333333333333288,0.5466666666666673,True,0.006,True
50,249,-0.23333333333333384,-0.48666666666666636,0.020000000000000462,0.5066666666666668,True,0.0925,False
50,250,-0.3933333333333331,-0.6933333333333338,-0.10000000000000009,0.5933333333333337,True,0.0185,True
50,251,-0.5400000000000014,-0.8266666666666662,-0.24666666666666748,0.5799999999999987,True,0.0,True
50,252,-0.44666666666666677,-0.7400000000000007,-0.12666666666666604,0.6133333333333346,True,0.0075,True
50,253,-0.3333333333333335,-0.6133333333333333,-0.04666666666666597,0.5666666666666673,True,0.031,True
50,254,-0.30666666666666664,-0.586666666666666,-0.019833333333333834,0.5668333333333322,True,0.0445,True
50,255,-0.4066666666666663,-0.706666666666667,-0.11333333333333329,0.5933333333333337,True,0.0155,True
50,256,-0.413333333333334,-0.6866666666666665,-0.15333333333333332,0.5333333333333332,True,0.006,True
50,257,-0.46666666666666723,-0.7466666666666661,-0.20000000000000107,0.5466666666666651,True,0.003,True
50,258,-0.2533333333333334,-0.5266666666666664,0.013333333333333641,0.54,True,0.0885,False
50,259,-0.20666666666666655,-0.4666666666666659,0.05999999999999918,0.5266666666666651,True,0.1475,False
50,260,-0.413333333333334,-0.6533333333333333,-0.1733333333333329,0.4800000000000004,True,0.001,True
50,261,-0.3799999999999999,-0.6733333333333333,-0.09333333333333457,0.5799999999999987,True,0.0195,True
50,262,-0.3733333333333335,-0.6001666666666673,-0.13999999999999968,0.4601666666666676,True,0.005,True
50,263,-0.3199999999999994,-0.5866666666666669,-0.033333333333333215,0.5533333333333337,True,0.0325,True
50,264,-0.6200000000000006,-0.9066666666666672,-0.34000000000000075,0.5666666666666664,True,0.0,True
50,265,-0.433333333333334,-0.6933333333333334,-0.16650000000000037,0.526833333333333,True,0.0045,True
50,266,-0.433333333333334,-0.7133333333333329,-0.12666666666666648,0.5866666666666664,True,0.004,True
50,267,-0.4066666666666672,-0.6600000000000006,-0.13333333333333286,0.5266666666666677,True,0.006,True
50,268,-0.48,-0.7866666666666671,-0.19333333333333336,0.5933333333333337,True,0.001,True
50,269,-0.433333333333334,-0.6866666666666661,-0.18666666666666742,0.49999999999999867,True,0.0035,True
50,270,-0.47999999999999954,-0.7600000000000002,-0.20666666666666786,0.5533333333333323,True,0.001,True
50,271,-0.26000000000000023,-0.5466666666666669,0.05333333333333368,0.6000000000000005,True,0.0965,False
50,272,-0.37333333333333396,-0.6400000000000001,-0.09333333333333281,0.5466666666666673,True,0.013,True
50,273,-0.3333333333333335,-0.5599999999999992,-0.11333333333333329,0.4466666666666659,True,0.006,True
50,274,-0.45333333333333403,-0.6999999999999997,-0.20666666666666655,0.4933333333333332,True,0.003,True
50,275,-0.30666666666666575,-0.5335000000000009,-0.06000000000000048,0.47350000000000037,True,0.022,True
50,276,-0.3799999999999999,-0.6933333333333334,-0.0666666666666673,0.626666666666666,True,0.024,True
50,277,-0.393333333333334,-0.6399999999999997,-0.13333333333333375,0.5066666666666659,True,0.0045,True
50,278,-0.49333333333333407,-0.7600000000000002,-0.22000000000000064,0.5399999999999996,True,0.0015,True
50,279,-0.36000000000000076,-0.6466666666666665,-0.07333333333333325,0.5733333333333333,True,0.024,True
50,280,-0.6199999999999992,-0.8735000000000003,-0.3866666666666667,0.48683333333333356,True,0.0,True
50,281,-0.28000000000000025,-0.56,-0.006666666666666821,0.5533333333333332,True,0.056,False
50,282,-0.3333333333333335,-0.5933333333333328,-0.06666666666666599,0.5266666666666668,True,0.022,True
50,283,-0.38666666666666716,-0.6333333333333329,-0.15333333333333332,0.47999999999999954,True,0.0035,True
50,284,-0.4333333333333331,-0.6733333333333342,-0.1800000000000006,0.4933333333333336,True,0.004,True
50,285,-0.7866666666666671,-1.0200000000000005,-0.5466666666666664,0.47333333333333405,False,0.0,True
50,286,-0.5000000000000004,-0.793333333333333,-0.21999999999999972,0.5733333333333333,True,0.0005,True
50,287,-0.27333333333333387,-0.5333333333333332,0.0,0.5333333333333332,True,0.0705,False
50,288,-0.3000000000000007,-0.5600000000000005,-0.04000000000000002,0.5200000000000005,True,0.0425,True
50,289,-0.4133333333333331,-0.6799999999999993,-0.1466666666666665,0.5333333333333328,True,0.0065,True
50,290,-0.3400000000000003,-0.6066666666666665,-0.0666666666666664,0.54,True,0.0205,True
50,291,-0.4199999999999995,-0.7133333333333329,-0.11333333333333373,0.5999999999999992,True,0.013,True
50,292,-0.4200000000000008,-0.7600000000000007,-0.07999999999999963,0.680000000000001,True,0.0215,True
50,293,-0.5933333333333342,-0.8400000000000003,-0.3533333333333335,0.4866666666666668,True,0.0,True
50,294,-0.5266666666666668,-0.7866666666666671,-0.26666666666666616,0.5200000000000009,True,0.001,True
50,295,-0.5333333333333328,-0.8200000000000003,-0.2398333333333336,0.5801666666666667,True,0.001,True
50,296,-0.3666666666666667,-0.6533333333333333,-0.07333333333333325,0.5800000000000001,True,0.0145,True
50,297,-0.41333333333333355,-0.686666666666667,-0.15333333333333332,0.5333333333333337,True,0.001,True
50,298,-0.43999999999999995,-0.7133333333333338,-0.1466666666666674,0.5666666666666664,True,0.005,True
50,299,-0.4333333333333331,-0.6933333333333329,-0.15333333333333377,0.5399999999999991,True,0.002,True
50,300,-0.4599999999999995,-0.7333333333333325,-0.19333333333333336,0.5399999999999991,True,0.004,True
50,301,-0.31333333333333346,-0.56,-0.040000000000000036,0.52,True,0.0265,True
50,302,-0.3733333333333344,-0.6935000000000001,-0.05333333333333279,0.6401666666666673,True,0.028,True
50,303,-0.5733333333333341,-0.8533333333333326,-0.2866666666666662,0.5666666666666664,True,0.0,True
50,304,-0.47999999999999954,-0.773333333333333,-0.19333333333333336,0.5799999999999996,True,0.002,True
50,305,-0.3333333333333335,-0.5866666666666656,-0.08666666666666689,0.49999999999999867,True,0.013,True
50,306,-0.5,-0.7599999999999998,-0.25333333333333385,0.5066666666666659,True,0.0,True
50,307,-0.3466666666666667,-0.6135000000000005,-0.06666666666666643,0.5468333333333341,True,0.0215,True
50,308,-0.4400000000000004,-0.7401666666666665,-0.1265000000000003,0.6136666666666662,True,0.0085,True
50,309,-0.3800000000000008,-0.6066666666666674,-0.13999999999999968,0.4666666666666677,True,0.0025,True
50,310,-0.5666666666666655,-0.8599999999999999,-0.29333333333333345,0.5666666666666664,True,0.0,True
50,311,-0.2466666666666666,-0.5001666666666668,-0.006666666666666821,0.49349999999999994,True,0.066,False
50,312,-0.433333333333334,-0.7133333333333329,-0.15333333333333243,0.5600000000000005,True,0.0065,True
50,313,-0.2666666666666666,-0.5533333333333332,0.006666666666666821,0.56,True,0.072,False
50,314,-0.46666666666666634,-0.7533333333333334,-0.1933333333333329,0.5600000000000005,True,0.004,True
50,315,-0.4799999999999991,-0.7666666666666662,-0.19316666666666674,0.5734999999999995,True,0.001,True
50,316,-0.3533333333333335,-0.6133333333333328,-0.09333333333333325,0.5199999999999996,True,0.016,True
50,317,-0.32000000000000073,-0.5866666666666664,-0.046666666666667724,0.5399999999999987,True,0.041,True
50,318,-0.35999999999999943,-0.5866666666666673,-0.1333333333333333,0.45333333333333403,True,0.005,True
50,319,-0.5666666666666664,-0.8199999999999994,-0.313333333333333,0.5066666666666664,True,0.0,True
50,320,-0.46666666666666634,-0.740166666666667,-0.1865000000000008,0.5536666666666662,True,0.002,True
50,321,-0.3866666666666658,-0.6533333333333329,-0.11999999999999922,0.5333333333333337,True,0.0035,True
50,322,-0.46666666666666634,-0.7733333333333334,-0.13999999999999965,0.6333333333333337,True,0.007,True
50,323,-0.2466666666666666,-0.5266666666666673,0.033333333333333215,0.5600000000000005,True,0.0995,False
50,324,-0.35333333333333394,-0.5866666666666673,-0.10666666666666644,0.48000000000000087,True,0.0135,True
50,325,-0.3866666666666676,-0.6400000000000001,-0.13333333333333286,0.5066666666666673,True,0.003,True
50,326,-0.4866666666666659,-0.7666666666666662,-0.24666666666666615,0.52,True,0.0015,True
50,327,-0.27333333333333343,-0.5733333333333337,0.033333333333333215,0.6066666666666669,True,0.0925,False
50,328,-0.21333333333333293,-0.486833333333334,0.06016666666666624,0.5470000000000003,True,0.1685,False
50,329,-0.52,-0.7866666666666666,-0.2599999999999998,0.5266666666666668,True,0.0,True
50,330,-0.3866666666666667,-0.6266666666666669,-0.14666666666666736,0.47999999999999954,True,0.002,True
50,331,-0.3399999999999994,-0.6599999999999993,-0.019833333333333845,0.6401666666666654,True,0.049,True
50,332,-0.32666666666666666,-0.6133333333333337,-0.02666666666666815,0.5866666666666656,True,0.041,True
50,333,-0.32666666666666666,-0.626666666666666,-0.046666666666666856,0.5799999999999992,True,0.034,True
50,334,-0.3466666666666667,-0.6266666666666669,-0.05333333333333279,0.5733333333333341,True,0.03,True
50,335,-0.2666666666666657,-0.4866666666666668,-0.04650000000000025,0.44016666666666654,True,0.0305,True
50,336,-0.3200000000000003,-0.5933333333333342,-0.05316666666666706,0.5401666666666671,True,0.03,True
50,337,-0.3266666666666662,-0.5999999999999996,-0.07983333333333388,0.5201666666666658,True,0.02,True
50,338,-0.2866666666666666,-0.5733333333333333,0.0001666666666666159,0.5734999999999999,True,0.0595,False
50,339,-0.4399999999999995,-0.7068333333333338,-0.16666666666666696,0.5401666666666668,True,0.0045,True
50,340,-0.31333333333333346,-0.6199999999999997,-0.0066666666666659324,0.6133333333333337,True,0.0615,False
50,341,-0.6333333333333329,-0.913333333333334,-0.3666666666666658,0.5466666666666682,True,0.0,True
50,342,-0.5066666666666668,-0.760166666666667,-0.2133333333333338,0.5468333333333332,True,0.0,True
50,343,-0.27333333333333387,-0.4666666666666659,-0.08000000000000007,0.3866666666666658,True,0.0075,True
50,344,-0.5533333333333337,-0.7799999999999998,-0.3265000000000005,0.4534999999999993,True,0.0,True
50,345,-0.18666666666666654,-0.45333333333333314,0.0866666666666669,0.54,True,0.173,False
50,346,-0.3733333333333322,-0.6666666666666661,-0.08000000000000004,0.586666666666666,True,0.0185,True
50,347,-0.20666666666666567,-0.4669999999999999,0.09333333333333282,0.5603333333333327,True,0.1945,False
50,348,-0.3999999999999999,-0.6799999999999993,-0.09316666666666709,0.5868333333333322,True,0.006,True
50,349,-0.33999999999999986,-0.6066666666666674,-0.059833333333333,0.5468333333333344,True,0.0275,True
50,350,-0.5066666666666673,-0.8133333333333335,-0.22649999999999998,0.5868333333333335,True,0.002,True
50,351,-0.48666666666666725,-0.7535000000000002,-0.23333333333333295,0.5201666666666672,True,0.0,True
50,352,-0.41333333333333355,-0.6933333333333338,-0.1333333333333333,0.5600000000000005,True,0.0065,True
50,353,-0.4866666666666659,-0.8133333333333335,-0.1466666666666665,0.666666666666667,True,0.0065,True
50,354,-0.41999999999999993,-0.706666666666667,-0.12666666666666648,0.5800000000000005,True,0.01,True
50,355,-0.5066666666666677,-0.813333333333333,-0.2199999999999993,0.5933333333333337,True,0.002,True
50,356,-0.3799999999999999,-0.6533333333333333,-0.08666666666666645,0.5666666666666669,True,0.012,True
50,357,-0.39999999999999947,-0.6668333333333333,-0.08666666666666734,0.5801666666666659,True,0.0075,True
50,358,-0.5133333333333336,-0.8068333333333334,-0.22666666666666657,0.5801666666666668,True,0.002,True
50,359,-0.21999999999999975,-0.4601666666666659,0.046666666666666856,0.5068333333333328,True,0.124,False
50,360,-0.36000000000000076,-0.6533333333333333,-0.040000000000000036,0.6133333333333333,True,0.0255,True
50,361,-0.32666666666666666,-0.54,-0.10650000000000075,0.4334999999999993,True,0.0035,True
50,362,-0.31333333333333435,-0.5999999999999992,-0.033333333333333215,0.566666666666666,True,0.036,True
50,363,-0.48666666666666636,-0.7533333333333334,-0.21333333333333337,0.54,True,0.001,True
50,364,-0.4599999999999995,-0.7199999999999989,-0.19316666666666676,0.5268333333333322,True,0.0015,True
50,365,-0.4466666666666672,-0.673333333333332,-0.22666666666666657,0.44666666666666544,True,0.0005,True
50,366,-0.3999999999999999,-0.6668333333333337,-0.10666666666666735,0.5601666666666664,True,0.006,True
50,367,-0.40000000000000036,-0.6866666666666665,-0.11333333333333329,0.5733333333333333,True,0.0065,True
50,368,-0.4266666666666654,-0.7266666666666661,-0.14666666666666606,0.5800000000000001,True,0.0045,True
50,369,-0.38666666666666716,-0.6599999999999993,-0.12000000000000055,0.5399999999999987,True,0.0095,True
50,370,-0.35333333333333306,-0.6266666666666669,-0.07983333333333346,0.5468333333333335,True,0.0225,True
50,371,-0.3733333333333335,-0.6599999999999997,-0.08000000000000093,0.5799999999999987,True,0.018,True
50,372,-0.3866666666666667,-0.6800000000000006,-0.11316666666666667,0.566833333333334,True,0.0135,True
50,373,-0.22666666666666613,-0.4933333333333332,0.060000000000000955,0.5533333333333341,True,0.136,False
50,374,-0.39999999999999947,-0.6335000000000001,-0.15333333333333374,0.4801666666666663,True,0.0045,True
50,375,-0.3733333333333331,-0.6066666666666669,-0.14000000000000143,0.46666666666666545,True,0.0055,True
50,376,-0.3933333333333331,-0.6866666666666665,-0.0933333333333337,0.5933333333333328,True,0.0145,True
50,377,-0.39333333333333353,-0.7133333333333329,-0.10000000000000007,0.6133333333333328,True,0.016,True
50,378,-0.47333333333333316,-0.7599999999999998,-0.18666666666666698,0.5733333333333328,True,0.0025,True
50,379,-0.3266666666666662,-0.6066666666666669,-0.033333333333333645,0.5733333333333333,True,0.0435,True
50,380,-0.3133333333333339,-0.5933333333333324,-0.013333333333332753,0.5799999999999996,True,0.0485,True
50,381,-0.5200000000000005,-0.7866666666666657,-0.25333333333333385,0.5333333333333319,True,0.0,True
50,382,-0.40666666666666584,-0.666666666666667,-0.14666666666666694,0.52,True,0.0065,True
50,383,-0.37333333333333396,-0.6666666666666665,-0.07333333333333412,0.5933333333333324,True,0.025,True
50,384,-0.399999999999999,-0.6666666666666661,-0.13999999999999968,0.5266666666666664,True,0.009,True
50,385,-0.20000000000000062,-0.4666666666666677,0.06666666666666643,0.5333333333333341,True,0.1295,False
50,386,-0.25999999999999934,-0.48666666666666636,-0.026666666666667282,0.4599999999999991,True,0.0385,True
50,387,-0.31999999999999984,-0.5666666666666669,-0.06000000000000048,0.5066666666666664,True,0.012,True
50,388,-0.3866666666666667,-0.6933333333333325,-0.10000000000000009,0.5933333333333324,True,0.017,True
50,389,-0.5533333333333323,-0.8335000000000002,-0.29316666666666685,0.5403333333333333,True,0.0,True
50,390,-0.580000000000001,-0.8066666666666671,-0.36649999999999966,0.4401666666666674,True,0.0,True
50,391,-0.5199999999999996,-0.7933333333333321,-0.21983333333333313,0.573499999999999,True,0.0005,True
50,392,-0.3399999999999994,-0.5866666666666673,-0.08000000000000007,0.5066666666666673,True,0.013,True
50,393,-0.5666666666666664,-0.8466666666666658,-0.27999999999999936,0.5666666666666664,True,0.0005,True
50,394,-0.4200000000000004,-0.6733333333333333,-0.17333333333333287,0.5000000000000004,True,0.0015,True
50,395,-0.38666666666666627,-0.6668333333333333,-0.12000000000000009,0.5468333333333332,True,0.0125,True
50,396,-0.29333333333333345,-0.5535,-0.026500000000000655,0.5269999999999994,True,0.047,True
50,397,-0.3400000000000003,-0.6133333333333333,-0.04666666666666595,0.5666666666666673,True,0.023,True
50,398,-0.3600000000000003,-0.5933333333333333,-0.12666666666666693,0.46666666666666634,True,0.004,True
50,399,-0.42666666666666675,-0.6733333333333329,-0.17316666666666716,0.5001666666666658,True,0.0025,True
50,400,-0.3333333333333335,-0.5933333333333337,-0.040000000000000036,0.5533333333333337,True,0.036,True
50,401,-0.3933333333333331,-0.653500000000001,-0.11333333333333372,0.5401666666666672,True,0.006,True
50,402,-0.3733333333333331,-0.6066666666666669,-0.14666666666666606,0.46000000000000085,True,0.002,True
50,403,-0.3266666666666671,-0.5933333333333328,-0.06666666666666686,0.526666666666666,True,0.02,True
50,404,-0.5333333333333337,-0.7933333333333334,-0.2800000000000007,0.5133333333333328,True,0.0,True
50,405,-0.5066666666666668,-0.7668333333333338,-0.2666666666666675,0.5001666666666663,True,0.0,True
50,406,-0.3733333333333335,-0.6599999999999997,-0.08666666666666643,0.5733333333333333,True,0.015,True
50,407,-0.17333333333333378,-0.43333333333333357,0.09333333333333282,0.5266666666666664,True,0.239,False
50,408,-0.30666666666666664,-0.5599999999999992,-0.060000000000000484,0.49999999999999867,True,0.0255,True
50,409,-0.38666666666666627,-0.6466666666666661,-0.12666666666666693,0.5199999999999991,True,0.008,True
50,410,-0.25999999999999934,-0.5000000000000004,-0.02666666666666726,0.47333333333333316,True,0.045,True
50,411,-0.25999999999999934,-0.47333333333333316,-0.033333333333333215,0.43999999999999995,True,0.0285,True
50,412,-0.3466666666666671,-0.5999999999999996,-0.08666666666666689,0.5133333333333328,True,0.0155,True
50,413,-0.3266666666666658,-0.5868333333333332,-0.04650000000000025,0.540333333333333,True,0.0235,True
50,414,-0.40000000000000036,-0.6801666666666669,-0.11999999999999922,0.5601666666666677,True,0.01,True
50,415,-0.28666666666666707,-0.5533333333333332,-0.019999999999999574,0.5333333333333337,True,0.0495,True
50,416,-0.33999999999999986,-0.6066666666666669,-0.06666666666666597,0.5400000000000009,True,0.0175,True
50,417,-0.3466666666666671,-0.6066666666666669,-0.09333333333333371,0.5133333333333332,True,0.0115,True
50,418,-0.45333333333333403,-0.6866666666666665,-0.246666666666667,0.4399999999999995,True,0.0,True
50,419,-0.1933333333333338,-0.4533333333333336,0.07333333333333328,0.5266666666666668,True,0.182,False
50,420,-0.3733333333333331,-0.6466666666666665,-0.08666666666666599,0.5600000000000005,True,0.014,True
50,421,-0.393333333333334,-0.693500000000001,-0.09333333333333456,0.6001666666666664,True,0.015,True
50,422,-0.4133333333333318,-0.6933333333333334,-0.1398333333333335,0.5534999999999999,True,0.0065,True
50,423,-0.5200000000000005,-0.7668333333333334,-0.28000000000000025,0.4868333333333331,True,0.0,True
50,424,-0.3800000000000012,-0.666666666666667,-0.09999999999999963,0.5666666666666673,True,0.0125,True
50,425,-0.4599999999999991,-0.7066666666666652,-0.19999999999999973,0.5066666666666655,True,0.003,True
50,426,-0.4200000000000008,-0.7000000000000006,-0.14000000000000054,0.56,True,0.005,True
50,427,-0.41333333333333266,-0.6801666666666669,-0.13999999999999968,0.5401666666666672,True,0.004,True
50,428,-0.43333333333333357,-0.7000000000000002,-0.1466666666666674,0.5533333333333328,True,0.004,True
50,429,-0.26000000000000023,-0.5333333333333328,0.026833333333333022,0.5601666666666658,True,0.0835,False
50,430,-0.4200000000000004,-0.6933333333333334,-0.11983333333333392,0.5734999999999995,True,0.0075,True
50,431,-0.48666666666666725,-0.7666666666666666,-0.18666666666666698,0.5799999999999996,True,0.001,True
50,432,-0.4533333333333327,-0.7401666666666665,-0.17333333333333378,0.5668333333333327,True,0.004,True
50,433,-0.4200000000000008,-0.6933333333333342,-0.1398333333333331,0.5535000000000012,True,0.006,True
50,434,-0.40666666666666673,-0.7066666666666666,-0.11333333333333372,0.5933333333333328,True,0.0135,True
50,435,-0.27999999999999936,-0.5466666666666669,-0.013333333333333641,0.5333333333333332,True,0.063,False
50,436,-0.2933333333333339,-0.5668333333333327,-0.03333333333333408,0.5334999999999986,True,0.0485,True
50,437,-0.4600000000000004,-0.7133333333333338,-0.21333333333333468,0.4999999999999991,True,0.001,True
50,438,-0.33999999999999986,-0.5866666666666669,-0.08000000000000007,0.5066666666666668,True,0.018,True
50,439,-0.5733333333333333,-0.8399999999999999,-0.3200000000000003,0.5199999999999996,True,0.0,True
50,440,-0.38000000000000034,-0.6600000000000001,-0.07999999999999918,0.580000000000001,True,0.012,True
50,441,-0.5133333333333336,-0.8268333333333339,-0.19333333333333336,0.6335000000000005,True,0.003,True
50,442,-0.5266666666666677,-0.793333333333333,-0.26000000000000023,0.5333333333333328,True,0.0,True
50,443,-0.4866666666666668,-0.7601666666666665,-0.22649999999999998,0.5336666666666665,True,0.001,True
50,444,-0.3466666666666671,-0.6199999999999997,-0.0731666666666671,0.5468333333333326,True,0.018,True
50,445,-0.5133333333333328,-0.7666666666666662,-0.27333333333333254,0.4933333333333336,True,0.0,True
50,446,-0.34666666666666535,-0.6266666666666665,-0.05333333333333368,0.5733333333333328,True,0.018,True
50,447,-0.5133333333333336,-0.7666666666666666,-0.2599999999999998,0.5066666666666668,True,0.0005,True
50,448,-0.2999999999999998,-0.5268333333333336,-0.07333333333333279,0.4535000000000008,True,0.0125,True
50,449,-0.5066666666666664,-0.7666666666666666,-0.2333333333333325,0.5333333333333341,True,0.001,True
50,450,-0.2799999999999998,-0.5599999999999996,-8.659739592077433e-16,0.5599999999999987,True,0.0535,False
50,451,-0.3733333333333344,-0.6200000000000001,-0.1200000000000001,0.5,True,0.006,True
50,452,-0.4733333333333327,-0.7266666666666661,-0.21983333333333402,0.5068333333333321,True,0.0,True
50,453,-0.4399999999999995,-0.6535000000000001,-0.22000000000000064,0.43349999999999944,True,0.0,True
50,454,-0.33999999999999986,-0.5733333333333328,-0.10650000000000073,0.4668333333333321,True,0.0055,True
50,455,-0.30666666666666753,-0.5600000000000005,-0.06000000000000048,0.5,True,0.0185,True
50,456,-0.22666666666666657,-0.4800000000000004,0.04666666666666688,0.5266666666666673,True,0.128,False
50,457,-0.30000000000000115,-0.6001666666666664,0.00016666666666660478,0.600333333333333,True,0.046,True
50,458,-0.4600000000000004,-0.7266666666666661,-0.2065000000000004,0.5201666666666658,True,0.0,True
50,459,-0.33999999999999986,-0.5533333333333341,-0.1266666666666669,0.4266666666666672,True,0.0045,True
50,460,-0.3266666666666658,-0.6199999999999992,-0.05333333333333368,0.5666666666666655,True,0.028,True
50,461,-0.5999999999999992,-0.8600000000000003,-0.32650000000000046,0.5334999999999999,True,0.0,True
50,462,-0.3133333333333339,-0.6333333333333329,0.006666666666667731,0.6400000000000006,True,0.0575,False
50,463,-0.2599999999999998,-0.5333333333333337,0.020166666666666177,0.5534999999999999,True,0.098,False
50,464,-0.3733333333333335,-0.6666666666666665,-0.09316666666666709,0.5734999999999995,True,0.0195,True
50,465,-0.5666666666666664,-0.773333333333333,-0.3533333333333326,0.4200000000000004,True,0.0,True
50,466,-0.31999999999999984,-0.5933333333333333,-0.05333333333333322,0.54,True,0.0345,True
50,467,-0.46666666666666723,-0.7133333333333329,-0.20000000000000018,0.5133333333333328,True,0.0005,True
50,468,-0.6133333333333333,-0.873333333333334,-0.33999999999999986,0.5333333333333341,True,0.0005,True
50,469,-0.4866666666666668,-0.7466666666666661,-0.24666666666666703,0.4999999999999991,True,0.0005,True
50,470,-0.3266666666666662,-0.5866666666666669,-0.046666666666666856,0.54,True,0.022,True
50,471,-0.4466666666666663,-0.7066666666666666,-0.21333333333333382,0.49333333333333274,True,0.0005,True
50,472,-0.5199999999999987,-0.7601666666666665,-0.27333333333333387,0.4868333333333327,True,0.0,True
50,473,-0.25333333333333297,-0.5133333333333332,0.020000000000000483,0.5333333333333337,True,0.082,False
50,474,-0.3533333333333326,-0.5666666666666673,-0.13333333333333372,0.43333333333333357,True,0.003,True
50,475,-0.46666666666666723,-0.6933333333333329,-0.2398333333333336,0.45349999999999935,True,0.0,True
50,476,-0.48,-0.7599999999999998,-0.1733333333333329,0.5866666666666669,True,0.004,True
50,477,-0.32666666666666666,-0.6133333333333324,-0.05316666666666662,0.5601666666666658,True,0.0325,True
50,478,-0.36666666666666714,-0.6334999999999996,-0.09333333333333282,0.5401666666666668,True,0.017,True
50,479,-0.3199999999999994,-0.5333333333333341,-0.10666666666666735,0.42666666666666675,True,0.005,True
50,480,-0.3599999999999999,-0.6133333333333342,-0.0931666666666671,0.5201666666666671,True,0.0165,True
50,481,-0.44666666666666766,-0.746666666666667,-0.1333333333333333,0.6133333333333337,True,0.006,True
50,482,-0.433333333333334,-0.6801666666666669,-0.16000000000000103,0.5201666666666659,True,0.0005,True
50,483,-0.21333333333333293,-0.4733333333333336,0.033333333333333215,0.5066666666666668,True,0.1185,False
50,484,-0.5533333333333341,-0.8466666666666667,-0.2666666666666666,0.5800000000000001,True,0.0,True
50,485,-0.3400000000000003,-0.6266666666666665,-0.026666666666666394,0.6000000000000001,True,0.04,True
50,486,-0.29333333333333256,-0.5801666666666664,2.2204460492381962e-17,0.5801666666666664,True,0.07,False
50,487,-0.3066666666666662,-0.5866666666666664,-0.040000000000000036,0.5466666666666664,True,0.0315,True
50,488,-0.4200000000000008,-0.6933333333333329,-0.15333333333333507,0.5399999999999978,True,0.0055,True
50,489,-0.39333333333333353,-0.6333333333333333,-0.1466666666666665,0.4866666666666668,True,0.0035,True
50,490,-0.41333333333333355,-0.6533333333333338,-0.16666666666666696,0.4866666666666668,True,0.0025,True
50,491,-0.4600000000000004,-0.746666666666667,-0.1799999999999997,0.5666666666666673,True,0.005,True
50,492,-0.3600000000000003,-0.6135000000000009,-0.09983333333333347,0.5136666666666675,True,0.013,True
50,493,-0.293333333333333,-0.566666666666666,-0.006666666666666821,0.5599999999999992,True,0.054,False
50,494,-0.40000000000000036,-0.6666666666666665,-0.1200000000000001,0.5466666666666664,True,0.0065,True
50,495,-0.28666666666666707,-0.5599999999999992,0.0,0.5599999999999992,True,0.064,False
50,496,-0.35999999999999943,-0.6266666666666665,-0.08666666666666686,0.5399999999999996,True,0.0115,True
50,497,-0.31999999999999984,-0.5735,-0.03333333333333406,0.5401666666666659,True,0.036,True
50,498,-0.6133333333333337,-0.8466666666666662,-0.3799999999999999,0.46666666666666634,True,0.0,True
50,499,-0.3466666666666667,-0.5733333333333324,-0.13333333333333372,0.4399999999999986,True,0.006,True
100,0,-0.3966666666666656,-0.5800833333333342,-0.21666666666666679,0.3634166666666674,True,0.0,True
100,1,-0.3966666666666674,-0.5834166666666671,-0.1933333333333338,0.39008333333333334,True,0.0005,True
100,2,-0.3966666666666674,-0.5967500000000008,-0.20999999999999996,0.3867500000000008,True,0.0005,True
100,3,-0.3966666666666674,-0.5900000000000003,-0.2166666666666659,0.3733333333333344,True,0.0005,True
100,4,-0.3966666666666674,-0.5900833333333334,-0.20333333333333314,0.38675000000000026,True,0.0005,True
100,5,-0.3966666666666665,-0.5933333333333333,-0.20666666666666655,0.3866666666666667,True,0.0,True
100,6,-0.3966666666666674,-0.5799999999999992,-0.20333333333333403,0.37666666666666515,True,0.0,True
100,7,-0.39666666666666694,-0.5834166666666667,-0.19999999999999973,0.38341666666666696,True,0.0,True
100,8,-0.3966666666666674,-0.5866666666666664,-0.2066666666666661,0.38000000000000034,True,0.0005,True
100,9,-0.3966666666666665,-0.5866666666666669,-0.199916666666666,0.3867500000000009,True,0.0,True
100,10,-0.3966666666666665,-0.5833333333333326,-0.20658333333333326,0.37674999999999936,True,0.0005,True
100,11,-0.3966666666666665,-0.5667500000000009,-0.20999999999999908,0.3567500000000018,True,0.0,True
100,12,-0.3966666666666665,-0.5933333333333328,-0.20658333333333329,0.38674999999999954,True,0.0,True
100,13,-0.3966666666666656,-0.589999999999999,-0.21325000000000008,0.3767499999999989,True,0.0,True
100,14,-0.3966666666666674,-0.5834166666666679,-0.20658333333333412,0.3768333333333338,True,0.0,True
100,15,-0.3966666666666674,-0.5899999999999994,-0.20000000000000148,0.3899999999999979,True,0.0,True
100,16,-0.3966666666666674,-0.5734166666666677,-0.19666666666666807,0.3767499999999996,True,0.0,True
100,17,-0.3966666666666665,-0.5866666666666664,-0.20333333333333398,0.38333333333333247,True,0.0,True
100,18,-0.3966666666666674,-0.5866666666666673,-0.19333333333333422,0.3933333333333331,True,0.0005,True
100,19,-0.3966666666666665,-0.5933333333333324,-0.20666666666666786,0.3866666666666645,True,0.0005,True
100,20,-0.3966666666666665,-0.5899999999999999,-0.20999999999999952,0.38000000000000034,True,0.0,True
100,21,-0.3966666666666674,-0.5899999999999994,-0.2000000000000006,0.3899999999999988,True,0.0005,True
100,22,-0.3966666666666665,-0.5834166666666675,-0.2033333333333327,0.38008333333333477,True,0.0,True
100,23,-0.3966666666666674,-0.5899999999999999,-0.20658333333333284,0.383416666666667,True,0.0,True
100,24,-0.3966666666666665,-0.586666666666666,-0.2033333333333336,0.3833333333333324,True,0.0,True
100,25,-0.3966666666666665,-0.5866666666666664,-0.2033333333333336,0.38333333333333286,True,0.0,True
100,26,-0.3966666666666665,-0.586666666666666,-0.20324999999999857,0.3834166666666674,True,0.0005,True
100,27,-0.3966666666666665,-0.5766666666666667,-0.21333333333333337,0.3633333333333333,True,0.0,True
100,28,-0.3966666666666656,-0.5933333333333328,-0.206666666666667,0.3866666666666658,True,0.0,True
100,29,-0.3966666666666665,-0.5899999999999999,-0.19666666666666718,0.39333333333333265,True,0.0,True
100,30,-0.3966666666666674,-0.586666666666666,-0.20000000000000107,0.38666666666666494,True,0.0,True
100,31,-0.39666666666666606,-0.6000000000000001,-0.20666666666666655,0.39333333333333353,True,0.0,True
100,32,-0.39666666666666694,-0.5899999999999999,-0.20000000000000018,0.3899999999999997,True,0.0005,True
100,33,-0.3966666666666665,-0.5933333333333337,-0.20666666666666655,0.38666666666666716,True,0.0,True
100,34,-0.3966666666666656,-0.5899999999999999,-0.20325000000000112,0.3867499999999987,True,0.0005,True
100,35,-0.3966666666666674,-0.5900833333333338,-0.20991666666666625,0.3801666666666676,True,0.0,True
100,36,-0.3966666666666674,-0.583416666666667,-0.1999999999999993,0.38341666666666774,True,0.0005,True
100,37,-0.3966666666666665,-0.583333333333333,-0.20324999999999943,0.3800833333333336,True,0.0,True
100,38,-0.3966666666666665,-0.5900000000000007,-0.20000000000000018,0.39000000000000057,True,0.0,True
100,39,-0.3966666666666665,-0.5800000000000001,-0.2033333333333336,0.3766666666666665,True,0.0,True
100,40,-0.3966666666666674,-0.5933333333333324,-0.20666666666666697,0.3866666666666654,True,0.0,True
100,41,-0.3966666666666656,-0.5833333333333326,-0.20658333333333284,0.37674999999999975,True,0.0005,True
100,42,-0.39666666666666694,-0.5834166666666679,-0.20666666666666744,0.3767500000000005,True,0.0005,True
100,43,-0.3966666666666665,-0.5866666666666669,-0.20000000000000018,0.3866666666666667,True,0.0,True
100,44,-0.3966666666666674,-0.5933333333333337,-0.20991666666666622,0.3834166666666675,True,0.0,True
100,45,-0.3966666666666656,-0.5900833333333338,-0.2065833333333341,0.38349999999999973,True,0.0,True
100,46,-0.3966666666666674,-0.5966666666666662,-0.203333333333334,0.3933333333333322,True,0.0,True
100,47,-0.3966666666666674,-0.5899999999999999,-0.21324999999999963,0.37675000000000025,True,0.0,True
100,48,-0.3966666666666665,-0.6066666666666665,-0.20999999999999908,0.3966666666666674,True,0.0005,True
100,49,-0.39666666666666606,-0.5866666666666673,-0.20324999999999985,0.3834166666666675,True,0.0,True
100,50,-0.3966666666666656,-0.583333333333333,-0.20000000000000015,0.38333333333333286,True,0.0,True
100,51,-0.3966666666666674,-0.5900833333333338,-0.21324999999999963,0.37683333333333424,True,0.0,True
100,52,-0.3966666666666674,-0.5833333333333335,-0.20666666666666786,0.3766666666666656,True,0.0,True
100,53,-0.3966666666666674,-0.583333333333333,-0.20324999999999982,0.3800833333333332,True,0.0,True
100,54,-0.3966666666666674,-0.5933333333333342,-0.20325000000000026,0.3900833333333339,True,0.0005,True
100,55,-0.3966666666666656,-0.5900000000000003,-0.2066666666666661,0.3833333333333342,True,0.0005,True
100,56,-0.3966666666666674,-0.5900000000000003,-0.19666666666666766,0.39333333333333265,True,0.0005,True
100,57,-0.3966666666666665,-0.6000000000000005,-0.19666666666666766,0.4033333333333329,True,0.0,True
100,58,-0.3966666666666674,-0.5866666666666669,-0.20999999999999996,0.3766666666666669,True,0.0,True
100,59,-0.3966666666666674,-0.5866666666666673,-0.19991666666666558,0.38675000000000176,True,0.0,True
100,60,-0.39666666666666606,-0.5866666666666656,-0.19999999999999926,0.38666666666666627,True,0.0,True
100,61,-0.3966666666666665,-0.5933333333333333,-0.2066666666666679,0.3866666666666654,True,0.0005,True
100,62,-0.3966666666666665,-0.5834166666666671,-0.20666666666666697,0.37675000000000014,True,0.0,True
100,63,-0.3966666666666656,-0.5900833333333335,-0.20666666666666744,0.3834166666666661,True,0.0005,True
100,64,-0.39666666666666783,-0.5834166666666671,-0.2165833333333339,0.36683333333333323,True,0.0,True
100,65,-0.3966666666666674,-0.5966666666666662,-0.20999999999999996,0.38666666666666627,True,0.0,True
100,66,-0.39666666666666783,-0.5967500000000007,-0.20666666666666694,0.3900833333333337,True,0.0,True
100,67,-0.3966666666666665,-0.5933333333333333,-0.203333333333334,0.38999999999999924,True,0.0,True
100,68,-0.3966666666666665,-0.5899999999999994,-0.20658333333333373,0.3834166666666657,True,0.0005,True
100,69,-0.39666666666666783,-0.5834166666666667,-0.20333333333333314,0.38008333333333355,True,0.0,True
100,70,-0.3966666666666665,-0.5866666666666669,-0.2000000000000006,0.38666666666666627,True,0.0005,True
100,71,-0.3966666666666665,-0.6000833333333341,-0.20999999999999996,0.3900833333333341,True,0.0,True
100,72,-0.3966666666666656,-0.5867500000000004,-0.2033333333333336,0.38341666666666685,True,0.0,True
100,73,-0.3966666666666674,-0.5833333333333317,-0.2166666666666663,0.36666666666666536,True,0.0,True
100,74,-0.3966666666666674,-0.5833333333333335,-0.20666666666666741,0.37666666666666604,True,0.0,True
100,75,-0.39666666666666783,-0.5733333333333341,-0.19333333333333336,0.3800000000000008,True,0.0,True
100,76,-0.3966666666666674,-0.5900000000000003,-0.20000000000000015,0.3900000000000001,True,0.0,True
100,77,-0.3966666666666656,-0.5866666666666669,-0.20333333333333314,0.38333333333333375,True,0.0,True
100,78,-0.3966666666666656,-0.5866666666666664,-0.19666666666666632,0.3900000000000001,True,0.0,True
100,79,-0.39666666666666517,-0.5800833333333341,-0.19991666666666602,0.38016666666666804,True,0.0,True
100,80,-0.39666666666666694,-0.5866666666666673,-0.20666666666666655,0.3800000000000008,True,0.0,True
100,81,-0.3966666666666674,-0.583333333333333,-0.20325000000000026,0.3800833333333328,True,0.0,True
100,82,-0.3966666666666674,-0.5834166666666671,-0.19666666666666893,0.3867499999999982,True,0.001,True
100,83,-0.3966666666666674,-0.5900833333333343,-0.2200000000000002,0.3700833333333341,True,0.0,True
100,84,-0.3966666666666665,-0.5833333333333335,-0.20658333333333326,0.37675000000000025,True,0.0005,True
100,85,-0.3966666666666665,-0.5899999999999994,-0.20333333333333314,0.38666666666666627,True,0.0,True
100,86,-0.3966666666666665,-0.5867500000000009,-0.21000000000000085,0.37675000000000003,True,0.0,True
100,87,-0.39666666666666783,-0.5867500000000005,-0.20666666666666697,0.38008333333333355,True,0.0,True
100,88,-0.3966666666666674,-0.5933333333333337,-0.20000000000000062,0.3933333333333331,True,0.0,True
100,89,-0.3966666666666674,-0.5767500000000011,-0.2032500000000003,0.37350000000000083,True,0.0005,True
100,90,-0.39666666666666783,-0.5934166666666673,-0.1966666666666672,0.39675000000000005,True,0.0,True
100,91,-0.3966666666666665,-0.5834166666666675,-0.1965833333333335,0.386833333333334,True,0.0005,True
100,92,-0.3966666666666665,-0.5833333333333335,-0.19666666666666677,0.3866666666666667,True,0.0,True
100,93,-0.3966666666666674,-0.5833333333333326,-0.20000000000000107,0.3833333333333315,True,0.0,True
100,94,-0.3966666666666674,-0.5866666666666669,-0.20666666666666744,0.37999999999999945,True,0.0,True
100,95,-0.3966666666666656,-0.5800833333333341,-0.21333333333333293,0.36675000000000113,True,0.001,True
100,96,-0.3966666666666674,-0.5800833333333341,-0.206666666666667,0.37341666666666706,True,0.0,True
100,97,-0.3966666666666665,-0.5866666666666669,-0.20999999999999952,0.37666666666666737,True,0.0005,True
100,98,-0.3966666666666665,-0.5967499999999999,-0.1933333333333329,0.403416666666667,True,0.0,True
100,99,-0.3966666666666674,-0.583333333333333,-0.20333333333333445,0.37999999999999856,True,0.0,True
100,100,-0.39666666666666783,-0.5833333333333335,-0.2033333333333336,0.3799999999999999,True,0.0,True
100,101,-0.3966666666666656,-0.5900833333333331,-0.2065833333333346,0.3834999999999985,True,0.0,True
100,102,-0.3966666666666665,-0.5866666666666656,-0.19666666666666677,0.3899999999999988,True,0.0,True
100,103,-0.3966666666666674,-0.5834166666666676,-0.2033333333333336,0.380083333333334,True,0.0005,True
100,104,-0.3966666666666674,-0.5933333333333337,-0.21325000000000008,0.38008333333333366,True,0.0,True
100,105,-0.3966666666666665,-0.5899999999999994,-0.20324999999999985,0.3867499999999996,True,0.0,True
100,106,-0.3966666666666656,-0.5933333333333328,-0.2033333333333327,0.3900000000000001,True,0.0,True
100,107,-0.3966666666666665,-0.583416666666667,-0.20333333333333403,0.380083333333333,True,0.0,True
100,108,-0.3966666666666665,-0.5866666666666669,-0.19666666666666677,0.3900000000000001,True,0.0005,True
100,109,-0.3966666666666656,-0.5933333333333337,-0.20333333333333314,0.39000000000000057,True,0.001,True
100,110,-0.3966666666666665,-0.5867500000000004,-0.2066666666666661,0.38008333333333433,True,0.0,True
100,111,-0.3966666666666665,-0.5866666666666669,-0.21333333333333335,0.3733333333333335,True,0.0,True
100,112,-0.3966666666666674,-0.5800833333333328,-0.21000000000000038,0.37008333333333243,True,0.0005,True
100,113,-0.39666666666666517,-0.583333333333333,-0.21000000000000085,0.3733333333333322,True,0.0,True
100,114,-0.3966666666666665,-0.5899999999999999,-0.2065833333333328,0.38341666666666707,True,0.0005,True
100,115,-0.3966666666666665,-0.5933333333333328,-0.1966666666666672,0.3966666666666656,True,0.0,True
100,116,-0.3966666666666665,-0.5866666666666669,-0.19999999999999973,0.38666666666666716,True,0.0,True
100,117,-0.3966666666666674,-0.5866666666666664,-0.19666666666666632,0.3900000000000001,True,0.0,True
100,118,-0.3966666666666674,-0.5800833333333333,-0.20999999999999996,0.3700833333333333,True,0.0,True
100,119,-0.39666666666666783,-0.5899999999999999,-0.206666666666667,0.38333333333333286,True,0.0,True
100,120,-0.3966666666666674,-0.5933333333333337,-0.21333333333333376,0.37999999999999995,True,0.0,True
100,121,-0.39666666666666606,-0.5833333333333339,-0.20666666666666655,0.37666666666666737,True,0.0,True
100,122,-0.3966666666666656,-0.583416666666667,-0.20333333333333314,0.3800833333333339,True,0.0,True
100,123,-0.39666666666666783,-0.5833333333333344,-0.2032500000000003,0.3800833333333341,True,0.0,True
100,124,-0.3966666666666647,-0.5834166666666671,-0.20000000000000018,0.38341666666666696,True,0.0,True
100,125,-0.3966666666666674,-0.583333333333333,-0.19658333333333344,0.3867499999999996,True,0.0,True
100,126,-0.3966666666666674,-0.5866666666666669,-0.20666666666666653,0.38000000000000034,True,0.0,True
100,127,-0.3966666666666665,-0.5867500000000009,-0.203333333333334,0.38341666666666685,True,0.0005,True
100,128,-0.3966666666666674,-0.5866666666666664,-0.19999999999999973,0.3866666666666667,True,0.0,True
100,129,-0.3966666666666656,-0.5900000000000003,-0.20666666666666655,0.38333333333333375,True,0.0,True
100,130,-0.3966666666666665,-0.5866666666666669,-0.20666666666666655,0.38000000000000034,True,0.0005,True
100,131,-0.3966666666666665,-0.5866666666666664,-0.20991666666666756,0.3767499999999989,True,0.0,True
100,132,-0.3966666666666674,-0.5933333333333333,-0.20666666666666697,0.38666666666666627,True,0.0005,True
100,133,-0.3966666666666674,-0.5966666666666653,-0.2133333333333329,0.3833333333333324,True,0.0,True
100,134,-0.3966666666666674,-0.5800000000000001,-0.20333333333333403,0.37666666666666604,True,0.0,True
100,135,-0.3966666666666665,-0.589999999999999,-0.20666666666666744,0.3833333333333315,True,0.0,True
100,136,-0.3966666666666665,-0.5900000000000003,-0.2033333333333336,0.3866666666666667,True,0.0,True
100,137,-0.3966666666666665,-0.6000000000000001,-0.20991666666666578,0.39008333333333434,True,0.0,True
100,138,-0.3966666666666665,-0.5866666666666664,-0.21333333333333293,0.3733333333333335,True,0.0005,True
100,139,-0.3966666666666674,-0.5866666666666664,-0.20991666666666492,0.37675000000000153,True,0.0,True
100,140,-0.3966666666666674,-0.5933333333333337,-0.20666666666666567,0.38666666666666805,True,0.0005,True
100,141,-0.3966666666666674,-0.5833333333333335,-0.19991666666666644,0.38341666666666707,True,0.0,True
100,142,-0.3966666666666665,-0.5866666666666664,-0.20658333333333329,0.38008333333333316,True,0.0005,True
100,143,-0.3966666666666665,-0.5900000000000003,-0.21333333333333337,0.3766666666666669,True,0.0,True
100,144,-0.3966666666666674,-0.5800000000000005,-0.19658333333333258,0.38341666666666796,True,0.0,True
100,145,-0.3966666666666674,-0.5967500000000003,-0.20333333333333314,0.3934166666666672,True,0.0,True
100,146,-0.3966666666666674,-0.5933333333333324,-0.2166666666666659,0.3766666666666665,True,0.0,True
100,147,-0.3966666666666665,-0.5833333333333339,-0.20000000000000012,0.3833333333333338,True,0.0,True
100,148,-0.3966666666666665,-0.5866666666666664,-0.19666666666666677,0.3899999999999997,True,0.0,True
100,149,-0.3966666666666674,-0.5866666666666664,-0.19991666666666733,0.38674999999999915,True,0.0005,True
100,150,-0.3966666666666665,-0.5900000000000003,-0.20666666666666697,0.3833333333333333,True,0.0005,True
100,151,-0.3966666666666665,-0.5933333333333333,-0.20000000000000104,0.3933333333333322,True,0.0,True
100,152,-0.3966666666666665,-0.5833333333333339,-0.2132500000000001,0.3700833333333338,True,0.0,True
100,153,-0.3966666666666665,-0.5866666666666664,-0.2066666666666661,0.38000000000000034,True,0.0,True
100,154,-0.3966666666666674,-0.5867500000000005,-0.19666666666666766,0.3900833333333329,True,0.0,True
100,155,-0.3966666666666665,-0.6000000000000001,-0.203333333333334,0.39666666666666606,True,0.0,True
100,156,-0.3966666666666674,-0.5899999999999994,-0.2232500000000003,0.36674999999999913,True,0.0,True
100,157,-0.3966666666666674,-0.5933333333333337,-0.20666666666666655,0.38666666666666716,True,0.0005,True
100,158,-0.39666666666666606,-0.5867500000000001,-0.21000000000000038,0.3767499999999997,True,0.0,True
100,159,-0.39666666666666783,-0.5900833333333338,-0.20333333333333403,0.3867499999999998,True,0.0,True
100,160,-0.3966666666666674,-0.5866666666666664,-0.19991666666666602,0.3867500000000004,True,0.0005,True
100,161,-0.3966666666666665,-0.5834166666666684,-0.2033333333333336,0.38008333333333477,True,0.0,True
100,162,-0.39666666666666694,-0.5933333333333328,-0.20000000000000015,0.39333333333333265,True,0.0,True
100,163,-0.39666666666666517,-0.5866666666666669,-0.20333333333333312,0.38333333333333375,True,0.0,True
100,164,-0.3966666666666674,-0.5899999999999994,-0.1966666666666672,0.3933333333333322,True,0.0,True
100,165,-0.3966666666666665,-0.583416666666667,-0.18991666666666707,0.39349999999999996,True,0.0,True
100,166,-0.39666666666666694,-0.5966666666666658,-0.19333333333333377,0.403333333333332,True,0.0,True
100,167,-0.3966666666666674,-0.5833333333333326,-0.21333333333333204,0.37000000000000055,True,0.0,True
100,168,-0.3966666666666665,-0.5899999999999999,-0.20333333333333403,0.3866666666666658,True,0.0,True
100,169,-0.3966666666666656,-0.5833333333333335,-0.20000000000000018,0.3833333333333333,True,0.0,True
100,170,-0.3966666666666674,-0.5866666666666656,-0.20991666666666622,0.37674999999999936,True,0.0,True
100,171,-0.3966666666666665,-0.5900833333333331,-0.20000000000000018,0.3900833333333329,True,0.0,True
100,172,-0.3966666666666674,-0.583333333333333,-0.20324999999999985,0.3800833333333332,True,0.0,True
100,173,-0.3966666666666674,-0.5867500000000009,-0.19666666666666632,0.39008333333333456,True,0.0,True
100,174,-0.3966666666666674,-0.5933333333333342,-0.2066666666666679,0.38666666666666627,True,0.0,True
100,175,-0.39666666666666783,-0.5866666666666669,-0.20000000000000018,0.3866666666666667,True,0.0,True
100,176,-0.3966666666666656,-0.6000000000000001,-0.20991666666666667,0.39008333333333345,True,0.0,True
100,177,-0.3966666666666665,-0.5833333333333326,-0.20333333333333403,0.37999999999999856,True,0.0,True
100,178,-0.3966666666666674,-0.5933333333333333,-0.206666666666667,0.38666666666666627,True,0.0005,True
100,179,-0.3966666666666674,-0.5800833333333333,-0.1900000000000004,0.3900833333333329,True,0.0,True
100,180,-0.3966666666666674,-0.583416666666667,-0.21325000000000008,0.370166666666667,True,0.0,True
100,181,-0.3966666666666665,-0.583333333333333,-0.21333333333333337,0.36999999999999966,True,0.0,True
100,182,-0.3966666666666674,-0.5933333333333324,-0.20333333333333312,0.38999999999999924,True,0.0,True
100,183,-0.3966666666666665,-0.5867500000000005,-0.20000000000000018,0.38675000000000037,True,0.001,True
100,184,-0.3966666666666665,-0.5867500000000009,-0.2033333333333336,0.3834166666666673,True,0.0,True
100,185,-0.3966666666666674,-0.5867500000000005,-0.20000000000000104,0.3867499999999995,True,0.0005,True
100,186,-0.3966666666666665,-0.5933333333333328,-0.2000000000000006,0.3933333333333322,True,0.0,True
100,187,-0.3966666666666665,-0.5867499999999997,-0.19666666666666632,0.39008333333333334,True,0.0,True
100,188,-0.3966666666666647,-0.5800833333333336,-0.20666666666666741,0.3734166666666662,True,0.0,True
100,189,-0.3966666666666665,-0.5833333333333339,-0.21333333333333337,0.37000000000000055,True,0.0,True
100,190,-0.39666666666666694,-0.5900000000000003,-0.2066666666666661,0.3833333333333342,True,0.0,True
100,191,-0.3966666666666674,-0.5766666666666671,-0.2033333333333336,0.3733333333333335,True,0.0,True
100,192,-0.3966666666666674,-0.5700000000000003,-0.20999999999999908,0.3600000000000012,True,0.0,True
100,193,-0.39666666666666606,-0.593416666666666,-0.21325000000000008,0.380166666666666,True,0.0005,True
100,194,-0.3966666666666656,-0.5734166666666674,-0.20991666666666667,0.3635000000000007,True,0.001,True
100,195,-0.3966666666666674,-0.586666666666666,-0.2099999999999999,0.3766666666666661,True,0.0,True
100,196,-0.3966666666666656,-0.5899999999999994,-0.20999999999999996,0.37999999999999945,True,0.0,True
100,197,-0.3966666666666674,-0.5933333333333333,-0.2033333333333336,0.3899999999999997,True,0.0005,True
100,198,-0.3966666666666674,-0.5800833333333336,-0.20999999999999996,0.37008333333333365,True,0.0,True
100,199,-0.3966666666666674,-0.589999999999999,-0.206666666666667,0.38333333333333197,True,0.0,True
100,200,-0.3966666666666674,-0.583333333333333,-0.2166666666666663,0.3666666666666667,True,0.0005,True
100,201,-0.3966666666666656,-0.5800833333333341,-0.206666666666667,0.37341666666666706,True,0.0,True
100,202,-0.3966666666666674,-0.5899999999999994,-0.21000000000000085,0.37999999999999856,True,0.0,True
100,203,-0.3966666666666665,-0.5833333333333326,-0.19991666666666644,0.3834166666666662,True,0.0005,True
100,204,-0.3966666666666674,-0.5800833333333341,-0.21333333333333337,0.3667500000000007,True,0.0,True
100,205,-0.3966666666666665,-0.5899999999999994,-0.19333333333333333,0.39666666666666606,True,0.0005,True
100,206,-0.3966666666666656,-0.5900833333333343,-0.20333333333333314,0.38675000000000115,True,0.0,True
100,207,-0.39666666666666694,-0.5966666666666658,-0.20999999999999996,0.3866666666666658,True,0.0,True
100,208,-0.3966666666666674,-0.5900833333333338,-0.2133333333333338,0.37675000000000003,True,0.0,True
100,209,-0.3966666666666665,-0.5800000000000001,-0.203333333333334,0.37666666666666604,True,0.0,True
100,210,-0.3966666666666665,-0.5800833333333341,-0.20666666666666697,0.37341666666666706,True,0.0005,True
100,211,-0.39666666666666783,-0.5766666666666671,-0.20658333333333326,0.3700833333333339,True,0.0,True
100,212,-0.3966666666666665,-0.5866666666666673,-0.20333333333333314,0.3833333333333342,True,0.0005,True
100,213,-0.39666666666666783,-0.5867500000000009,-0.19999999999999973,0.38675000000000115,True,0.001,True
100,214,-0.3966666666666656,-0.5899999999999999,-0.20999999999999908,0.3800000000000008,True,0.0,True
100,215,-0.3966666666666665,-0.590083333333334,-0.20658333333333329,0.3835000000000007,True,0.0,True
100,216,-0.3966666666666656,-0.5900833333333331,-0.20333333333333314,0.3867499999999999,True,0.0,True
100,217,-0.39666666666666694,-0.5866666666666664,-0.19999999999999973,0.3866666666666667,True,0.0005,True
100,218,-0.3966666666666665,-0.5766666666666671,-0.2032500000000003,0.37341666666666684,True,0.0,True
100,219,-0.39666666666666517,-0.5899999999999999,-0.1999166666666669,0.39008333333333295,True,0.0,True
100,220,-0.3966666666666674,-0.5867500000000009,-0.20666666666666655,0.38008333333333433,True,0.0005,True
100,221,-0.3966666666666665,-0.5767500000000007,-0.2033333333333331,0.37341666666666756,True,0.0,True
100,222,-0.3966666666666674,-0.583416666666667,-0.2033333333333336,0.38008333333333344,True,0.0005,True
100,223,-0.3966666666666665,-0.5899999999999994,-0.19666666666666718,0.3933333333333322,True,0.0,True
100,224,-0.3966666666666683,-0.5899999999999999,-0.19666666666666588,0.393333333333334,True,0.0,True
100,225,-0.3966666666666665,-0.5900000000000007,-0.20991666666666664,0.3800833333333341,True,0.0,True
100,226,-0.3966666666666665,-0.5799999999999996,-0.20658333333333323,0.3734166666666664,True,0.0,True
100,227,-0.3966666666666674,-0.5834166666666675,-0.21333333333333337,0.3700833333333341,True,0.0,True
100,228,-0.39666666666666694,-0.5766666666666667,-0.2033333333333327,0.37333333333333396,True,0.0005,True
100,229,-0.3966666666666665,-0.5999999999999996,-0.2100000000000004,0.38999999999999924,True,0.0005,True
100,230,-0.3966666666666674,-0.5933333333333328,-0.2100000000000004,0.3833333333333324,True,0.0,True
100,231,-0.3966666666666665,-0.589999999999999,-0.20333333333333314,0.3866666666666658,True,0.0,True
100,232,-0.3966666666666647,-0.5866666666666664,-0.20000000000000018,0.38666666666666627,True,0.0,True
100,233,-0.3966666666666674,-0.5799999999999996,-0.1933333333333338,0.3866666666666658,True,0.0,True
100,234,-0.3966666666666656,-0.5899999999999999,-0.20333333333333314,0.3866666666666667,True,0.0,True
100,235,-0.3966666666666674,-0.5934166666666668,-0.2099166666666658,0.383500000000001,True,0.0005,True
100,236,-0.3966666666666674,-0.5966666666666667,-0.19658333333333347,0.40008333333333324,True,0.0,True
100,237,-0.3966666666666674,-0.5833333333333335,-0.20666666666666655,0.3766666666666669,True,0.0,True
100,238,-0.3966666666666665,-0.583333333333333,-0.20666666666666744,0.3766666666666656,True,0.0,True
100,239,-0.39666666666666694,-0.5834166666666654,-0.19999999999999973,0.38341666666666563,True,0.0,True
100,240,-0.3966666666666665,-0.5866666666666669,-0.21000000000000085,0.37666666666666604,True,0.0,True
100,241,-0.3966666666666674,-0.5866666666666664,-0.20333333333333312,0.3833333333333333,True,0.0005,True
100,242,-0.3966666666666665,-0.5899999999999994,-0.20658333333333329,0.38341666666666613,True,0.0005,True
100,243,-0.39666666666666694,-0.5800833333333341,-0.2000000000000006,0.38008333333333344,True,0.0,True
100,244,-0.3966666666666665,-0.5800833333333341,-0.19333333333333425,0.3867499999999998,True,0.0,True
100,245,-0.3966666666666665,-0.5867500000000009,-0.2066666666666661,0.38008333333333477,True,0.0,True
100,246,-0.3966666666666665,-0.5900000000000003,-0.19658333333333347,0.39341666666666686,True,0.0,True
100,247,-0.39666666666666694,-0.583333333333333,-0.20666666666666655,0.3766666666666665,True,0.0,True
100,248,-0.3966666666666665,-0.5933333333333333,-0.20000000000000062,0.39333333333333265,True,0.0,True
100,249,-0.3966666666666674,-0.5899999999999999,-0.2033333333333336,0.38666666666666627,True,0.0,True
100,250,-0.3966666666666665,-0.5833333333333335,-0.19325000000000048,0.390083333333333,True,0.0,True
100,251,-0.3966666666666665,-0.5933333333333333,-0.2066666666666679,0.3866666666666654,True,0.0,True
100,252,-0.3966666666666665,-0.5767500000000002,-0.20666666666666608,0.3700833333333341,True,0.0,True
100,253,-0.3966666666666674,-0.5900000000000016,-0.20999999999999952,0.3800000000000021,True,0.0,True
100,254,-0.3966666666666665,-0.5933333333333328,-0.21658333333333304,0.3767499999999998,True,0.0,True
100,255,-0.3966666666666665,-0.5933333333333328,-0.20658333333333326,0.3867499999999996,True,0.001,True
100,256,-0.3966666666666674,-0.5833333333333335,-0.2166666666666659,0.3666666666666676,True,0.0,True
100,257,-0.3966666666666674,-0.5933333333333328,-0.20333333333333403,0.3899999999999988,True,0.0,True
100,258,-0.3966666666666665,-0.5867500000000004,-0.18999999999999995,0.3967500000000005,True,0.0005,True
100,259,-0.3966666666666665,-0.5833333333333321,-0.2133333333333329,0.3699999999999992,True,0.0005,True
100,260,-0.3966666666666674,-0.5899999999999994,-0.20324999999999943,0.38675,True,0.0005,True
100,261,-0.3966666666666665,-0.5799999999999996,-0.20666666666666655,0.3733333333333331,True,0.0005,True
100,262,-0.3966666666666674,-0.5933333333333337,-0.19333333333333333,0.40000000000000036,True,0.0,True
100,263,-0.3966666666666665,-0.5900833333333335,-0.2033333333333349,0.3867499999999986,True,0.0,True
100,264,-0.39666666666666694,-0.586666666666666,-0.21000000000000085,0.37666666666666515,True,0.0,True
100,265,-0.3966666666666674,-0.5899999999999994,-0.203250000000002,0.3867499999999974,True,0.001,True
100,266,-0.3966666666666656,-0.5900000000000003,-0.20999999999999996,0.38000000000000034,True,0.0,True
100,267,-0.39666666666666606,-0.589999999999999,-0.20000000000000018,0.3899999999999988,True,0.0005,True
100,268,-0.39666666666666694,-0.5835000000000002,-0.21333333333333293,0.3701666666666673,True,0.0,True
100,269,-0.3966666666666674,-0.5899999999999994,-0.20666666666666655,0.38333333333333286,True,0.0005,True
100,270,-0.3966666666666665,-0.5800833333333341,-0.21324999999999963,0.36683333333333445,True,0.0005,True
100,271,-0.3966666666666665,-0.5767500000000007,-0.20000000000000062,0.37675000000000003,True,0.0,True
100,272,-0.3966666666666665,-0.5900833333333334,-0.20666666666666655,0.38341666666666685,True,0.0,True
100,273,-0.3966666666666665,-0.589999999999999,-0.20658333333333367,0.3834166666666653,True,0.0,True
100,274,-0.3966666666666665,-0.5900000000000003,-0.1966666666666672,0.3933333333333331,True,0.0005,True
100,275,-0.3966666666666665,-0.5933333333333333,-0.20666666666666655,0.3866666666666667,True,0.0005,True
100,276,-0.3966666666666665,-0.5933333333333328,-0.20000000000000062,0.3933333333333322,True,0.0,True
100,277,-0.3966666666666665,-0.5933333333333333,-0.20991666666666625,0.383416666666667,True,0.0,True
100,278,-0.3966666666666674,-0.586666666666666,-0.18991666666666665,0.3967499999999994,True,0.0,True
100,279,-0.3966666666666674,-0.5800000000000001,-0.21333333333333337,0.3666666666666667,True,0.001,True
100,280,-0.39666666666666606,-0.5833333333333339,-0.2000000000000006,0.3833333333333333,True,0.0,True
100,281,-0.3966666666666665,-0.5900000000000007,-0.2066666666666661,0.38333333333333464,True,0.0,True
100,282,-0.3966666666666674,-0.5899999999999994,-0.20666666666666697,0.3833333333333324,True,0.0,True
100,283,-0.3966666666666674,-0.5933333333333333,-0.20999999999999952,0.38333333333333375,True,0.0,True
100,284,-0.3966666666666643,-0.586666666666666,-0.20325000000000032,0.3834166666666657,True,0.0,True
100,285,-0.3966666666666674,-0.5933333333333328,-0.20666666666666655,0.38666666666666627,True,0.0,True
100,286,-0.3966666666666665,-0.6000833333333337,-0.20991666666666753,0.3901666666666662,True,0.0,True
100,287,-0.3966666666666665,-0.5866666666666664,-0.19991666666666774,0.3867499999999987,True,0.001,True
100,288,-0.3966666666666665,-0.5833333333333339,-0.20658333333333326,0.3767500000000007,True,0.0,True
100,289,-0.3966666666666674,-0.5934166666666669,-0.20658333333333326,0.3868333333333337,True,0.0,True
100,290,-0.3966666666666674,-0.5866666666666664,-0.21666666666666634,0.3700000000000001,True,0.0,True
100,291,-0.3966666666666656,-0.5833333333333339,-0.206666666666667,0.3766666666666669,True,0.0,True
100,292,-0.3966666666666665,-0.5900000000000003,-0.19666666666666807,0.3933333333333322,True,0.0,True
100,293,-0.3966666666666674,-0.5766666666666675,-0.20666666666666697,0.37000000000000055,True,0.0,True
100,294,-0.3966666666666665,-0.5833333333333335,-0.20666666666666741,0.37666666666666604,True,0.0,True
100,295,-0.3966666666666665,-0.5933333333333342,-0.20999999999999994,0.3833333333333342,True,0.0,True
100,296,-0.3966666666666674,-0.5866666666666678,-0.1966666666666672,0.39000000000000057,True,0.0005,True
100,297,-0.39666666666666517,-0.5933333333333333,-0.1966666666666672,0.39666666666666606,True,0.0,True
100,298,-0.39666666666666783,-0.5833333333333326,-0.19666666666666766,0.38666666666666494,True,0.0,True
100,299,-0.3966666666666665,-0.5899999999999999,-0.20658333333333412,0.38341666666666574,True,0.0,True
100,300,-0.3966666666666665,-0.5933333333333333,-0.2066666666666661,0.38666666666666716,True,0.0005,True
100,301,-0.3966666666666665,-0.5900000000000003,-0.20666666666666786,0.3833333333333324,True,0.0,True
100,302,-0.3966666666666665,-0.5800000000000005,-0.20333333333333403,0.3766666666666665,True,0.0,True
100,303,-0.3966666666666665,-0.5866666666666656,-0.2166666666666663,0.3699999999999992,True,0.0,True
100,304,-0.3966666666666656,-0.5933333333333333,-0.20666666666666744,0.3866666666666658,True,0.0,True
100,305,-0.3966666666666656,-0.5833333333333326,-0.21325000000000008,0.37008333333333254,True,0.0,True
100,306,-0.3966666666666674,-0.5899999999999994,-0.20000000000000018,0.38999999999999924,True,0.0,True
100,307,-0.3966666666666656,-0.5799999999999992,-0.2066666666666679,0.3733333333333313,True,0.0,True
100,308,-0.39666666666666783,-0.5766666666666658,-0.20324999999999988,0.3734166666666659,True,0.0,True
100,309,-0.3966666666666665,-0.583333333333333,-0.20999999999999996,0.3733333333333331,True,0.0,True
100,310,-0.3966666666666674,-0.589999999999999,-0.2033333333333336,0.3866666666666654,True,0.0,True
100,311,-0.3966666666666674,-0.5900833333333335,-0.21333333333333337,0.37675000000000014,True,0.001,True
100,312,-0.3966666666666665,-0.5800833333333341,-0.21333333333333424,0.3667499999999998,True,0.0005,True
100,313,-0.3966666666666665,-0.586666666666666,-0.19666666666666632,0.3899999999999997,True,0.0,True
100,314,-0.3966666666666665,-0.5799999999999996,-0.19666666666666718,0.3833333333333324,True,0.0005,True
100,315,-0.3966666666666665,-0.5899999999999999,-0.20000000000000018,0.3899999999999997,True,0.0,True
100,316,-0.3966666666666665,-0.583333333333333,-0.20333333333333226,0.3800000000000008,True,0.0,True
100,317,-0.3966666666666674,-0.5900000000000012,-0.20000000000000062,0.39000000000000057,True,0.0,True
100,318,-0.39666666666666694,-0.5766666666666667,-0.18999999999999995,0.3866666666666667,True,0.0,True
100,319,-0.3966666666666674,-0.5933333333333328,-0.21000000000000082,0.38333333333333197,True,0.0,True
100,320,-0.3966666666666665,-0.586666666666666,-0.19333333333333425,0.39333333333333176,True,0.0,True
100,321,-0.39666666666666783,-0.5899999999999994,-0.18666666666666742,0.403333333333332,True,0.0,True
100,322,-0.39666666666666783,-0.5933333333333324,-0.21666666666666634,0.37666666666666604,True,0.0005,True
100,323,-0.3966666666666665,-0.5799999999999992,-0.2032500000000003,0.3767499999999989,True,0.0,True
100,324,-0.3966666666666674,-0.5733333333333333,-0.19658333333333433,0.3767499999999989,True,0.0,True
100,325,-0.39666666666666783,-0.586666666666666,-0.20666666666666697,0.379999999999999,True,0.0,True
100,326,-0.3966666666666665,-0.5833333333333348,-0.2066666666666661,0.3766666666666687,True,0.0,True
100,327,-0.3966666666666665,-0.5833333333333339,-0.21658333333333304,0.3667500000000009,True,0.0,True
100,328,-0.39666666666666783,-0.5766666666666662,-0.2100000000000004,0.3666666666666658,True,0.0,True
100,329,-0.39666666666666783,-0.5933333333333328,-0.203333333333334,0.3899999999999988,True,0.0,True
100,330,-0.3966666666666665,-0.5867500000000005,-0.19333333333333336,0.3934166666666672,True,0.0,True
100,331,-0.3966666666666665,-0.5900000000000003,-0.2033333333333336,0.3866666666666667,True,0.0005,True
100,332,-0.3966666666666674,-0.5800833333333333,-0.20649999999999996,0.3735833333333333,True,0.0005,True
100,333,-0.39666666666666783,-0.5867500000000013,-0.20333333333333314,0.3834166666666682,True,0.0,True
100,334,-0.3966666666666665,-0.5833333333333335,-0.19658333333333392,0.3867499999999996,True,0.0,True
100,335,-0.3966666666666674,-0.583333333333333,-0.21333333333333382,0.3699999999999992,True,0.0,True
100,336,-0.3966666666666665,-0.5899999999999999,-0.2133333333333338,0.37666666666666604,True,0.0,True
100,337,-0.3966666666666665,-0.5834166666666675,-0.19999999999999973,0.38341666666666774,True,0.0005,True
100,338,-0.3966666666666674,-0.5766666666666671,-0.21991666666666687,0.35675000000000023,True,0.0,True
100,339,-0.3966666666666674,-0.5766666666666667,-0.2100000000000004,0.36666666666666625,True,0.0,True
100,340,-0.3966666666666674,-0.586666666666666,-0.20000000000000062,0.3866666666666654,True,0.0,True
100,341,-0.3966666666666665,-0.5900833333333334,-0.2033333333333336,0.3867499999999998,True,0.0005,True
100,342,-0.3966666666666665,-0.5767500000000007,-0.1999166666666664,0.37683333333333424,True,0.0,True
100,343,-0.39666666666666783,-0.5833333333333335,-0.2099166666666662,0.3734166666666673,True,0.0,True
100,344,-0.3966666666666656,-0.5900000000000007,-0.21000000000000082,0.3799999999999999,True,0.0,True
100,345,-0.3966666666666665,-0.5866666666666669,-0.20000000000000148,0.3866666666666654,True,0.0,True
100,346,-0.3966666666666665,-0.5799999999999992,-0.2033333333333336,0.3766666666666656,True,0.0,True
100,347,-0.3966666666666665,-0.6033333333333326,-0.21324999999999963,0.390083333333333,True,0.0,True
100,348,-0.3966666666666674,-0.5800000000000005,-0.19658333333333217,0.38341666666666835,True,0.0,True
100,349,-0.3966666666666665,-0.5866666666666664,-0.2099166666666658,0.37675000000000064,True,0.0,True
100,350,-0.3966666666666665,-0.583416666666667,-0.20658333333333326,0.3768333333333338,True,0.0005,True
100,351,-0.3966666666666674,-0.5800000000000005,-0.20000000000000012,0.3800000000000004,True,0.0,True
100,352,-0.3966666666666665,-0.5866666666666664,-0.19666666666666632,0.3900000000000001,True,0.0005,True
100,353,-0.39666666666666783,-0.5833333333333321,-0.19999999999999973,0.3833333333333324,True,0.0005,True
100,354,-0.39666666666666783,-0.5900000000000003,-0.20000000000000104,0.38999999999999924,True,0.0,True
100,355,-0.3966666666666665,-0.586666666666666,-0.2033333333333336,0.3833333333333324,True,0.0,True
100,356,-0.3966666666666674,-0.5799999999999996,-0.20333333333333448,0.37666666666666515,True,0.0,True
100,357,-0.3966666666666665,-0.5867500000000013,-0.206666666666667,0.38008333333333433,True,0.0,True
100,358,-0.3966666666666665,-0.5833333333333335,-0.20999999999999952,0.37333333333333396,True,0.0,True
100,359,-0.3966666666666674,-0.5933333333333337,-0.21000000000000082,0.38333333333333286,True,0.0,True
100,360,-0.3966666666666674,-0.5766666666666658,-0.20333333333333403,0.37333333333333174,True,0.0,True
100,361,-0.3966666666666665,-0.5933333333333328,-0.2100000000000004,0.3833333333333324,True,0.0,True
100,362,-0.3966666666666665,-0.586750000000001,-0.20000000000000104,0.3867499999999999,True,0.0,True
100,363,-0.3966666666666665,-0.5900000000000003,-0.19000000000000125,0.399999999999999,True,0.0005,True
100,364,-0.3966666666666674,-0.5834166666666667,-0.19999999999999973,0.38341666666666696,True,0.0,True
100,365,-0.3966666666666674,-0.5966666666666667,-0.20324999999999985,0.39341666666666686,True,0.0,True
100,366,-0.3966666666666674,-0.5900000000000007,-0.19666666666666807,0.39333333333333265,True,0.0,True
100,367,-0.3966666666666674,-0.5834166666666679,-0.20000000000000107,0.38341666666666685,True,0.0005,True
100,368,-0.3966666666666674,-0.5933333333333342,-0.20666666666666655,0.3866666666666676,True,0.0,True
100,369,-0.3966666666666665,-0.5899999999999994,-0.2033333333333327,0.3866666666666667,True,0.0,True
100,370,-0.3966666666666674,-0.5766666666666662,-0.20000000000000018,0.37666666666666604,True,0.0,True
100,371,-0.3966666666666665,-0.5966666666666667,-0.206666666666667,0.3899999999999997,True,0.0,True
100,372,-0.3966666666666674,-0.5899999999999999,-0.206666666666667,0.38333333333333286,True,0.0,True
100,373,-0.3966666666666674,-0.5833333333333321,-0.21333333333333337,0.3699999999999988,True,0.0,True
100,374,-0.3966666666666674,-0.589999999999999,-0.20999999999999996,0.379999999999999,True,0.0,True
100,375,-0.3966666666666674,-0.5966666666666662,-0.2066666666666661,0.3900000000000001,True,0.0,True
100,376,-0.3966666666666674,-0.5800000000000001,-0.203333333333334,0.37666666666666604,True,0.0,True
100,377,-0.3966666666666674,-0.5999999999999992,-0.2100000000000004,0.3899999999999988,True,0.0,True
100,378,-0.3966666666666656,-0.5867500000000004,-0.19333333333333422,0.3934166666666662,True,0.0,True
100,379,-0.39666666666666783,-0.5866666666666669,-0.20000000000000062,0.38666666666666627,True,0.0,True
100,380,-0.3966666666666665,-0.5966666666666667,-0.20666666666666608,0.39000000000000057,True,0.0005,True
100,381,-0.3966666666666674,-0.5934166666666669,-0.20000000000000018,0.39341666666666675,True,0.0,True
100,382,-0.39666666666666783,-0.5899999999999999,-0.21658333333333346,0.3734166666666664,True,0.0,True
100,383,-0.3966666666666656,-0.5833333333333335,-0.20658333333333329,0.3767500000000002,True,0.0,True
100,384,-0.3966666666666665,-0.5966666666666662,-0.19999999999999973,0.3966666666666665,True,0.0,True
100,385,-0.3966666666666665,-0.5934166666666665,-0.20000000000000018,0.3934166666666663,True,0.0,True
100,386,-0.3966666666666674,-0.5700833333333334,-0.2066666666666679,0.3634166666666655,True,0.0,True
100,387,-0.3966666666666674,-0.5866666666666669,-0.20999999999999996,0.3766666666666669,True,0.0,True
100,388,-0.3966666666666674,-0.5767500000000008,-0.20999999999999952,0.36675000000000124,True,0.0,True
100,389,-0.3966666666666665,-0.5766666666666667,-0.20000000000000062,0.37666666666666604,True,0.0,True
100,390,-0.3966666666666665,-0.5900833333333338,-0.19658333333333347,0.3935000000000004,True,0.0,True
100,391,-0.3966666666666674,-0.5834166666666663,-0.20999999999999952,0.37341666666666673,True,0.0,True
100,392,-0.39666666666666783,-0.5900833333333335,-0.20000000000000148,0.390083333333332,True,0.0,True
100,393,-0.39666666666666694,-0.586666666666666,-0.21000000000000038,0.3766666666666656,True,0.0,True
100,394,-0.3966666666666665,-0.583416666666667,-0.1966666666666672,0.3867499999999998,True,0.0,True
100,395,-0.3966666666666665,-0.5833333333333321,-0.1966666666666672,0.38666666666666494,True,0.0,True
100,396,-0.39666666666666694,-0.5899999999999999,-0.19666666666666588,0.393333333333334,True,0.0005,True
100,397,-0.39666666666666694,-0.5999999999999996,-0.20333333333333403,0.3966666666666656,True,0.0,True
100,398,-0.3966666666666665,-0.5834166666666679,-0.20000000000000018,0.38341666666666774,True,0.0,True
100,399,-0.3966666666666674,-0.5899999999999999,-0.20333333333333314,0.3866666666666667,True,0.0,True
100,400,-0.3966666666666665,-0.5933333333333328,-0.21000000000000085,0.38333333333333197,True,0.0,True
100,401,-0.39666666666666517,-0.5833333333333339,-0.2033333333333327,0.3800000000000012,True,0.0,True
100,402,-0.3966666666666665,-0.5833333333333321,-0.19333333333333422,0.3899999999999979,True,0.0,True
100,403,-0.3966666666666674,-0.5800000000000005,-0.20666666666666655,0.37333333333333396,True,0.0,True
100,404,-0.3966666666666665,-0.5900000000000003,-0.20000000000000104,0.38999999999999924,True,0.0,True
100,405,-0.3966666666666674,-0.5866666666666669,-0.20658333333333326,0.38008333333333366,True,0.0,True
100,406,-0.3966666666666674,-0.5800000000000005,-0.20999999999999996,0.37000000000000055,True,0.0,True
100,407,-0.3966666666666674,-0.583416666666667,-0.20666666666666655,0.3767500000000005,True,0.0,True
100,408,-0.39666666666666517,-0.5899999999999999,-0.19991666666666644,0.39008333333333345,True,0.0,True
100,409,-0.3966666666666656,-0.583333333333333,-0.2033333333333336,0.37999999999999945,True,0.0,True
100,410,-0.3966666666666674,-0.5767499999999999,-0.21991666666666687,0.356833333333333,True,0.0,True
100,411,-0.3966666666666665,-0.5899999999999994,-0.1966666666666672,0.3933333333333322,True,0.0,True
100,412,-0.3966666666666674,-0.5866666666666664,-0.2133333333333347,0.37333333333333174,True,0.0,True
100,413,-0.3966666666666656,-0.5966666666666667,-0.20999999999999994,0.3866666666666667,True,0.0,True
100,414,-0.3966666666666674,-0.586666666666666,-0.1999999999999993,0.3866666666666667,True,0.0,True
100,415,-0.3966666666666665,-0.5866666666666673,-0.20000000000000107,0.38666666666666627,True,0.0,True
100,416,-0.3966666666666665,-0.5933333333333337,-0.21333333333333382,0.3799999999999999,True,0.0,True
100,417,-0.3966666666666665,-0.5899999999999994,-0.20000000000000018,0.38999999999999924,True,0.0005,True
100,418,-0.3966666666666674,-0.5833333333333335,-0.21333333333333337,0.3700000000000001,True,0.0,True
100,419,-0.3966666666666674,-0.5934166666666673,-0.20333333333333314,0.3900833333333341,True,0.0,True
100,420,-0.3966666666666665,-0.5866666666666669,-0.2099166666666667,0.3767500000000002,True,0.0,True
100,421,-0.3966666666666665,-0.5767500000000007,-0.1966666666666663,0.38008333333333433,True,0.0005,True
100,422,-0.3966666666666683,-0.5933333333333342,-0.1900000000000004,0.40333333333333377,True,0.0,True
100,423,-0.3966666666666656,-0.5833333333333335,-0.20666666666666655,0.3766666666666669,True,0.0,True
100,424,-0.3966666666666674,-0.5933333333333328,-0.19666666666666807,0.3966666666666647,True,0.0005,True
100,425,-0.3966666666666656,-0.586666666666666,-0.20333333333333356,0.3833333333333324,True,0.0,True
100,426,-0.3966666666666665,-0.5967500000000007,-0.20000000000000062,0.39675000000000005,True,0.0,True
100,427,-0.3966666666666665,-0.5933333333333342,-0.19333333333333425,0.3999999999999999,True,0.0,True
100,428,-0.3966666666666665,-0.5833333333333335,-0.21324999999999877,0.3700833333333347,True,0.0005,True
100,429,-0.3966666666666665,-0.5766666666666653,-0.19324999999999964,0.3834166666666657,True,0.0,True
100,430,-0.3966666666666674,-0.5899999999999999,-0.1999166666666673,0.39008333333333256,True,0.0005,True
100,431,-0.3966666666666674,-0.5866666666666669,-0.20333333333333356,0.3833333333333333,True,0.0,True
100,432,-0.39666666666666783,-0.5900833333333343,-0.21325000000000008,0.37683333333333424,True,0.0,True
100,433,-0.39666666666666694,-0.5799999999999996,-0.19991666666666685,0.3800833333333328,True,0.0,True
100,434,-0.3966666666666665,-0.5766666666666649,-0.2033333333333336,0.3733333333333313,True,0.0,True
100,435,-0.3966666666666674,-0.589999999999999,-0.2099166666666658,0.38008333333333316,True,0.0,True
100,436,-0.3966666666666665,-0.5933333333333337,-0.19666666666666632,0.3966666666666674,True,0.0,True
100,437,-0.3966666666666665,-0.5766666666666662,-0.2033333333333336,0.37333333333333263,True,0.0,True
100,438,-0.3966666666666674,-0.5800000000000005,-0.2133333333333338,0.3666666666666667,True,0.0,True
100,439,-0.3966666666666674,-0.5833333333333335,-0.19658333333333305,0.3867500000000004,True,0.0005,True
100,440,-0.3966666666666674,-0.5800000000000001,-0.20333333333333314,0.3766666666666669,True,0.0,True
100,441,-0.3966666666666665,-0.5899999999999999,-0.20333333333333403,0.3866666666666658,True,0.0,True
100,442,-0.39666666666666783,-0.5900833333333338,-0.20666666666666655,0.3834166666666673,True,0.0,True
100,443,-0.3966666666666656,-0.5866666666666673,-0.2066666666666679,0.37999999999999945,True,0.0,True
100,444,-0.3966666666666665,-0.586666666666666,-0.2100000000000004,0.3766666666666656,True,0.0,True
100,445,-0.3966666666666665,-0.5767500000000007,-0.20325000000000032,0.37350000000000033,True,0.0,True
100,446,-0.3966666666666647,-0.5866666666666656,-0.20333333333333314,0.3833333333333324,True,0.0,True
100,447,-0.3966666666666665,-0.5933333333333342,-0.2066666666666661,0.38666666666666805,True,0.0,True
100,448,-0.3966666666666665,-0.5800000000000001,-0.20666666666666655,0.3733333333333335,True,0.0005,True
100,449,-0.3966666666666665,-0.5800833333333345,-0.20333333333333403,0.3767500000000005,True,0.0,True
100,450,-0.3966666666666665,-0.6000833333333333,-0.21666666666666723,0.3834166666666661,True,0.0,True
100,451,-0.3966666666666665,-0.5833333333333326,-0.1999999999999993,0.3833333333333333,True,0.0,True
100,452,-0.3966666666666656,-0.5867500000000009,-0.21658333333333263,0.37016666666666825,True,0.0,True
100,453,-0.39666666666666606,-0.5766666666666675,-0.20658333333333326,0.3700833333333343,True,0.0,True
100,454,-0.3966666666666674,-0.5766666666666667,-0.20324999999999943,0.37341666666666723,True,0.0,True
100,455,-0.39666666666666606,-0.5899999999999985,-0.2033333333333327,0.3866666666666658,True,0.0,True
100,456,-0.3966666666666674,-0.5866666666666664,-0.19333333333333425,0.3933333333333322,True,0.0,True
100,457,-0.39666666666666783,-0.5933333333333328,-0.2066666666666679,0.38666666666666494,True,0.0,True
100,458,-0.3966666666666665,-0.5866666666666669,-0.20999999999999952,0.37666666666666737,True,0.0,True
100,459,-0.3966666666666674,-0.5900833333333338,-0.19666666666666718,0.39341666666666664,True,0.0,True
100,460,-0.39666666666666517,-0.586666666666666,-0.20666666666666655,0.37999999999999945,True,0.0,True
100,461,-0.39666666666666783,-0.5966666666666662,-0.19658333333333433,0.4000833333333319,True,0.0,True
100,462,-0.3966666666666665,-0.5799999999999996,-0.2099166666666658,0.3700833333333338,True,0.0,True
100,463,-0.3966666666666674,-0.5800833333333336,-0.21999999999999975,0.36008333333333387,True,0.0,True
100,464,-0.3966666666666647,-0.5900833333333326,-0.20666666666666608,0.3834166666666665,True,0.0,True
100,465,-0.3966666666666674,-0.5900000000000003,-0.19666666666666674,0.39333333333333353,True,0.0,True
100,466,-0.3966666666666674,-0.5866666666666673,-0.19666666666666632,0.390000000000001,True,0.0005,True
100,467,-0.3966666666666674,-0.5899999999999999,-0.20991666666666708,0.3800833333333328,True,0.0,True
100,468,-0.3966666666666674,-0.586666666666666,-0.1933333333333329,0.3933333333333331,True,0.0,True
100,469,-0.39666666666666606,-0.580000000000001,-0.21333333333333382,0.36666666666666714,True,0.0,True
100,470,-0.3966666666666674,-0.5933333333333333,-0.20666666666666655,0.3866666666666667,True,0.0005,True
100,471,-0.3966666666666665,-0.5800833333333337,-0.20666666666666655,0.3734166666666672,True,0.0,True
100,472,-0.3966666666666674,-0.5933333333333342,-0.19991666666666685,0.3934166666666673,True,0.0,True
100,473,-0.39666666666666606,-0.583333333333333,-0.20333333333333314,0.3799999999999999,True,0.0,True
100,474,-0.3966666666666656,-0.5800000000000005,-0.20991666666666622,0.3700833333333343,True,0.0,True
100,475,-0.3966666666666665,-0.5933333333333333,-0.20324999999999982,0.39008333333333345,True,0.0,True
100,476,-0.39666666666666606,-0.583333333333333,-0.20666666666666744,0.3766666666666656,True,0.0,True
100,477,-0.3966666666666674,-0.5866666666666669,-0.21333333333333293,0.37333333333333396,True,0.0,True
100,478,-0.3966666666666674,-0.5966666666666662,-0.21325000000000008,0.3834166666666662,True,0.0,True
100,479,-0.3966666666666665,-0.5933333333333333,-0.21999999999999975,0.3733333333333335,True,0.0,True
100,480,-0.3966666666666665,-0.5900000000000003,-0.21333333333333293,0.37666666666666737,True,0.0,True
100,481,-0.3966666666666674,-0.5899999999999999,-0.19999999999999973,0.3900000000000001,True,0.0,True
100,482,-0.39666666666666783,-0.5766666666666671,-0.20999999999999952,0.3666666666666676,True,0.0,True
100,483,-0.3966666666666674,-0.5933333333333328,-0.20333333333333314,0.3899999999999997,True,0.0005,True
100,484,-0.3966666666666665,-0.583333333333333,-0.20325000000000115,0.3800833333333319,True,0.0,True
100,485,-0.3966666666666665,-0.586750000000001,-0.20991666666666625,0.37683333333333474,True,0.0,True
100,486,-0.3966666666666665,-0.5866666666666664,-0.2032500000000003,0.3834166666666662,True,0.0,True
100,487,-0.39666666666666783,-0.6000000000000005,-0.1966666666666672,0.4033333333333333,True,0.0005,True
100,488,-0.3966666666666674,-0.5934166666666674,-0.20333333333333314,0.3900833333333342,True,0.0005,True
100,489,-0.3966666666666665,-0.6033333333333322,-0.206666666666667,0.39666666666666517,True,0.0005,True
100,490,-0.3966666666666665,-0.5933333333333328,-0.19658333333333305,0.39674999999999977,True,0.0005,True
100,491,-0.3966666666666665,-0.5933333333333324,-0.2099999999999995,0.38333333333333286,True,0.0005,True
100,492,-0.3966666666666665,-0.5966666666666671,-0.21666666666666634,0.3800000000000008,True,0.0005,True
100,493,-0.3966666666666665,-0.5899999999999994,-0.21658333333333263,0.3734166666666668,True,0.0,True
100,494,-0.3966666666666656,-0.5834166666666675,-0.2033333333333336,0.3800833333333339,True,0.0,True
100,495,-0.3966666666666656,-0.5934166666666665,-0.20666666666666655,0.3867499999999999,True,0.0005,True
100,496,-0.3966666666666665,-0.6000000000000005,-0.20666666666666608,0.3933333333333344,True,0.0,True
100,497,-0.3966666666666665,-0.5933333333333337,-0.19666666666666766,0.39666666666666606,True,0.0,True
100,498,-0.39666666666666783,-0.5833333333333335,-0.19999999999999926,0.3833333333333342,True,0.0,True
100,499,-0.3966666666666674,-0.5934166666666669,-0.19999999999999973,0.3934166666666672,True,0.0,True
